2024-08-06 17:52:39,495 [Worker-7: Loading available Gradle versions] INFO  o.e.b.c.i.u.g.PublishedGradleVersions - Gradle version information cache is out-of-date. Trying to update.
2024-08-06 17:53:50,645 [Worker-5: Building] INFO  o.e.m.c.i.l.LifecycleMappingFactory - Using org.eclipse.m2e.jdt.JarLifecycleMapping lifecycle mapping for MavenProject: com.example:spring_boot_backend_security_jwt_template:0.0.1 @ D:\Sunbeam_Cdac\CDAC\FinalProject_J004\Project\Project\spring_boot_backend_security_jwt_template\pom.xml.
2024-08-06 17:53:52,726 [Worker-5: Building] INFO  o.e.m.c.i.embedder.EclipseLogger - Using 'UTF-8' encoding to copy filtered resources.
2024-08-06 17:53:52,726 [Worker-5: Building] INFO  o.e.m.c.i.embedder.EclipseLogger - Using 'UTF-8' encoding to copy filtered properties files.
2024-08-06 17:53:52,726 [Worker-5: Building] INFO  o.e.m.c.i.embedder.EclipseLogger - Copying 1 resource
2024-08-06 17:53:52,742 [Worker-5: Building] INFO  o.e.m.c.i.embedder.EclipseLogger - Copying 0 resource
2024-08-06 17:53:52,742 [Worker-5: Building] INFO  o.e.m.c.i.embedder.EclipseLogger - Using 'UTF-8' encoding to copy filtered resources.
2024-08-06 17:53:52,742 [Worker-5: Building] INFO  o.e.m.c.i.embedder.EclipseLogger - Using 'UTF-8' encoding to copy filtered properties files.
2024-08-06 17:53:52,742 [Worker-5: Building] INFO  o.e.m.c.i.embedder.EclipseLogger - skip non existing resourceDirectory D:\Sunbeam_Cdac\CDAC\FinalProject_J004\Project\Project\spring_boot_backend_security_jwt_template\src\test\resources
2024-08-06 17:53:56,383 [Worker-5: Building] INFO  o.e.m.c.i.embedder.EclipseLogger - Using 'UTF-8' encoding to copy filtered resources.
2024-08-06 17:53:56,383 [Worker-5: Building] INFO  o.e.m.c.i.embedder.EclipseLogger - Using 'UTF-8' encoding to copy filtered properties files.
2024-08-06 17:53:56,399 [Worker-5: Building] INFO  o.e.m.c.i.embedder.EclipseLogger - Copying 1 resource
2024-08-06 17:53:56,399 [Worker-5: Building] INFO  o.e.m.c.i.embedder.EclipseLogger - Copying 0 resource
2024-08-06 17:53:56,399 [Worker-5: Building] INFO  o.e.m.c.i.embedder.EclipseLogger - Using 'UTF-8' encoding to copy filtered resources.
2024-08-06 17:53:56,399 [Worker-5: Building] INFO  o.e.m.c.i.embedder.EclipseLogger - Using 'UTF-8' encoding to copy filtered properties files.
2024-08-06 17:53:56,399 [Worker-5: Building] INFO  o.e.m.c.i.embedder.EclipseLogger - skip non existing resourceDirectory D:\Sunbeam_Cdac\CDAC\FinalProject_J004\Project\Project\spring_boot_backend_security_jwt_template\src\test\resources
2024-08-06 17:54:15,544 [Worker-8: Building] INFO  o.e.m.c.i.embedder.EclipseLogger - Using 'UTF-8' encoding to copy filtered resources.
2024-08-06 17:54:15,544 [Worker-8: Building] INFO  o.e.m.c.i.embedder.EclipseLogger - Using 'UTF-8' encoding to copy filtered properties files.
2024-08-06 17:54:15,544 [Worker-8: Building] INFO  o.e.m.c.i.embedder.EclipseLogger - Copying 1 resource
2024-08-06 17:54:15,544 [Worker-8: Building] INFO  o.e.m.c.i.embedder.EclipseLogger - Copying 0 resource
2024-08-06 17:54:15,559 [Worker-8: Building] INFO  o.e.m.c.i.embedder.EclipseLogger - Using 'UTF-8' encoding to copy filtered resources.
2024-08-06 17:54:15,559 [Worker-8: Building] INFO  o.e.m.c.i.embedder.EclipseLogger - Using 'UTF-8' encoding to copy filtered properties files.
2024-08-06 17:54:15,559 [Worker-8: Building] INFO  o.e.m.c.i.embedder.EclipseLogger - skip non existing resourceDirectory D:\Sunbeam_Cdac\CDAC\FinalProject_J004\Project\Project\spring_boot_backend_security_jwt_template\src\test\resources
2024-08-06 17:54:31,596 [Worker-12: Updating Maven Project] INFO  o.e.m.c.i.p.ProjectConfigurationManager - Update started
2024-08-06 17:54:32,080 [Worker-12: Updating Maven Project] INFO  o.e.m.c.i.l.LifecycleMappingFactory - Using org.eclipse.m2e.jdt.JarLifecycleMapping lifecycle mapping for MavenProject: com.example:spring_boot_backend_security_jwt_template:0.0.1 @ D:\Sunbeam_Cdac\CDAC\FinalProject_J004\Project\Project\spring_boot_backend_security_jwt_template\pom.xml.
2024-08-06 17:54:32,753 [Worker-12: Updating Maven Project] INFO  o.e.m.j.i.AbstractJavaProjectConfigurator - Adding source folder /spring_boot_backend_security_jwt_template/src/main/java
2024-08-06 17:54:32,753 [Worker-12: Updating Maven Project] INFO  o.e.m.j.i.AbstractJavaProjectConfigurator - Adding resource folder /spring_boot_backend_security_jwt_template/src/main/resources
2024-08-06 17:54:32,753 [Worker-12: Updating Maven Project] INFO  o.e.m.j.i.AbstractJavaProjectConfigurator - Adding resource folder /spring_boot_backend_security_jwt_template/src/main/resources
2024-08-06 17:54:32,769 [Worker-12: Updating Maven Project] INFO  o.e.m.j.i.AbstractJavaProjectConfigurator - Adding source folder /spring_boot_backend_security_jwt_template/src/test/java
2024-08-06 17:54:33,020 [Worker-12: Updating Maven Project] INFO  o.e.m.c.i.p.ProjectConfigurationManager - Update completed: 1 sec
2024-08-06 17:54:34,426 [Worker-0: Building] INFO  o.e.m.c.i.embedder.EclipseLogger - Using 'UTF-8' encoding to copy filtered resources.
2024-08-06 17:54:34,426 [Worker-0: Building] INFO  o.e.m.c.i.embedder.EclipseLogger - Using 'UTF-8' encoding to copy filtered properties files.
2024-08-06 17:54:34,426 [Worker-0: Building] INFO  o.e.m.c.i.embedder.EclipseLogger - Copying 1 resource
2024-08-06 17:54:34,442 [Worker-0: Building] INFO  o.e.m.c.i.embedder.EclipseLogger - Copying 0 resource
2024-08-06 17:54:34,442 [Worker-0: Building] INFO  o.e.m.c.i.embedder.EclipseLogger - Using 'UTF-8' encoding to copy filtered resources.
2024-08-06 17:54:34,442 [Worker-0: Building] INFO  o.e.m.c.i.embedder.EclipseLogger - Using 'UTF-8' encoding to copy filtered properties files.
2024-08-06 17:54:34,442 [Worker-0: Building] INFO  o.e.m.c.i.embedder.EclipseLogger - skip non existing resourceDirectory D:\Sunbeam_Cdac\CDAC\FinalProject_J004\Project\Project\spring_boot_backend_security_jwt_template\src\test\resources
2024-08-06 17:55:31,979 [Worker-6: Building] INFO  o.e.m.c.i.embedder.EclipseLogger - Using 'UTF-8' encoding to copy filtered resources.
2024-08-06 17:55:31,979 [Worker-6: Building] INFO  o.e.m.c.i.embedder.EclipseLogger - Using 'UTF-8' encoding to copy filtered properties files.
2024-08-06 17:55:31,979 [Worker-6: Building] INFO  o.e.m.c.i.embedder.EclipseLogger - Copying 0 resource
2024-08-06 17:55:31,979 [Worker-6: Building] INFO  o.e.m.c.i.embedder.EclipseLogger - Copying 0 resource
2024-08-06 17:55:31,979 [Worker-6: Building] INFO  o.e.m.c.i.embedder.EclipseLogger - Using 'UTF-8' encoding to copy filtered resources.
2024-08-06 17:55:31,979 [Worker-6: Building] INFO  o.e.m.c.i.embedder.EclipseLogger - Using 'UTF-8' encoding to copy filtered properties files.
2024-08-06 17:55:31,979 [Worker-6: Building] INFO  o.e.m.c.i.embedder.EclipseLogger - skip non existing resourceDirectory D:\Sunbeam_Cdac\CDAC\FinalProject_J004\Project\Project\spring_boot_backend_security_jwt_template\src\test\resources
2024-08-06 17:55:42,341 [Worker-14: Updating Maven Project] INFO  o.e.m.c.i.p.ProjectConfigurationManager - Update started
2024-08-06 17:55:42,809 [Worker-14: Updating Maven Project] INFO  o.e.m.c.i.l.LifecycleMappingFactory - Using org.eclipse.m2e.jdt.JarLifecycleMapping lifecycle mapping for MavenProject: com.example:spring_boot_backend_security_jwt_template:0.0.1 @ D:\Sunbeam_Cdac\CDAC\FinalProject_J004\Project\Project\spring_boot_backend_security_jwt_template\pom.xml.
2024-08-06 17:55:43,466 [Worker-14: Updating Maven Project] INFO  o.e.m.j.i.AbstractJavaProjectConfigurator - Adding source folder /spring_boot_backend_security_jwt_template/src/main/java
2024-08-06 17:55:43,466 [Worker-14: Updating Maven Project] INFO  o.e.m.j.i.AbstractJavaProjectConfigurator - Adding resource folder /spring_boot_backend_security_jwt_template/src/main/resources
2024-08-06 17:55:43,466 [Worker-14: Updating Maven Project] INFO  o.e.m.j.i.AbstractJavaProjectConfigurator - Adding resource folder /spring_boot_backend_security_jwt_template/src/main/resources
2024-08-06 17:55:43,466 [Worker-14: Updating Maven Project] INFO  o.e.m.j.i.AbstractJavaProjectConfigurator - Adding source folder /spring_boot_backend_security_jwt_template/src/test/java
2024-08-06 17:55:43,638 [Worker-14: Updating Maven Project] INFO  o.e.m.c.i.p.ProjectConfigurationManager - Update completed: 1 sec
2024-08-06 17:55:44,701 [Worker-17: Building] INFO  o.e.m.c.i.embedder.EclipseLogger - Using 'UTF-8' encoding to copy filtered resources.
2024-08-06 17:55:44,701 [Worker-17: Building] INFO  o.e.m.c.i.embedder.EclipseLogger - Using 'UTF-8' encoding to copy filtered properties files.
2024-08-06 17:55:44,701 [Worker-17: Building] INFO  o.e.m.c.i.embedder.EclipseLogger - Copying 1 resource
2024-08-06 17:55:44,717 [Worker-17: Building] INFO  o.e.m.c.i.embedder.EclipseLogger - Copying 0 resource
2024-08-06 17:55:44,717 [Worker-17: Building] INFO  o.e.m.c.i.embedder.EclipseLogger - Using 'UTF-8' encoding to copy filtered resources.
2024-08-06 17:55:44,717 [Worker-17: Building] INFO  o.e.m.c.i.embedder.EclipseLogger - Using 'UTF-8' encoding to copy filtered properties files.
2024-08-06 17:55:44,717 [Worker-17: Building] INFO  o.e.m.c.i.embedder.EclipseLogger - skip non existing resourceDirectory D:\Sunbeam_Cdac\CDAC\FinalProject_J004\Project\Project\spring_boot_backend_security_jwt_template\src\test\resources
2024-08-06 17:56:09,002 [Worker-14: Building] INFO  o.e.m.c.i.embedder.EclipseLogger - Using 'UTF-8' encoding to copy filtered resources.
2024-08-06 17:56:09,002 [Worker-14: Building] INFO  o.e.m.c.i.embedder.EclipseLogger - Using 'UTF-8' encoding to copy filtered properties files.
2024-08-06 17:56:09,002 [Worker-14: Building] INFO  o.e.m.c.i.embedder.EclipseLogger - Copying 1 resource
2024-08-06 17:56:09,033 [Worker-14: Building] INFO  o.e.m.c.i.embedder.EclipseLogger - Copying 0 resource
2024-08-06 17:56:09,033 [Worker-14: Building] INFO  o.e.m.c.i.embedder.EclipseLogger - Using 'UTF-8' encoding to copy filtered resources.
2024-08-06 17:56:09,033 [Worker-14: Building] INFO  o.e.m.c.i.embedder.EclipseLogger - Using 'UTF-8' encoding to copy filtered properties files.
2024-08-06 17:56:09,033 [Worker-14: Building] INFO  o.e.m.c.i.embedder.EclipseLogger - skip non existing resourceDirectory D:\Sunbeam_Cdac\CDAC\FinalProject_J004\Project\Project\spring_boot_backend_security_jwt_template\src\test\resources
2024-08-06 17:56:35,962 [Worker-16: Building] INFO  o.e.m.c.i.embedder.EclipseLogger - Using 'UTF-8' encoding to copy filtered resources.
2024-08-06 17:56:35,962 [Worker-16: Building] INFO  o.e.m.c.i.embedder.EclipseLogger - Using 'UTF-8' encoding to copy filtered properties files.
2024-08-06 17:56:35,962 [Worker-16: Building] INFO  o.e.m.c.i.embedder.EclipseLogger - Copying 1 resource
2024-08-06 17:56:35,993 [Worker-16: Building] INFO  o.e.m.c.i.embedder.EclipseLogger - Copying 0 resource
2024-08-06 17:56:35,993 [Worker-16: Building] INFO  o.e.m.c.i.embedder.EclipseLogger - Using 'UTF-8' encoding to copy filtered resources.
2024-08-06 17:56:35,993 [Worker-16: Building] INFO  o.e.m.c.i.embedder.EclipseLogger - Using 'UTF-8' encoding to copy filtered properties files.
2024-08-06 17:56:35,993 [Worker-16: Building] INFO  o.e.m.c.i.embedder.EclipseLogger - skip non existing resourceDirectory D:\Sunbeam_Cdac\CDAC\FinalProject_J004\Project\Project\spring_boot_backend_security_jwt_template\src\test\resources
2024-08-06 17:57:15,715 [Worker-16: Building] INFO  o.e.m.c.i.embedder.EclipseLogger - Using 'UTF-8' encoding to copy filtered resources.
2024-08-06 17:57:15,715 [Worker-16: Building] INFO  o.e.m.c.i.embedder.EclipseLogger - Using 'UTF-8' encoding to copy filtered properties files.
2024-08-06 17:57:15,715 [Worker-16: Building] INFO  o.e.m.c.i.embedder.EclipseLogger - Copying 1 resource
2024-08-06 17:57:15,731 [Worker-16: Building] INFO  o.e.m.c.i.embedder.EclipseLogger - Copying 0 resource
2024-08-06 17:57:15,731 [Worker-16: Building] INFO  o.e.m.c.i.embedder.EclipseLogger - Using 'UTF-8' encoding to copy filtered resources.
2024-08-06 17:57:15,731 [Worker-16: Building] INFO  o.e.m.c.i.embedder.EclipseLogger - Using 'UTF-8' encoding to copy filtered properties files.
2024-08-06 17:57:15,731 [Worker-16: Building] INFO  o.e.m.c.i.embedder.EclipseLogger - skip non existing resourceDirectory D:\Sunbeam_Cdac\CDAC\FinalProject_J004\Project\Project\spring_boot_backend_security_jwt_template\src\test\resources
2024-08-06 17:58:06,172 [Worker-14: Building] INFO  o.e.m.c.i.embedder.EclipseLogger - Using 'UTF-8' encoding to copy filtered resources.
2024-08-06 17:58:06,172 [Worker-14: Building] INFO  o.e.m.c.i.embedder.EclipseLogger - Using 'UTF-8' encoding to copy filtered properties files.
2024-08-06 17:58:06,172 [Worker-14: Building] INFO  o.e.m.c.i.embedder.EclipseLogger - Copying 1 resource
2024-08-06 17:58:06,172 [Worker-14: Building] INFO  o.e.m.c.i.embedder.EclipseLogger - Copying 0 resource
2024-08-06 17:58:06,187 [Worker-14: Building] INFO  o.e.m.c.i.embedder.EclipseLogger - Using 'UTF-8' encoding to copy filtered resources.
2024-08-06 17:58:06,187 [Worker-14: Building] INFO  o.e.m.c.i.embedder.EclipseLogger - Using 'UTF-8' encoding to copy filtered properties files.
2024-08-06 17:58:06,187 [Worker-14: Building] INFO  o.e.m.c.i.embedder.EclipseLogger - skip non existing resourceDirectory D:\Sunbeam_Cdac\CDAC\FinalProject_J004\Project\Project\spring_boot_backend_security_jwt_template\src\test\resources
2024-08-07 00:37:54,879 [Worker-20: Building] INFO  o.e.m.c.i.embedder.EclipseLogger - Using 'UTF-8' encoding to copy filtered resources.
2024-08-07 00:37:54,879 [Worker-20: Building] INFO  o.e.m.c.i.embedder.EclipseLogger - Using 'UTF-8' encoding to copy filtered properties files.
2024-08-07 00:37:54,879 [Worker-20: Building] INFO  o.e.m.c.i.embedder.EclipseLogger - Copying 1 resource
2024-08-07 00:37:54,879 [Worker-20: Building] INFO  o.e.m.c.i.embedder.EclipseLogger - Copying 0 resource
2024-08-07 00:37:54,895 [Worker-20: Building] INFO  o.e.m.c.i.embedder.EclipseLogger - Using 'UTF-8' encoding to copy filtered resources.
2024-08-07 00:37:54,895 [Worker-20: Building] INFO  o.e.m.c.i.embedder.EclipseLogger - Using 'UTF-8' encoding to copy filtered properties files.
2024-08-07 00:37:54,895 [Worker-20: Building] INFO  o.e.m.c.i.embedder.EclipseLogger - skip non existing resourceDirectory D:\Sunbeam_Cdac\CDAC\FinalProject_J004\Project\Project\spring_boot_backend_security_jwt_template\src\test\resources
2024-08-07 00:38:00,240 [Worker-29: Building] INFO  o.e.m.c.i.embedder.EclipseLogger - Using 'UTF-8' encoding to copy filtered resources.
2024-08-07 00:38:00,240 [Worker-29: Building] INFO  o.e.m.c.i.embedder.EclipseLogger - Using 'UTF-8' encoding to copy filtered properties files.
2024-08-07 00:38:00,240 [Worker-29: Building] INFO  o.e.m.c.i.embedder.EclipseLogger - Copying 1 resource
2024-08-07 00:38:00,255 [Worker-29: Building] INFO  o.e.m.c.i.embedder.EclipseLogger - Copying 0 resource
2024-08-07 00:38:00,255 [Worker-29: Building] INFO  o.e.m.c.i.embedder.EclipseLogger - Using 'UTF-8' encoding to copy filtered resources.
2024-08-07 00:38:00,255 [Worker-29: Building] INFO  o.e.m.c.i.embedder.EclipseLogger - Using 'UTF-8' encoding to copy filtered properties files.
2024-08-07 00:38:00,255 [Worker-29: Building] INFO  o.e.m.c.i.embedder.EclipseLogger - skip non existing resourceDirectory D:\Sunbeam_Cdac\CDAC\FinalProject_J004\Project\Project\spring_boot_backend_security_jwt_template\src\test\resources
2024-08-07 00:55:29,053 [Worker-37: Building] INFO  o.e.m.c.i.embedder.EclipseLogger - Using 'UTF-8' encoding to copy filtered resources.
2024-08-07 00:55:29,053 [Worker-37: Building] INFO  o.e.m.c.i.embedder.EclipseLogger - Using 'UTF-8' encoding to copy filtered properties files.
2024-08-07 00:55:29,053 [Worker-37: Building] INFO  o.e.m.c.i.embedder.EclipseLogger - Copying 1 resource
2024-08-07 00:55:29,053 [Worker-37: Building] INFO  o.e.m.c.i.embedder.EclipseLogger - Copying 0 resource
2024-08-07 00:55:29,053 [Worker-37: Building] INFO  o.e.m.c.i.embedder.EclipseLogger - Using 'UTF-8' encoding to copy filtered resources.
2024-08-07 00:55:29,053 [Worker-37: Building] INFO  o.e.m.c.i.embedder.EclipseLogger - Using 'UTF-8' encoding to copy filtered properties files.
2024-08-07 00:55:29,053 [Worker-37: Building] INFO  o.e.m.c.i.embedder.EclipseLogger - skip non existing resourceDirectory D:\Sunbeam_Cdac\CDAC\FinalProject_J004\Project\Project\spring_boot_backend_security_jwt_template\src\test\resources
2024-08-07 00:55:50,660 [Worker-39: Building] INFO  o.e.m.c.i.embedder.EclipseLogger - Using 'UTF-8' encoding to copy filtered resources.
2024-08-07 00:55:50,660 [Worker-39: Building] INFO  o.e.m.c.i.embedder.EclipseLogger - Using 'UTF-8' encoding to copy filtered properties files.
2024-08-07 00:55:50,660 [Worker-39: Building] INFO  o.e.m.c.i.embedder.EclipseLogger - Copying 1 resource
2024-08-07 00:55:50,676 [Worker-39: Building] INFO  o.e.m.c.i.embedder.EclipseLogger - Copying 0 resource
2024-08-07 00:55:50,676 [Worker-39: Building] INFO  o.e.m.c.i.embedder.EclipseLogger - Using 'UTF-8' encoding to copy filtered resources.
2024-08-07 00:55:50,676 [Worker-39: Building] INFO  o.e.m.c.i.embedder.EclipseLogger - Using 'UTF-8' encoding to copy filtered properties files.
2024-08-07 00:55:50,676 [Worker-39: Building] INFO  o.e.m.c.i.embedder.EclipseLogger - skip non existing resourceDirectory D:\Sunbeam_Cdac\CDAC\FinalProject_J004\Project\Project\spring_boot_backend_security_jwt_template\src\test\resources
2024-08-07 00:56:17,259 [Worker-38: Building] INFO  o.e.m.c.i.embedder.EclipseLogger - Using 'UTF-8' encoding to copy filtered resources.
2024-08-07 00:56:17,259 [Worker-38: Building] INFO  o.e.m.c.i.embedder.EclipseLogger - Using 'UTF-8' encoding to copy filtered properties files.
2024-08-07 00:56:17,259 [Worker-38: Building] INFO  o.e.m.c.i.embedder.EclipseLogger - Copying 1 resource
2024-08-07 00:56:17,259 [Worker-38: Building] INFO  o.e.m.c.i.embedder.EclipseLogger - Copying 0 resource
2024-08-07 00:56:17,259 [Worker-38: Building] INFO  o.e.m.c.i.embedder.EclipseLogger - Using 'UTF-8' encoding to copy filtered resources.
2024-08-07 00:56:17,259 [Worker-38: Building] INFO  o.e.m.c.i.embedder.EclipseLogger - Using 'UTF-8' encoding to copy filtered properties files.
2024-08-07 00:56:17,259 [Worker-38: Building] INFO  o.e.m.c.i.embedder.EclipseLogger - skip non existing resourceDirectory D:\Sunbeam_Cdac\CDAC\FinalProject_J004\Project\Project\spring_boot_backend_security_jwt_template\src\test\resources
2024-08-07 00:59:01,220 [Worker-37: Building] INFO  o.e.m.c.i.embedder.EclipseLogger - Using 'UTF-8' encoding to copy filtered resources.
2024-08-07 00:59:01,220 [Worker-37: Building] INFO  o.e.m.c.i.embedder.EclipseLogger - Using 'UTF-8' encoding to copy filtered properties files.
2024-08-07 00:59:01,220 [Worker-37: Building] INFO  o.e.m.c.i.embedder.EclipseLogger - Copying 1 resource
2024-08-07 00:59:01,236 [Worker-37: Building] INFO  o.e.m.c.i.embedder.EclipseLogger - Copying 0 resource
2024-08-07 00:59:01,236 [Worker-37: Building] INFO  o.e.m.c.i.embedder.EclipseLogger - Using 'UTF-8' encoding to copy filtered resources.
2024-08-07 00:59:01,236 [Worker-37: Building] INFO  o.e.m.c.i.embedder.EclipseLogger - Using 'UTF-8' encoding to copy filtered properties files.
2024-08-07 00:59:01,236 [Worker-37: Building] INFO  o.e.m.c.i.embedder.EclipseLogger - skip non existing resourceDirectory D:\Sunbeam_Cdac\CDAC\FinalProject_J004\Project\Project\spring_boot_backend_security_jwt_template\src\test\resources
2024-08-07 01:13:46,681 [Worker-42: Building] INFO  o.e.m.c.i.embedder.EclipseLogger - Using 'UTF-8' encoding to copy filtered resources.
2024-08-07 01:13:46,681 [Worker-42: Building] INFO  o.e.m.c.i.embedder.EclipseLogger - Using 'UTF-8' encoding to copy filtered properties files.
2024-08-07 01:13:46,681 [Worker-42: Building] INFO  o.e.m.c.i.embedder.EclipseLogger - Copying 1 resource
2024-08-07 01:13:46,696 [Worker-42: Building] INFO  o.e.m.c.i.embedder.EclipseLogger - Copying 0 resource
2024-08-07 01:13:46,696 [Worker-42: Building] INFO  o.e.m.c.i.embedder.EclipseLogger - Using 'UTF-8' encoding to copy filtered resources.
2024-08-07 01:13:46,696 [Worker-42: Building] INFO  o.e.m.c.i.embedder.EclipseLogger - Using 'UTF-8' encoding to copy filtered properties files.
2024-08-07 01:13:46,696 [Worker-42: Building] INFO  o.e.m.c.i.embedder.EclipseLogger - skip non existing resourceDirectory D:\Sunbeam_Cdac\CDAC\FinalProject_J004\Project\Project\spring_boot_backend_security_jwt_template\src\test\resources
2024-08-07 01:17:38,562 [Worker-42: Building] INFO  o.e.m.c.i.embedder.EclipseLogger - Using 'UTF-8' encoding to copy filtered resources.
2024-08-07 01:17:38,562 [Worker-42: Building] INFO  o.e.m.c.i.embedder.EclipseLogger - Using 'UTF-8' encoding to copy filtered properties files.
2024-08-07 01:17:38,562 [Worker-42: Building] INFO  o.e.m.c.i.embedder.EclipseLogger - Copying 1 resource
2024-08-07 01:17:38,578 [Worker-42: Building] INFO  o.e.m.c.i.embedder.EclipseLogger - Copying 0 resource
2024-08-07 01:17:38,578 [Worker-42: Building] INFO  o.e.m.c.i.embedder.EclipseLogger - Using 'UTF-8' encoding to copy filtered resources.
2024-08-07 01:17:38,578 [Worker-42: Building] INFO  o.e.m.c.i.embedder.EclipseLogger - Using 'UTF-8' encoding to copy filtered properties files.
2024-08-07 01:17:38,578 [Worker-42: Building] INFO  o.e.m.c.i.embedder.EclipseLogger - skip non existing resourceDirectory D:\Sunbeam_Cdac\CDAC\FinalProject_J004\Project\Project\spring_boot_backend_security_jwt_template\src\test\resources
2024-08-07 01:45:21,905 [Worker-50: Building] INFO  o.e.m.c.i.embedder.EclipseLogger - Using 'UTF-8' encoding to copy filtered resources.
2024-08-07 01:45:21,905 [Worker-50: Building] INFO  o.e.m.c.i.embedder.EclipseLogger - Using 'UTF-8' encoding to copy filtered properties files.
2024-08-07 01:45:21,905 [Worker-50: Building] INFO  o.e.m.c.i.embedder.EclipseLogger - Copying 1 resource
2024-08-07 01:45:21,921 [Worker-50: Building] INFO  o.e.m.c.i.embedder.EclipseLogger - Copying 0 resource
2024-08-07 01:45:21,921 [Worker-50: Building] INFO  o.e.m.c.i.embedder.EclipseLogger - Using 'UTF-8' encoding to copy filtered resources.
2024-08-07 01:45:21,921 [Worker-50: Building] INFO  o.e.m.c.i.embedder.EclipseLogger - Using 'UTF-8' encoding to copy filtered properties files.
2024-08-07 01:45:21,921 [Worker-50: Building] INFO  o.e.m.c.i.embedder.EclipseLogger - skip non existing resourceDirectory D:\Sunbeam_Cdac\CDAC\FinalProject_J004\Project\Project\spring_boot_backend_security_jwt_template\src\test\resources
2024-08-07 01:45:51,461 [Worker-50: Building] INFO  o.e.m.c.i.embedder.EclipseLogger - Using 'UTF-8' encoding to copy filtered resources.
2024-08-07 01:45:51,461 [Worker-50: Building] INFO  o.e.m.c.i.embedder.EclipseLogger - Using 'UTF-8' encoding to copy filtered properties files.
2024-08-07 01:45:51,461 [Worker-50: Building] INFO  o.e.m.c.i.embedder.EclipseLogger - Copying 1 resource
2024-08-07 01:45:51,492 [Worker-50: Building] INFO  o.e.m.c.i.embedder.EclipseLogger - Copying 0 resource
2024-08-07 01:45:51,492 [Worker-50: Building] INFO  o.e.m.c.i.embedder.EclipseLogger - Using 'UTF-8' encoding to copy filtered resources.
2024-08-07 01:45:51,492 [Worker-50: Building] INFO  o.e.m.c.i.embedder.EclipseLogger - Using 'UTF-8' encoding to copy filtered properties files.
2024-08-07 01:45:51,492 [Worker-50: Building] INFO  o.e.m.c.i.embedder.EclipseLogger - skip non existing resourceDirectory D:\Sunbeam_Cdac\CDAC\FinalProject_J004\Project\Project\spring_boot_backend_security_jwt_template\src\test\resources
2024-08-07 01:46:12,767 [Worker-44: Building] INFO  o.e.m.c.i.embedder.EclipseLogger - Using 'UTF-8' encoding to copy filtered resources.
2024-08-07 01:46:12,767 [Worker-44: Building] INFO  o.e.m.c.i.embedder.EclipseLogger - Using 'UTF-8' encoding to copy filtered properties files.
2024-08-07 01:46:12,767 [Worker-44: Building] INFO  o.e.m.c.i.embedder.EclipseLogger - Copying 1 resource
2024-08-07 01:46:12,799 [Worker-44: Building] INFO  o.e.m.c.i.embedder.EclipseLogger - Copying 0 resource
2024-08-07 01:46:12,799 [Worker-44: Building] INFO  o.e.m.c.i.embedder.EclipseLogger - Using 'UTF-8' encoding to copy filtered resources.
2024-08-07 01:46:12,799 [Worker-44: Building] INFO  o.e.m.c.i.embedder.EclipseLogger - Using 'UTF-8' encoding to copy filtered properties files.
2024-08-07 01:46:12,799 [Worker-44: Building] INFO  o.e.m.c.i.embedder.EclipseLogger - skip non existing resourceDirectory D:\Sunbeam_Cdac\CDAC\FinalProject_J004\Project\Project\spring_boot_backend_security_jwt_template\src\test\resources
2024-08-07 04:05:25,794 [Worker-0: Loading available Gradle versions] INFO  o.e.b.c.i.u.g.PublishedGradleVersions - Gradle version information cache is up-to-date. Trying to read.
2024-08-07 04:06:55,711 [Worker-15: Building] INFO  o.e.m.c.i.embedder.EclipseLogger - Using 'UTF-8' encoding to copy filtered resources.
2024-08-07 04:06:55,711 [Worker-15: Building] INFO  o.e.m.c.i.embedder.EclipseLogger - Using 'UTF-8' encoding to copy filtered properties files.
2024-08-07 04:06:55,726 [Worker-15: Building] INFO  o.e.m.c.i.embedder.EclipseLogger - Copying 1 resource
2024-08-07 04:06:55,757 [Worker-15: Building] INFO  o.e.m.c.i.embedder.EclipseLogger - Copying 0 resource
2024-08-07 04:06:55,757 [Worker-15: Building] INFO  o.e.m.c.i.embedder.EclipseLogger - Using 'UTF-8' encoding to copy filtered resources.
2024-08-07 04:06:55,757 [Worker-15: Building] INFO  o.e.m.c.i.embedder.EclipseLogger - Using 'UTF-8' encoding to copy filtered properties files.
2024-08-07 04:06:55,757 [Worker-15: Building] INFO  o.e.m.c.i.embedder.EclipseLogger - skip non existing resourceDirectory D:\Sunbeam_Cdac\CDAC\FinalProject_J004\Project\Project\spring_boot_backend_security_jwt_template\src\test\resources
2024-08-07 05:08:10,706 [Worker-16: Building] INFO  o.e.m.c.i.embedder.EclipseLogger - Using 'UTF-8' encoding to copy filtered resources.
2024-08-07 05:08:10,780 [Worker-16: Building] INFO  o.e.m.c.i.embedder.EclipseLogger - Using 'UTF-8' encoding to copy filtered properties files.
2024-08-07 05:08:10,780 [Worker-16: Building] INFO  o.e.m.c.i.embedder.EclipseLogger - Copying 1 resource
2024-08-07 05:08:10,807 [Worker-16: Building] INFO  o.e.m.c.i.embedder.EclipseLogger - Copying 0 resource
2024-08-07 05:08:10,807 [Worker-16: Building] INFO  o.e.m.c.i.embedder.EclipseLogger - Using 'UTF-8' encoding to copy filtered resources.
2024-08-07 05:08:10,807 [Worker-16: Building] INFO  o.e.m.c.i.embedder.EclipseLogger - Using 'UTF-8' encoding to copy filtered properties files.
2024-08-07 05:08:10,807 [Worker-16: Building] INFO  o.e.m.c.i.embedder.EclipseLogger - skip non existing resourceDirectory D:\Sunbeam_Cdac\CDAC\FinalProject_J004\Project\Project\spring_boot_backend_security_jwt_template\src\test\resources
2024-08-07 05:13:07,731 [Worker-19: Building] INFO  o.e.m.c.i.embedder.EclipseLogger - Using 'UTF-8' encoding to copy filtered resources.
2024-08-07 05:13:07,731 [Worker-19: Building] INFO  o.e.m.c.i.embedder.EclipseLogger - Using 'UTF-8' encoding to copy filtered properties files.
2024-08-07 05:13:07,731 [Worker-19: Building] INFO  o.e.m.c.i.embedder.EclipseLogger - Copying 1 resource
2024-08-07 05:13:07,748 [Worker-19: Building] INFO  o.e.m.c.i.embedder.EclipseLogger - Copying 0 resource
2024-08-07 05:13:07,752 [Worker-19: Building] INFO  o.e.m.c.i.embedder.EclipseLogger - Using 'UTF-8' encoding to copy filtered resources.
2024-08-07 05:13:07,752 [Worker-19: Building] INFO  o.e.m.c.i.embedder.EclipseLogger - Using 'UTF-8' encoding to copy filtered properties files.
2024-08-07 05:13:07,752 [Worker-19: Building] INFO  o.e.m.c.i.embedder.EclipseLogger - skip non existing resourceDirectory D:\Sunbeam_Cdac\CDAC\FinalProject_J004\Project\Project\spring_boot_backend_security_jwt_template\src\test\resources
2024-08-07 05:17:50,175 [Worker-25: Building] INFO  o.e.m.c.i.embedder.EclipseLogger - Using 'UTF-8' encoding to copy filtered resources.
2024-08-07 05:17:50,175 [Worker-25: Building] INFO  o.e.m.c.i.embedder.EclipseLogger - Using 'UTF-8' encoding to copy filtered properties files.
2024-08-07 05:17:50,176 [Worker-25: Building] INFO  o.e.m.c.i.embedder.EclipseLogger - Copying 1 resource
2024-08-07 05:17:50,183 [Worker-25: Building] INFO  o.e.m.c.i.embedder.EclipseLogger - Copying 0 resource
2024-08-07 05:17:50,187 [Worker-25: Building] INFO  o.e.m.c.i.embedder.EclipseLogger - Using 'UTF-8' encoding to copy filtered resources.
2024-08-07 05:17:50,187 [Worker-25: Building] INFO  o.e.m.c.i.embedder.EclipseLogger - Using 'UTF-8' encoding to copy filtered properties files.
2024-08-07 05:17:50,187 [Worker-25: Building] INFO  o.e.m.c.i.embedder.EclipseLogger - skip non existing resourceDirectory D:\Sunbeam_Cdac\CDAC\FinalProject_J004\Project\Project\spring_boot_backend_security_jwt_template\src\test\resources
2024-08-07 05:21:01,904 [Worker-25: Building] INFO  o.e.m.c.i.embedder.EclipseLogger - Using 'UTF-8' encoding to copy filtered resources.
2024-08-07 05:21:01,904 [Worker-25: Building] INFO  o.e.m.c.i.embedder.EclipseLogger - Using 'UTF-8' encoding to copy filtered properties files.
2024-08-07 05:21:01,920 [Worker-25: Building] INFO  o.e.m.c.i.embedder.EclipseLogger - Copying 1 resource
2024-08-07 05:21:01,920 [Worker-25: Building] INFO  o.e.m.c.i.embedder.EclipseLogger - Copying 0 resource
2024-08-07 05:21:01,920 [Worker-25: Building] INFO  o.e.m.c.i.embedder.EclipseLogger - Using 'UTF-8' encoding to copy filtered resources.
2024-08-07 05:21:01,920 [Worker-25: Building] INFO  o.e.m.c.i.embedder.EclipseLogger - Using 'UTF-8' encoding to copy filtered properties files.
2024-08-07 05:21:01,920 [Worker-25: Building] INFO  o.e.m.c.i.embedder.EclipseLogger - skip non existing resourceDirectory D:\Sunbeam_Cdac\CDAC\FinalProject_J004\Project\Project\spring_boot_backend_security_jwt_template\src\test\resources
2024-08-07 05:24:05,499 [Worker-29: Building] INFO  o.e.m.c.i.embedder.EclipseLogger - Using 'UTF-8' encoding to copy filtered resources.
2024-08-07 05:24:05,499 [Worker-29: Building] INFO  o.e.m.c.i.embedder.EclipseLogger - Using 'UTF-8' encoding to copy filtered properties files.
2024-08-07 05:24:05,500 [Worker-29: Building] INFO  o.e.m.c.i.embedder.EclipseLogger - Copying 1 resource
2024-08-07 05:24:05,509 [Worker-29: Building] INFO  o.e.m.c.i.embedder.EclipseLogger - Copying 0 resource
2024-08-07 05:24:05,511 [Worker-29: Building] INFO  o.e.m.c.i.embedder.EclipseLogger - Using 'UTF-8' encoding to copy filtered resources.
2024-08-07 05:24:05,511 [Worker-29: Building] INFO  o.e.m.c.i.embedder.EclipseLogger - Using 'UTF-8' encoding to copy filtered properties files.
2024-08-07 05:24:05,511 [Worker-29: Building] INFO  o.e.m.c.i.embedder.EclipseLogger - skip non existing resourceDirectory D:\Sunbeam_Cdac\CDAC\FinalProject_J004\Project\Project\spring_boot_backend_security_jwt_template\src\test\resources
2024-08-07 05:24:08,783 [Worker-30: Building] INFO  o.e.m.c.i.embedder.EclipseLogger - Using 'UTF-8' encoding to copy filtered resources.
2024-08-07 05:24:08,783 [Worker-30: Building] INFO  o.e.m.c.i.embedder.EclipseLogger - Using 'UTF-8' encoding to copy filtered properties files.
2024-08-07 05:24:08,784 [Worker-30: Building] INFO  o.e.m.c.i.embedder.EclipseLogger - Copying 1 resource
2024-08-07 05:24:08,793 [Worker-30: Building] INFO  o.e.m.c.i.embedder.EclipseLogger - Copying 0 resource
2024-08-07 05:24:08,796 [Worker-30: Building] INFO  o.e.m.c.i.embedder.EclipseLogger - Using 'UTF-8' encoding to copy filtered resources.
2024-08-07 05:24:08,796 [Worker-30: Building] INFO  o.e.m.c.i.embedder.EclipseLogger - Using 'UTF-8' encoding to copy filtered properties files.
2024-08-07 05:24:08,796 [Worker-30: Building] INFO  o.e.m.c.i.embedder.EclipseLogger - skip non existing resourceDirectory D:\Sunbeam_Cdac\CDAC\FinalProject_J004\Project\Project\spring_boot_backend_security_jwt_template\src\test\resources
2024-08-07 05:27:25,077 [Worker-31: Building] INFO  o.e.m.c.i.embedder.EclipseLogger - Using 'UTF-8' encoding to copy filtered resources.
2024-08-07 05:27:25,077 [Worker-31: Building] INFO  o.e.m.c.i.embedder.EclipseLogger - Using 'UTF-8' encoding to copy filtered properties files.
2024-08-07 05:27:25,077 [Worker-31: Building] INFO  o.e.m.c.i.embedder.EclipseLogger - Copying 1 resource
2024-08-07 05:27:25,093 [Worker-31: Building] INFO  o.e.m.c.i.embedder.EclipseLogger - Copying 0 resource
2024-08-07 05:27:25,093 [Worker-31: Building] INFO  o.e.m.c.i.embedder.EclipseLogger - Using 'UTF-8' encoding to copy filtered resources.
2024-08-07 05:27:25,093 [Worker-31: Building] INFO  o.e.m.c.i.embedder.EclipseLogger - Using 'UTF-8' encoding to copy filtered properties files.
2024-08-07 05:27:25,093 [Worker-31: Building] INFO  o.e.m.c.i.embedder.EclipseLogger - skip non existing resourceDirectory D:\Sunbeam_Cdac\CDAC\FinalProject_J004\Project\Project\spring_boot_backend_security_jwt_template\src\test\resources
2024-08-07 05:29:18,826 [Worker-31: Building] INFO  o.e.m.c.i.embedder.EclipseLogger - Using 'UTF-8' encoding to copy filtered resources.
2024-08-07 05:29:18,826 [Worker-31: Building] INFO  o.e.m.c.i.embedder.EclipseLogger - Using 'UTF-8' encoding to copy filtered properties files.
2024-08-07 05:29:18,826 [Worker-31: Building] INFO  o.e.m.c.i.embedder.EclipseLogger - Copying 1 resource
2024-08-07 05:29:18,826 [Worker-31: Building] INFO  o.e.m.c.i.embedder.EclipseLogger - Copying 0 resource
2024-08-07 05:29:18,842 [Worker-31: Building] INFO  o.e.m.c.i.embedder.EclipseLogger - Using 'UTF-8' encoding to copy filtered resources.
2024-08-07 05:29:18,842 [Worker-31: Building] INFO  o.e.m.c.i.embedder.EclipseLogger - Using 'UTF-8' encoding to copy filtered properties files.
2024-08-07 05:29:18,842 [Worker-31: Building] INFO  o.e.m.c.i.embedder.EclipseLogger - skip non existing resourceDirectory D:\Sunbeam_Cdac\CDAC\FinalProject_J004\Project\Project\spring_boot_backend_security_jwt_template\src\test\resources
2024-08-07 05:29:20,577 [Worker-32: Building] INFO  o.e.m.c.i.embedder.EclipseLogger - Using 'UTF-8' encoding to copy filtered resources.
2024-08-07 05:29:20,577 [Worker-32: Building] INFO  o.e.m.c.i.embedder.EclipseLogger - Using 'UTF-8' encoding to copy filtered properties files.
2024-08-07 05:29:20,577 [Worker-32: Building] INFO  o.e.m.c.i.embedder.EclipseLogger - Copying 1 resource
2024-08-07 05:29:20,577 [Worker-32: Building] INFO  o.e.m.c.i.embedder.EclipseLogger - Copying 0 resource
2024-08-07 05:29:20,577 [Worker-32: Building] INFO  o.e.m.c.i.embedder.EclipseLogger - Using 'UTF-8' encoding to copy filtered resources.
2024-08-07 05:29:20,577 [Worker-32: Building] INFO  o.e.m.c.i.embedder.EclipseLogger - Using 'UTF-8' encoding to copy filtered properties files.
2024-08-07 05:29:20,577 [Worker-32: Building] INFO  o.e.m.c.i.embedder.EclipseLogger - skip non existing resourceDirectory D:\Sunbeam_Cdac\CDAC\FinalProject_J004\Project\Project\spring_boot_backend_security_jwt_template\src\test\resources
2024-08-07 05:29:33,176 [Worker-32: Building] INFO  o.e.m.c.i.embedder.EclipseLogger - Using 'UTF-8' encoding to copy filtered resources.
2024-08-07 05:29:33,176 [Worker-32: Building] INFO  o.e.m.c.i.embedder.EclipseLogger - Using 'UTF-8' encoding to copy filtered properties files.
2024-08-07 05:29:33,176 [Worker-32: Building] INFO  o.e.m.c.i.embedder.EclipseLogger - Copying 1 resource
2024-08-07 05:29:33,192 [Worker-32: Building] INFO  o.e.m.c.i.embedder.EclipseLogger - Copying 0 resource
2024-08-07 05:29:33,192 [Worker-32: Building] INFO  o.e.m.c.i.embedder.EclipseLogger - Using 'UTF-8' encoding to copy filtered resources.
2024-08-07 05:29:33,192 [Worker-32: Building] INFO  o.e.m.c.i.embedder.EclipseLogger - Using 'UTF-8' encoding to copy filtered properties files.
2024-08-07 05:29:33,192 [Worker-32: Building] INFO  o.e.m.c.i.embedder.EclipseLogger - skip non existing resourceDirectory D:\Sunbeam_Cdac\CDAC\FinalProject_J004\Project\Project\spring_boot_backend_security_jwt_template\src\test\resources
2024-08-07 05:29:42,275 [Worker-32: Building] INFO  o.e.m.c.i.embedder.EclipseLogger - Using 'UTF-8' encoding to copy filtered resources.
2024-08-07 05:29:42,275 [Worker-32: Building] INFO  o.e.m.c.i.embedder.EclipseLogger - Using 'UTF-8' encoding to copy filtered properties files.
2024-08-07 05:29:42,275 [Worker-32: Building] INFO  o.e.m.c.i.embedder.EclipseLogger - Copying 1 resource
2024-08-07 05:29:42,290 [Worker-32: Building] INFO  o.e.m.c.i.embedder.EclipseLogger - Copying 0 resource
2024-08-07 05:29:42,290 [Worker-32: Building] INFO  o.e.m.c.i.embedder.EclipseLogger - Using 'UTF-8' encoding to copy filtered resources.
2024-08-07 05:29:42,290 [Worker-32: Building] INFO  o.e.m.c.i.embedder.EclipseLogger - Using 'UTF-8' encoding to copy filtered properties files.
2024-08-07 05:29:42,290 [Worker-32: Building] INFO  o.e.m.c.i.embedder.EclipseLogger - skip non existing resourceDirectory D:\Sunbeam_Cdac\CDAC\FinalProject_J004\Project\Project\spring_boot_backend_security_jwt_template\src\test\resources
2024-08-07 05:30:27,764 [Worker-34: Building] INFO  o.e.m.c.i.embedder.EclipseLogger - Using 'UTF-8' encoding to copy filtered resources.
2024-08-07 05:30:27,764 [Worker-34: Building] INFO  o.e.m.c.i.embedder.EclipseLogger - Using 'UTF-8' encoding to copy filtered properties files.
2024-08-07 05:30:27,764 [Worker-34: Building] INFO  o.e.m.c.i.embedder.EclipseLogger - Copying 1 resource
2024-08-07 05:30:27,780 [Worker-34: Building] INFO  o.e.m.c.i.embedder.EclipseLogger - Copying 0 resource
2024-08-07 05:30:27,780 [Worker-34: Building] INFO  o.e.m.c.i.embedder.EclipseLogger - Using 'UTF-8' encoding to copy filtered resources.
2024-08-07 05:30:27,780 [Worker-34: Building] INFO  o.e.m.c.i.embedder.EclipseLogger - Using 'UTF-8' encoding to copy filtered properties files.
2024-08-07 05:30:27,780 [Worker-34: Building] INFO  o.e.m.c.i.embedder.EclipseLogger - skip non existing resourceDirectory D:\Sunbeam_Cdac\CDAC\FinalProject_J004\Project\Project\spring_boot_backend_security_jwt_template\src\test\resources
2024-08-07 05:30:39,268 [Worker-34: Building] INFO  o.e.m.c.i.embedder.EclipseLogger - Using 'UTF-8' encoding to copy filtered resources.
2024-08-07 05:30:39,268 [Worker-34: Building] INFO  o.e.m.c.i.embedder.EclipseLogger - Using 'UTF-8' encoding to copy filtered properties files.
2024-08-07 05:30:39,268 [Worker-34: Building] INFO  o.e.m.c.i.embedder.EclipseLogger - Copying 1 resource
2024-08-07 05:30:39,268 [Worker-34: Building] INFO  o.e.m.c.i.embedder.EclipseLogger - Copying 0 resource
2024-08-07 05:30:39,283 [Worker-34: Building] INFO  o.e.m.c.i.embedder.EclipseLogger - Using 'UTF-8' encoding to copy filtered resources.
2024-08-07 05:30:39,283 [Worker-34: Building] INFO  o.e.m.c.i.embedder.EclipseLogger - Using 'UTF-8' encoding to copy filtered properties files.
2024-08-07 05:30:39,283 [Worker-34: Building] INFO  o.e.m.c.i.embedder.EclipseLogger - skip non existing resourceDirectory D:\Sunbeam_Cdac\CDAC\FinalProject_J004\Project\Project\spring_boot_backend_security_jwt_template\src\test\resources
2024-08-07 05:32:59,798 [Worker-29: Building] INFO  o.e.m.c.i.embedder.EclipseLogger - Using 'UTF-8' encoding to copy filtered resources.
2024-08-07 05:32:59,798 [Worker-29: Building] INFO  o.e.m.c.i.embedder.EclipseLogger - Using 'UTF-8' encoding to copy filtered properties files.
2024-08-07 05:32:59,798 [Worker-29: Building] INFO  o.e.m.c.i.embedder.EclipseLogger - Copying 1 resource
2024-08-07 05:32:59,814 [Worker-29: Building] INFO  o.e.m.c.i.embedder.EclipseLogger - Copying 0 resource
2024-08-07 05:32:59,814 [Worker-29: Building] INFO  o.e.m.c.i.embedder.EclipseLogger - Using 'UTF-8' encoding to copy filtered resources.
2024-08-07 05:32:59,814 [Worker-29: Building] INFO  o.e.m.c.i.embedder.EclipseLogger - Using 'UTF-8' encoding to copy filtered properties files.
2024-08-07 05:32:59,814 [Worker-29: Building] INFO  o.e.m.c.i.embedder.EclipseLogger - skip non existing resourceDirectory D:\Sunbeam_Cdac\CDAC\FinalProject_J004\Project\Project\spring_boot_backend_security_jwt_template\src\test\resources
2024-08-07 05:35:03,200 [Worker-31: Building] INFO  o.e.m.c.i.embedder.EclipseLogger - Using 'UTF-8' encoding to copy filtered resources.
2024-08-07 05:35:03,200 [Worker-31: Building] INFO  o.e.m.c.i.embedder.EclipseLogger - Using 'UTF-8' encoding to copy filtered properties files.
2024-08-07 05:35:03,200 [Worker-31: Building] INFO  o.e.m.c.i.embedder.EclipseLogger - Copying 1 resource
2024-08-07 05:35:03,216 [Worker-31: Building] INFO  o.e.m.c.i.embedder.EclipseLogger - Copying 0 resource
2024-08-07 05:35:03,216 [Worker-31: Building] INFO  o.e.m.c.i.embedder.EclipseLogger - Using 'UTF-8' encoding to copy filtered resources.
2024-08-07 05:35:03,216 [Worker-31: Building] INFO  o.e.m.c.i.embedder.EclipseLogger - Using 'UTF-8' encoding to copy filtered properties files.
2024-08-07 05:35:03,216 [Worker-31: Building] INFO  o.e.m.c.i.embedder.EclipseLogger - skip non existing resourceDirectory D:\Sunbeam_Cdac\CDAC\FinalProject_J004\Project\Project\spring_boot_backend_security_jwt_template\src\test\resources
2024-08-07 05:35:36,067 [Worker-35: Building] INFO  o.e.m.c.i.embedder.EclipseLogger - Using 'UTF-8' encoding to copy filtered resources.
2024-08-07 05:35:36,067 [Worker-35: Building] INFO  o.e.m.c.i.embedder.EclipseLogger - Using 'UTF-8' encoding to copy filtered properties files.
2024-08-07 05:35:36,067 [Worker-35: Building] INFO  o.e.m.c.i.embedder.EclipseLogger - Copying 1 resource
2024-08-07 05:35:36,082 [Worker-35: Building] INFO  o.e.m.c.i.embedder.EclipseLogger - Copying 0 resource
2024-08-07 05:35:36,082 [Worker-35: Building] INFO  o.e.m.c.i.embedder.EclipseLogger - Using 'UTF-8' encoding to copy filtered resources.
2024-08-07 05:35:36,082 [Worker-35: Building] INFO  o.e.m.c.i.embedder.EclipseLogger - Using 'UTF-8' encoding to copy filtered properties files.
2024-08-07 05:35:36,082 [Worker-35: Building] INFO  o.e.m.c.i.embedder.EclipseLogger - skip non existing resourceDirectory D:\Sunbeam_Cdac\CDAC\FinalProject_J004\Project\Project\spring_boot_backend_security_jwt_template\src\test\resources
2024-08-07 05:39:30,722 [Worker-33: Building] INFO  o.e.m.c.i.embedder.EclipseLogger - Using 'UTF-8' encoding to copy filtered resources.
2024-08-07 05:39:30,722 [Worker-33: Building] INFO  o.e.m.c.i.embedder.EclipseLogger - Using 'UTF-8' encoding to copy filtered properties files.
2024-08-07 05:39:30,722 [Worker-33: Building] INFO  o.e.m.c.i.embedder.EclipseLogger - Copying 1 resource
2024-08-07 05:39:30,737 [Worker-33: Building] INFO  o.e.m.c.i.embedder.EclipseLogger - Copying 0 resource
2024-08-07 05:39:30,737 [Worker-33: Building] INFO  o.e.m.c.i.embedder.EclipseLogger - Using 'UTF-8' encoding to copy filtered resources.
2024-08-07 05:39:30,737 [Worker-33: Building] INFO  o.e.m.c.i.embedder.EclipseLogger - Using 'UTF-8' encoding to copy filtered properties files.
2024-08-07 05:39:30,737 [Worker-33: Building] INFO  o.e.m.c.i.embedder.EclipseLogger - skip non existing resourceDirectory D:\Sunbeam_Cdac\CDAC\FinalProject_J004\Project\Project\spring_boot_backend_security_jwt_template\src\test\resources
2024-08-07 05:40:31,650 [Worker-38: Building] INFO  o.e.m.c.i.embedder.EclipseLogger - Using 'UTF-8' encoding to copy filtered resources.
2024-08-07 05:40:31,650 [Worker-38: Building] INFO  o.e.m.c.i.embedder.EclipseLogger - Using 'UTF-8' encoding to copy filtered properties files.
2024-08-07 05:40:31,665 [Worker-38: Building] INFO  o.e.m.c.i.embedder.EclipseLogger - Copying 1 resource
2024-08-07 05:40:31,665 [Worker-38: Building] INFO  o.e.m.c.i.embedder.EclipseLogger - Copying 0 resource
2024-08-07 05:40:31,665 [Worker-38: Building] INFO  o.e.m.c.i.embedder.EclipseLogger - Using 'UTF-8' encoding to copy filtered resources.
2024-08-07 05:40:31,665 [Worker-38: Building] INFO  o.e.m.c.i.embedder.EclipseLogger - Using 'UTF-8' encoding to copy filtered properties files.
2024-08-07 05:40:31,665 [Worker-38: Building] INFO  o.e.m.c.i.embedder.EclipseLogger - skip non existing resourceDirectory D:\Sunbeam_Cdac\CDAC\FinalProject_J004\Project\Project\spring_boot_backend_security_jwt_template\src\test\resources
2024-08-07 05:43:06,745 [Worker-37: Building] INFO  o.e.m.c.i.embedder.EclipseLogger - Using 'UTF-8' encoding to copy filtered resources.
2024-08-07 05:43:06,745 [Worker-37: Building] INFO  o.e.m.c.i.embedder.EclipseLogger - Using 'UTF-8' encoding to copy filtered properties files.
2024-08-07 05:43:06,745 [Worker-37: Building] INFO  o.e.m.c.i.embedder.EclipseLogger - Copying 1 resource
2024-08-07 05:43:06,761 [Worker-37: Building] INFO  o.e.m.c.i.embedder.EclipseLogger - Copying 0 resource
2024-08-07 05:43:06,761 [Worker-37: Building] INFO  o.e.m.c.i.embedder.EclipseLogger - Using 'UTF-8' encoding to copy filtered resources.
2024-08-07 05:43:06,761 [Worker-37: Building] INFO  o.e.m.c.i.embedder.EclipseLogger - Using 'UTF-8' encoding to copy filtered properties files.
2024-08-07 05:43:06,761 [Worker-37: Building] INFO  o.e.m.c.i.embedder.EclipseLogger - skip non existing resourceDirectory D:\Sunbeam_Cdac\CDAC\FinalProject_J004\Project\Project\spring_boot_backend_security_jwt_template\src\test\resources
2024-08-07 05:43:51,404 [Worker-37: Building] INFO  o.e.m.c.i.embedder.EclipseLogger - Using 'UTF-8' encoding to copy filtered resources.
2024-08-07 05:43:51,404 [Worker-37: Building] INFO  o.e.m.c.i.embedder.EclipseLogger - Using 'UTF-8' encoding to copy filtered properties files.
2024-08-07 05:43:51,404 [Worker-37: Building] INFO  o.e.m.c.i.embedder.EclipseLogger - Copying 1 resource
2024-08-07 05:43:51,404 [Worker-37: Building] INFO  o.e.m.c.i.embedder.EclipseLogger - Copying 0 resource
2024-08-07 05:43:51,404 [Worker-37: Building] INFO  o.e.m.c.i.embedder.EclipseLogger - Using 'UTF-8' encoding to copy filtered resources.
2024-08-07 05:43:51,404 [Worker-37: Building] INFO  o.e.m.c.i.embedder.EclipseLogger - Using 'UTF-8' encoding to copy filtered properties files.
2024-08-07 05:43:51,404 [Worker-37: Building] INFO  o.e.m.c.i.embedder.EclipseLogger - skip non existing resourceDirectory D:\Sunbeam_Cdac\CDAC\FinalProject_J004\Project\Project\spring_boot_backend_security_jwt_template\src\test\resources
2024-08-07 05:44:33,193 [Worker-40: Building] INFO  o.e.m.c.i.embedder.EclipseLogger - Using 'UTF-8' encoding to copy filtered resources.
2024-08-07 05:44:33,193 [Worker-40: Building] INFO  o.e.m.c.i.embedder.EclipseLogger - Using 'UTF-8' encoding to copy filtered properties files.
2024-08-07 05:44:33,193 [Worker-40: Building] INFO  o.e.m.c.i.embedder.EclipseLogger - Copying 1 resource
2024-08-07 05:44:33,193 [Worker-40: Building] INFO  o.e.m.c.i.embedder.EclipseLogger - Copying 0 resource
2024-08-07 05:44:33,193 [Worker-40: Building] INFO  o.e.m.c.i.embedder.EclipseLogger - Using 'UTF-8' encoding to copy filtered resources.
2024-08-07 05:44:33,193 [Worker-40: Building] INFO  o.e.m.c.i.embedder.EclipseLogger - Using 'UTF-8' encoding to copy filtered properties files.
2024-08-07 05:44:33,193 [Worker-40: Building] INFO  o.e.m.c.i.embedder.EclipseLogger - skip non existing resourceDirectory D:\Sunbeam_Cdac\CDAC\FinalProject_J004\Project\Project\spring_boot_backend_security_jwt_template\src\test\resources
2024-08-07 05:44:50,077 [Worker-40: Building] INFO  o.e.m.c.i.embedder.EclipseLogger - Using 'UTF-8' encoding to copy filtered resources.
2024-08-07 05:44:50,077 [Worker-40: Building] INFO  o.e.m.c.i.embedder.EclipseLogger - Using 'UTF-8' encoding to copy filtered properties files.
2024-08-07 05:44:50,077 [Worker-40: Building] INFO  o.e.m.c.i.embedder.EclipseLogger - Copying 1 resource
2024-08-07 05:44:50,077 [Worker-40: Building] INFO  o.e.m.c.i.embedder.EclipseLogger - Copying 0 resource
2024-08-07 05:44:50,077 [Worker-40: Building] INFO  o.e.m.c.i.embedder.EclipseLogger - Using 'UTF-8' encoding to copy filtered resources.
2024-08-07 05:44:50,077 [Worker-40: Building] INFO  o.e.m.c.i.embedder.EclipseLogger - Using 'UTF-8' encoding to copy filtered properties files.
2024-08-07 05:44:50,077 [Worker-40: Building] INFO  o.e.m.c.i.embedder.EclipseLogger - skip non existing resourceDirectory D:\Sunbeam_Cdac\CDAC\FinalProject_J004\Project\Project\spring_boot_backend_security_jwt_template\src\test\resources
2024-08-07 05:44:56,515 [Worker-40: Building] INFO  o.e.m.c.i.embedder.EclipseLogger - Using 'UTF-8' encoding to copy filtered resources.
2024-08-07 05:44:56,515 [Worker-40: Building] INFO  o.e.m.c.i.embedder.EclipseLogger - Using 'UTF-8' encoding to copy filtered properties files.
2024-08-07 05:44:56,515 [Worker-40: Building] INFO  o.e.m.c.i.embedder.EclipseLogger - Copying 1 resource
2024-08-07 05:44:56,531 [Worker-40: Building] INFO  o.e.m.c.i.embedder.EclipseLogger - Copying 0 resource
2024-08-07 05:44:56,531 [Worker-40: Building] INFO  o.e.m.c.i.embedder.EclipseLogger - Using 'UTF-8' encoding to copy filtered resources.
2024-08-07 05:44:56,531 [Worker-40: Building] INFO  o.e.m.c.i.embedder.EclipseLogger - Using 'UTF-8' encoding to copy filtered properties files.
2024-08-07 05:44:56,531 [Worker-40: Building] INFO  o.e.m.c.i.embedder.EclipseLogger - skip non existing resourceDirectory D:\Sunbeam_Cdac\CDAC\FinalProject_J004\Project\Project\spring_boot_backend_security_jwt_template\src\test\resources
2024-08-07 05:45:17,622 [Worker-38: Building] INFO  o.e.m.c.i.embedder.EclipseLogger - Using 'UTF-8' encoding to copy filtered resources.
2024-08-07 05:45:17,622 [Worker-38: Building] INFO  o.e.m.c.i.embedder.EclipseLogger - Using 'UTF-8' encoding to copy filtered properties files.
2024-08-07 05:45:17,622 [Worker-38: Building] INFO  o.e.m.c.i.embedder.EclipseLogger - Copying 1 resource
2024-08-07 05:45:17,622 [Worker-38: Building] INFO  o.e.m.c.i.embedder.EclipseLogger - Copying 0 resource
2024-08-07 05:45:17,622 [Worker-38: Building] INFO  o.e.m.c.i.embedder.EclipseLogger - Using 'UTF-8' encoding to copy filtered resources.
2024-08-07 05:45:17,622 [Worker-38: Building] INFO  o.e.m.c.i.embedder.EclipseLogger - Using 'UTF-8' encoding to copy filtered properties files.
2024-08-07 05:45:17,622 [Worker-38: Building] INFO  o.e.m.c.i.embedder.EclipseLogger - skip non existing resourceDirectory D:\Sunbeam_Cdac\CDAC\FinalProject_J004\Project\Project\spring_boot_backend_security_jwt_template\src\test\resources
2024-08-07 05:45:32,667 [Worker-37: Building] INFO  o.e.m.c.i.embedder.EclipseLogger - Using 'UTF-8' encoding to copy filtered resources.
2024-08-07 05:45:32,667 [Worker-37: Building] INFO  o.e.m.c.i.embedder.EclipseLogger - Using 'UTF-8' encoding to copy filtered properties files.
2024-08-07 05:45:32,667 [Worker-37: Building] INFO  o.e.m.c.i.embedder.EclipseLogger - Copying 1 resource
2024-08-07 05:45:32,667 [Worker-37: Building] INFO  o.e.m.c.i.embedder.EclipseLogger - Copying 0 resource
2024-08-07 05:45:32,683 [Worker-37: Building] INFO  o.e.m.c.i.embedder.EclipseLogger - Using 'UTF-8' encoding to copy filtered resources.
2024-08-07 05:45:32,683 [Worker-37: Building] INFO  o.e.m.c.i.embedder.EclipseLogger - Using 'UTF-8' encoding to copy filtered properties files.
2024-08-07 05:45:32,683 [Worker-37: Building] INFO  o.e.m.c.i.embedder.EclipseLogger - skip non existing resourceDirectory D:\Sunbeam_Cdac\CDAC\FinalProject_J004\Project\Project\spring_boot_backend_security_jwt_template\src\test\resources
2024-08-07 05:45:46,983 [Worker-33: Building] INFO  o.e.m.c.i.embedder.EclipseLogger - Using 'UTF-8' encoding to copy filtered resources.
2024-08-07 05:45:46,983 [Worker-33: Building] INFO  o.e.m.c.i.embedder.EclipseLogger - Using 'UTF-8' encoding to copy filtered properties files.
2024-08-07 05:45:46,983 [Worker-33: Building] INFO  o.e.m.c.i.embedder.EclipseLogger - Copying 1 resource
2024-08-07 05:45:46,983 [Worker-33: Building] INFO  o.e.m.c.i.embedder.EclipseLogger - Copying 0 resource
2024-08-07 05:45:46,983 [Worker-33: Building] INFO  o.e.m.c.i.embedder.EclipseLogger - Using 'UTF-8' encoding to copy filtered resources.
2024-08-07 05:45:46,983 [Worker-33: Building] INFO  o.e.m.c.i.embedder.EclipseLogger - Using 'UTF-8' encoding to copy filtered properties files.
2024-08-07 05:45:46,983 [Worker-33: Building] INFO  o.e.m.c.i.embedder.EclipseLogger - skip non existing resourceDirectory D:\Sunbeam_Cdac\CDAC\FinalProject_J004\Project\Project\spring_boot_backend_security_jwt_template\src\test\resources
2024-08-07 05:46:36,616 [Worker-33: Building] INFO  o.e.m.c.i.embedder.EclipseLogger - Using 'UTF-8' encoding to copy filtered resources.
2024-08-07 05:46:36,616 [Worker-33: Building] INFO  o.e.m.c.i.embedder.EclipseLogger - Using 'UTF-8' encoding to copy filtered properties files.
2024-08-07 05:46:36,616 [Worker-33: Building] INFO  o.e.m.c.i.embedder.EclipseLogger - Copying 1 resource
2024-08-07 05:46:36,647 [Worker-33: Building] INFO  o.e.m.c.i.embedder.EclipseLogger - Copying 0 resource
2024-08-07 05:46:36,647 [Worker-33: Building] INFO  o.e.m.c.i.embedder.EclipseLogger - Using 'UTF-8' encoding to copy filtered resources.
2024-08-07 05:46:36,647 [Worker-33: Building] INFO  o.e.m.c.i.embedder.EclipseLogger - Using 'UTF-8' encoding to copy filtered properties files.
2024-08-07 05:46:36,647 [Worker-33: Building] INFO  o.e.m.c.i.embedder.EclipseLogger - skip non existing resourceDirectory D:\Sunbeam_Cdac\CDAC\FinalProject_J004\Project\Project\spring_boot_backend_security_jwt_template\src\test\resources
2024-08-07 05:59:52,590 [Worker-47: Building] INFO  o.e.m.c.i.embedder.EclipseLogger - Using 'UTF-8' encoding to copy filtered resources.
2024-08-07 05:59:52,590 [Worker-47: Building] INFO  o.e.m.c.i.embedder.EclipseLogger - Using 'UTF-8' encoding to copy filtered properties files.
2024-08-07 05:59:52,590 [Worker-47: Building] INFO  o.e.m.c.i.embedder.EclipseLogger - Copying 1 resource
2024-08-07 05:59:52,605 [Worker-47: Building] INFO  o.e.m.c.i.embedder.EclipseLogger - Copying 0 resource
2024-08-07 05:59:52,605 [Worker-47: Building] INFO  o.e.m.c.i.embedder.EclipseLogger - Using 'UTF-8' encoding to copy filtered resources.
2024-08-07 05:59:52,605 [Worker-47: Building] INFO  o.e.m.c.i.embedder.EclipseLogger - Using 'UTF-8' encoding to copy filtered properties files.
2024-08-07 05:59:52,605 [Worker-47: Building] INFO  o.e.m.c.i.embedder.EclipseLogger - skip non existing resourceDirectory D:\Sunbeam_Cdac\CDAC\FinalProject_J004\Project\Project\spring_boot_backend_security_jwt_template\src\test\resources
2024-08-07 06:00:01,488 [Worker-40: Building] INFO  o.e.m.c.i.embedder.EclipseLogger - Using 'UTF-8' encoding to copy filtered resources.
2024-08-07 06:00:01,488 [Worker-40: Building] INFO  o.e.m.c.i.embedder.EclipseLogger - Using 'UTF-8' encoding to copy filtered properties files.
2024-08-07 06:00:01,488 [Worker-40: Building] INFO  o.e.m.c.i.embedder.EclipseLogger - Copying 1 resource
2024-08-07 06:00:01,503 [Worker-40: Building] INFO  o.e.m.c.i.embedder.EclipseLogger - Copying 0 resource
2024-08-07 06:00:01,503 [Worker-40: Building] INFO  o.e.m.c.i.embedder.EclipseLogger - Using 'UTF-8' encoding to copy filtered resources.
2024-08-07 06:00:01,503 [Worker-40: Building] INFO  o.e.m.c.i.embedder.EclipseLogger - Using 'UTF-8' encoding to copy filtered properties files.
2024-08-07 06:00:01,503 [Worker-40: Building] INFO  o.e.m.c.i.embedder.EclipseLogger - skip non existing resourceDirectory D:\Sunbeam_Cdac\CDAC\FinalProject_J004\Project\Project\spring_boot_backend_security_jwt_template\src\test\resources
2024-08-07 06:00:13,466 [Worker-46: Building] INFO  o.e.m.c.i.embedder.EclipseLogger - Using 'UTF-8' encoding to copy filtered resources.
2024-08-07 06:00:13,466 [Worker-46: Building] INFO  o.e.m.c.i.embedder.EclipseLogger - Using 'UTF-8' encoding to copy filtered properties files.
2024-08-07 06:00:13,482 [Worker-46: Building] INFO  o.e.m.c.i.embedder.EclipseLogger - Copying 1 resource
2024-08-07 06:00:13,482 [Worker-46: Building] INFO  o.e.m.c.i.embedder.EclipseLogger - Copying 0 resource
2024-08-07 06:00:13,482 [Worker-46: Building] INFO  o.e.m.c.i.embedder.EclipseLogger - Using 'UTF-8' encoding to copy filtered resources.
2024-08-07 06:00:13,482 [Worker-46: Building] INFO  o.e.m.c.i.embedder.EclipseLogger - Using 'UTF-8' encoding to copy filtered properties files.
2024-08-07 06:00:13,482 [Worker-46: Building] INFO  o.e.m.c.i.embedder.EclipseLogger - skip non existing resourceDirectory D:\Sunbeam_Cdac\CDAC\FinalProject_J004\Project\Project\spring_boot_backend_security_jwt_template\src\test\resources
2024-08-07 06:00:19,936 [Worker-45: Building] INFO  o.e.m.c.i.embedder.EclipseLogger - Using 'UTF-8' encoding to copy filtered resources.
2024-08-07 06:00:19,936 [Worker-45: Building] INFO  o.e.m.c.i.embedder.EclipseLogger - Using 'UTF-8' encoding to copy filtered properties files.
2024-08-07 06:00:19,936 [Worker-45: Building] INFO  o.e.m.c.i.embedder.EclipseLogger - Copying 1 resource
2024-08-07 06:00:19,936 [Worker-45: Building] INFO  o.e.m.c.i.embedder.EclipseLogger - Copying 0 resource
2024-08-07 06:00:19,936 [Worker-45: Building] INFO  o.e.m.c.i.embedder.EclipseLogger - Using 'UTF-8' encoding to copy filtered resources.
2024-08-07 06:00:19,936 [Worker-45: Building] INFO  o.e.m.c.i.embedder.EclipseLogger - Using 'UTF-8' encoding to copy filtered properties files.
2024-08-07 06:00:19,936 [Worker-45: Building] INFO  o.e.m.c.i.embedder.EclipseLogger - skip non existing resourceDirectory D:\Sunbeam_Cdac\CDAC\FinalProject_J004\Project\Project\spring_boot_backend_security_jwt_template\src\test\resources
2024-08-07 06:04:54,604 [Worker-48: Building] INFO  o.e.m.c.i.embedder.EclipseLogger - Using 'UTF-8' encoding to copy filtered resources.
2024-08-07 06:04:54,604 [Worker-48: Building] INFO  o.e.m.c.i.embedder.EclipseLogger - Using 'UTF-8' encoding to copy filtered properties files.
2024-08-07 06:04:54,604 [Worker-48: Building] INFO  o.e.m.c.i.embedder.EclipseLogger - Copying 1 resource
2024-08-07 06:04:54,604 [Worker-48: Building] INFO  o.e.m.c.i.embedder.EclipseLogger - Copying 0 resource
2024-08-07 06:04:54,604 [Worker-48: Building] INFO  o.e.m.c.i.embedder.EclipseLogger - Using 'UTF-8' encoding to copy filtered resources.
2024-08-07 06:04:54,604 [Worker-48: Building] INFO  o.e.m.c.i.embedder.EclipseLogger - Using 'UTF-8' encoding to copy filtered properties files.
2024-08-07 06:04:54,604 [Worker-48: Building] INFO  o.e.m.c.i.embedder.EclipseLogger - skip non existing resourceDirectory D:\Sunbeam_Cdac\CDAC\FinalProject_J004\Project\Project\spring_boot_backend_security_jwt_template\src\test\resources
2024-08-07 06:05:55,619 [Worker-48: Building] INFO  o.e.m.c.i.embedder.EclipseLogger - Using 'UTF-8' encoding to copy filtered resources.
2024-08-07 06:05:55,619 [Worker-48: Building] INFO  o.e.m.c.i.embedder.EclipseLogger - Using 'UTF-8' encoding to copy filtered properties files.
2024-08-07 06:05:55,619 [Worker-48: Building] INFO  o.e.m.c.i.embedder.EclipseLogger - Copying 1 resource
2024-08-07 06:05:55,619 [Worker-48: Building] INFO  o.e.m.c.i.embedder.EclipseLogger - Copying 0 resource
2024-08-07 06:05:55,619 [Worker-48: Building] INFO  o.e.m.c.i.embedder.EclipseLogger - Using 'UTF-8' encoding to copy filtered resources.
2024-08-07 06:05:55,619 [Worker-48: Building] INFO  o.e.m.c.i.embedder.EclipseLogger - Using 'UTF-8' encoding to copy filtered properties files.
2024-08-07 06:05:55,619 [Worker-48: Building] INFO  o.e.m.c.i.embedder.EclipseLogger - skip non existing resourceDirectory D:\Sunbeam_Cdac\CDAC\FinalProject_J004\Project\Project\spring_boot_backend_security_jwt_template\src\test\resources
2024-08-07 06:06:44,015 [Worker-48: Building] INFO  o.e.m.c.i.embedder.EclipseLogger - Using 'UTF-8' encoding to copy filtered resources.
2024-08-07 06:06:44,015 [Worker-48: Building] INFO  o.e.m.c.i.embedder.EclipseLogger - Using 'UTF-8' encoding to copy filtered properties files.
2024-08-07 06:06:44,015 [Worker-48: Building] INFO  o.e.m.c.i.embedder.EclipseLogger - Copying 1 resource
2024-08-07 06:06:44,031 [Worker-48: Building] INFO  o.e.m.c.i.embedder.EclipseLogger - Copying 0 resource
2024-08-07 06:06:44,031 [Worker-48: Building] INFO  o.e.m.c.i.embedder.EclipseLogger - Using 'UTF-8' encoding to copy filtered resources.
2024-08-07 06:06:44,031 [Worker-48: Building] INFO  o.e.m.c.i.embedder.EclipseLogger - Using 'UTF-8' encoding to copy filtered properties files.
2024-08-07 06:06:44,031 [Worker-48: Building] INFO  o.e.m.c.i.embedder.EclipseLogger - skip non existing resourceDirectory D:\Sunbeam_Cdac\CDAC\FinalProject_J004\Project\Project\spring_boot_backend_security_jwt_template\src\test\resources
2024-08-07 06:07:42,524 [Worker-45: Building] INFO  o.e.m.c.i.embedder.EclipseLogger - Using 'UTF-8' encoding to copy filtered resources.
2024-08-07 06:07:42,524 [Worker-45: Building] INFO  o.e.m.c.i.embedder.EclipseLogger - Using 'UTF-8' encoding to copy filtered properties files.
2024-08-07 06:07:42,524 [Worker-45: Building] INFO  o.e.m.c.i.embedder.EclipseLogger - Copying 1 resource
2024-08-07 06:07:42,539 [Worker-45: Building] INFO  o.e.m.c.i.embedder.EclipseLogger - Copying 0 resource
2024-08-07 06:07:42,539 [Worker-45: Building] INFO  o.e.m.c.i.embedder.EclipseLogger - Using 'UTF-8' encoding to copy filtered resources.
2024-08-07 06:07:42,539 [Worker-45: Building] INFO  o.e.m.c.i.embedder.EclipseLogger - Using 'UTF-8' encoding to copy filtered properties files.
2024-08-07 06:07:42,539 [Worker-45: Building] INFO  o.e.m.c.i.embedder.EclipseLogger - skip non existing resourceDirectory D:\Sunbeam_Cdac\CDAC\FinalProject_J004\Project\Project\spring_boot_backend_security_jwt_template\src\test\resources
2024-08-07 06:08:37,324 [Worker-45: Building] INFO  o.e.m.c.i.embedder.EclipseLogger - Using 'UTF-8' encoding to copy filtered resources.
2024-08-07 06:08:37,324 [Worker-45: Building] INFO  o.e.m.c.i.embedder.EclipseLogger - Using 'UTF-8' encoding to copy filtered properties files.
2024-08-07 06:08:37,324 [Worker-45: Building] INFO  o.e.m.c.i.embedder.EclipseLogger - Copying 1 resource
2024-08-07 06:08:37,339 [Worker-45: Building] INFO  o.e.m.c.i.embedder.EclipseLogger - Copying 0 resource
2024-08-07 06:08:37,339 [Worker-45: Building] INFO  o.e.m.c.i.embedder.EclipseLogger - Using 'UTF-8' encoding to copy filtered resources.
2024-08-07 06:08:37,339 [Worker-45: Building] INFO  o.e.m.c.i.embedder.EclipseLogger - Using 'UTF-8' encoding to copy filtered properties files.
2024-08-07 06:08:37,339 [Worker-45: Building] INFO  o.e.m.c.i.embedder.EclipseLogger - skip non existing resourceDirectory D:\Sunbeam_Cdac\CDAC\FinalProject_J004\Project\Project\spring_boot_backend_security_jwt_template\src\test\resources
2024-08-07 06:09:28,938 [Worker-45: Building] INFO  o.e.m.c.i.embedder.EclipseLogger - Using 'UTF-8' encoding to copy filtered resources.
2024-08-07 06:09:28,938 [Worker-45: Building] INFO  o.e.m.c.i.embedder.EclipseLogger - Using 'UTF-8' encoding to copy filtered properties files.
2024-08-07 06:09:28,938 [Worker-45: Building] INFO  o.e.m.c.i.embedder.EclipseLogger - Copying 1 resource
2024-08-07 06:09:28,938 [Worker-45: Building] INFO  o.e.m.c.i.embedder.EclipseLogger - Copying 0 resource
2024-08-07 06:09:28,938 [Worker-45: Building] INFO  o.e.m.c.i.embedder.EclipseLogger - Using 'UTF-8' encoding to copy filtered resources.
2024-08-07 06:09:28,938 [Worker-45: Building] INFO  o.e.m.c.i.embedder.EclipseLogger - Using 'UTF-8' encoding to copy filtered properties files.
2024-08-07 06:09:28,938 [Worker-45: Building] INFO  o.e.m.c.i.embedder.EclipseLogger - skip non existing resourceDirectory D:\Sunbeam_Cdac\CDAC\FinalProject_J004\Project\Project\spring_boot_backend_security_jwt_template\src\test\resources
2024-08-07 06:09:38,808 [Worker-45: Building] INFO  o.e.m.c.i.embedder.EclipseLogger - Using 'UTF-8' encoding to copy filtered resources.
2024-08-07 06:09:38,808 [Worker-45: Building] INFO  o.e.m.c.i.embedder.EclipseLogger - Using 'UTF-8' encoding to copy filtered properties files.
2024-08-07 06:09:38,808 [Worker-45: Building] INFO  o.e.m.c.i.embedder.EclipseLogger - Copying 1 resource
2024-08-07 06:09:38,808 [Worker-45: Building] INFO  o.e.m.c.i.embedder.EclipseLogger - Copying 0 resource
2024-08-07 06:09:38,823 [Worker-45: Building] INFO  o.e.m.c.i.embedder.EclipseLogger - Using 'UTF-8' encoding to copy filtered resources.
2024-08-07 06:09:38,823 [Worker-45: Building] INFO  o.e.m.c.i.embedder.EclipseLogger - Using 'UTF-8' encoding to copy filtered properties files.
2024-08-07 06:09:38,823 [Worker-45: Building] INFO  o.e.m.c.i.embedder.EclipseLogger - skip non existing resourceDirectory D:\Sunbeam_Cdac\CDAC\FinalProject_J004\Project\Project\spring_boot_backend_security_jwt_template\src\test\resources
2024-08-07 06:11:11,077 [Worker-52: Building] INFO  o.e.m.c.i.embedder.EclipseLogger - Using 'UTF-8' encoding to copy filtered resources.
2024-08-07 06:11:11,077 [Worker-52: Building] INFO  o.e.m.c.i.embedder.EclipseLogger - Using 'UTF-8' encoding to copy filtered properties files.
2024-08-07 06:11:11,077 [Worker-52: Building] INFO  o.e.m.c.i.embedder.EclipseLogger - Copying 1 resource
2024-08-07 06:11:11,092 [Worker-52: Building] INFO  o.e.m.c.i.embedder.EclipseLogger - Copying 0 resource
2024-08-07 06:11:11,092 [Worker-52: Building] INFO  o.e.m.c.i.embedder.EclipseLogger - Using 'UTF-8' encoding to copy filtered resources.
2024-08-07 06:11:11,092 [Worker-52: Building] INFO  o.e.m.c.i.embedder.EclipseLogger - Using 'UTF-8' encoding to copy filtered properties files.
2024-08-07 06:11:11,092 [Worker-52: Building] INFO  o.e.m.c.i.embedder.EclipseLogger - skip non existing resourceDirectory D:\Sunbeam_Cdac\CDAC\FinalProject_J004\Project\Project\spring_boot_backend_security_jwt_template\src\test\resources
2024-08-07 06:11:17,269 [Worker-52: Building] INFO  o.e.m.c.i.embedder.EclipseLogger - Using 'UTF-8' encoding to copy filtered resources.
2024-08-07 06:11:17,269 [Worker-52: Building] INFO  o.e.m.c.i.embedder.EclipseLogger - Using 'UTF-8' encoding to copy filtered properties files.
2024-08-07 06:11:17,269 [Worker-52: Building] INFO  o.e.m.c.i.embedder.EclipseLogger - Copying 1 resource
2024-08-07 06:11:17,285 [Worker-52: Building] INFO  o.e.m.c.i.embedder.EclipseLogger - Copying 0 resource
2024-08-07 06:11:17,285 [Worker-52: Building] INFO  o.e.m.c.i.embedder.EclipseLogger - Using 'UTF-8' encoding to copy filtered resources.
2024-08-07 06:11:17,285 [Worker-52: Building] INFO  o.e.m.c.i.embedder.EclipseLogger - Using 'UTF-8' encoding to copy filtered properties files.
2024-08-07 06:11:17,285 [Worker-52: Building] INFO  o.e.m.c.i.embedder.EclipseLogger - skip non existing resourceDirectory D:\Sunbeam_Cdac\CDAC\FinalProject_J004\Project\Project\spring_boot_backend_security_jwt_template\src\test\resources
2024-08-07 06:12:04,431 [Worker-53: Building] INFO  o.e.m.c.i.embedder.EclipseLogger - Using 'UTF-8' encoding to copy filtered resources.
2024-08-07 06:12:04,431 [Worker-53: Building] INFO  o.e.m.c.i.embedder.EclipseLogger - Using 'UTF-8' encoding to copy filtered properties files.
2024-08-07 06:12:04,431 [Worker-53: Building] INFO  o.e.m.c.i.embedder.EclipseLogger - Copying 1 resource
2024-08-07 06:12:04,447 [Worker-53: Building] INFO  o.e.m.c.i.embedder.EclipseLogger - Copying 0 resource
2024-08-07 06:12:04,447 [Worker-53: Building] INFO  o.e.m.c.i.embedder.EclipseLogger - Using 'UTF-8' encoding to copy filtered resources.
2024-08-07 06:12:04,447 [Worker-53: Building] INFO  o.e.m.c.i.embedder.EclipseLogger - Using 'UTF-8' encoding to copy filtered properties files.
2024-08-07 06:12:04,447 [Worker-53: Building] INFO  o.e.m.c.i.embedder.EclipseLogger - skip non existing resourceDirectory D:\Sunbeam_Cdac\CDAC\FinalProject_J004\Project\Project\spring_boot_backend_security_jwt_template\src\test\resources
2024-08-07 06:12:08,183 [Worker-51: Building] INFO  o.e.m.c.i.embedder.EclipseLogger - Using 'UTF-8' encoding to copy filtered resources.
2024-08-07 06:12:08,183 [Worker-51: Building] INFO  o.e.m.c.i.embedder.EclipseLogger - Using 'UTF-8' encoding to copy filtered properties files.
2024-08-07 06:12:08,183 [Worker-51: Building] INFO  o.e.m.c.i.embedder.EclipseLogger - Copying 1 resource
2024-08-07 06:12:08,183 [Worker-51: Building] INFO  o.e.m.c.i.embedder.EclipseLogger - Copying 0 resource
2024-08-07 06:12:08,183 [Worker-51: Building] INFO  o.e.m.c.i.embedder.EclipseLogger - Using 'UTF-8' encoding to copy filtered resources.
2024-08-07 06:12:08,183 [Worker-51: Building] INFO  o.e.m.c.i.embedder.EclipseLogger - Using 'UTF-8' encoding to copy filtered properties files.
2024-08-07 06:12:08,183 [Worker-51: Building] INFO  o.e.m.c.i.embedder.EclipseLogger - skip non existing resourceDirectory D:\Sunbeam_Cdac\CDAC\FinalProject_J004\Project\Project\spring_boot_backend_security_jwt_template\src\test\resources
2024-08-07 06:12:49,841 [Worker-52: Building] INFO  o.e.m.c.i.embedder.EclipseLogger - Using 'UTF-8' encoding to copy filtered resources.
2024-08-07 06:12:49,841 [Worker-52: Building] INFO  o.e.m.c.i.embedder.EclipseLogger - Using 'UTF-8' encoding to copy filtered properties files.
2024-08-07 06:12:49,841 [Worker-52: Building] INFO  o.e.m.c.i.embedder.EclipseLogger - Copying 1 resource
2024-08-07 06:12:49,856 [Worker-52: Building] INFO  o.e.m.c.i.embedder.EclipseLogger - Copying 0 resource
2024-08-07 06:12:49,856 [Worker-52: Building] INFO  o.e.m.c.i.embedder.EclipseLogger - Using 'UTF-8' encoding to copy filtered resources.
2024-08-07 06:12:49,856 [Worker-52: Building] INFO  o.e.m.c.i.embedder.EclipseLogger - Using 'UTF-8' encoding to copy filtered properties files.
2024-08-07 06:12:49,856 [Worker-52: Building] INFO  o.e.m.c.i.embedder.EclipseLogger - skip non existing resourceDirectory D:\Sunbeam_Cdac\CDAC\FinalProject_J004\Project\Project\spring_boot_backend_security_jwt_template\src\test\resources
2024-08-07 06:13:06,363 [Worker-52: Building] INFO  o.e.m.c.i.embedder.EclipseLogger - Using 'UTF-8' encoding to copy filtered resources.
2024-08-07 06:13:06,363 [Worker-52: Building] INFO  o.e.m.c.i.embedder.EclipseLogger - Using 'UTF-8' encoding to copy filtered properties files.
2024-08-07 06:13:06,363 [Worker-52: Building] INFO  o.e.m.c.i.embedder.EclipseLogger - Copying 1 resource
2024-08-07 06:13:06,379 [Worker-52: Building] INFO  o.e.m.c.i.embedder.EclipseLogger - Copying 0 resource
2024-08-07 06:13:06,379 [Worker-52: Building] INFO  o.e.m.c.i.embedder.EclipseLogger - Using 'UTF-8' encoding to copy filtered resources.
2024-08-07 06:13:06,379 [Worker-52: Building] INFO  o.e.m.c.i.embedder.EclipseLogger - Using 'UTF-8' encoding to copy filtered properties files.
2024-08-07 06:13:06,379 [Worker-52: Building] INFO  o.e.m.c.i.embedder.EclipseLogger - skip non existing resourceDirectory D:\Sunbeam_Cdac\CDAC\FinalProject_J004\Project\Project\spring_boot_backend_security_jwt_template\src\test\resources
2024-08-07 06:15:59,643 [Worker-56: Building] INFO  o.e.m.c.i.embedder.EclipseLogger - Using 'UTF-8' encoding to copy filtered resources.
2024-08-07 06:15:59,643 [Worker-56: Building] INFO  o.e.m.c.i.embedder.EclipseLogger - Using 'UTF-8' encoding to copy filtered properties files.
2024-08-07 06:15:59,643 [Worker-56: Building] INFO  o.e.m.c.i.embedder.EclipseLogger - Copying 1 resource
2024-08-07 06:15:59,659 [Worker-56: Building] INFO  o.e.m.c.i.embedder.EclipseLogger - Copying 0 resource
2024-08-07 06:15:59,659 [Worker-56: Building] INFO  o.e.m.c.i.embedder.EclipseLogger - Using 'UTF-8' encoding to copy filtered resources.
2024-08-07 06:15:59,659 [Worker-56: Building] INFO  o.e.m.c.i.embedder.EclipseLogger - Using 'UTF-8' encoding to copy filtered properties files.
2024-08-07 06:15:59,659 [Worker-56: Building] INFO  o.e.m.c.i.embedder.EclipseLogger - skip non existing resourceDirectory D:\Sunbeam_Cdac\CDAC\FinalProject_J004\Project\Project\spring_boot_backend_security_jwt_template\src\test\resources
2024-08-07 06:16:04,930 [Worker-48: Building] INFO  o.e.m.c.i.embedder.EclipseLogger - Using 'UTF-8' encoding to copy filtered resources.
2024-08-07 06:16:04,930 [Worker-48: Building] INFO  o.e.m.c.i.embedder.EclipseLogger - Using 'UTF-8' encoding to copy filtered properties files.
2024-08-07 06:16:04,930 [Worker-48: Building] INFO  o.e.m.c.i.embedder.EclipseLogger - Copying 1 resource
2024-08-07 06:16:04,961 [Worker-48: Building] INFO  o.e.m.c.i.embedder.EclipseLogger - Copying 0 resource
2024-08-07 06:16:04,961 [Worker-48: Building] INFO  o.e.m.c.i.embedder.EclipseLogger - Using 'UTF-8' encoding to copy filtered resources.
2024-08-07 06:16:04,961 [Worker-48: Building] INFO  o.e.m.c.i.embedder.EclipseLogger - Using 'UTF-8' encoding to copy filtered properties files.
2024-08-07 06:16:04,961 [Worker-48: Building] INFO  o.e.m.c.i.embedder.EclipseLogger - skip non existing resourceDirectory D:\Sunbeam_Cdac\CDAC\FinalProject_J004\Project\Project\spring_boot_backend_security_jwt_template\src\test\resources
2024-08-07 06:16:16,720 [Worker-51: Updating Maven Project] INFO  o.e.m.c.i.p.ProjectConfigurationManager - Update started
2024-08-07 06:16:18,092 [Worker-51: Updating Maven Project] INFO  o.e.m.c.i.l.LifecycleMappingFactory - Using org.eclipse.m2e.jdt.JarLifecycleMapping lifecycle mapping for MavenProject: com.example:spring_boot_backend_security_jwt_template:0.0.1 @ D:\Sunbeam_Cdac\CDAC\FinalProject_J004\Project\Project\spring_boot_backend_security_jwt_template\pom.xml.
2024-08-07 06:16:19,641 [Worker-51: Updating Maven Project] INFO  o.e.m.j.i.AbstractJavaProjectConfigurator - Adding source folder /spring_boot_backend_security_jwt_template/src/main/java
2024-08-07 06:16:19,641 [Worker-51: Updating Maven Project] INFO  o.e.m.j.i.AbstractJavaProjectConfigurator - Adding resource folder /spring_boot_backend_security_jwt_template/src/main/resources
2024-08-07 06:16:19,641 [Worker-51: Updating Maven Project] INFO  o.e.m.j.i.AbstractJavaProjectConfigurator - Adding resource folder /spring_boot_backend_security_jwt_template/src/main/resources
2024-08-07 06:16:19,641 [Worker-51: Updating Maven Project] INFO  o.e.m.j.i.AbstractJavaProjectConfigurator - Adding source folder /spring_boot_backend_security_jwt_template/src/test/java
2024-08-07 06:16:19,859 [Worker-51: Updating Maven Project] INFO  o.e.m.c.i.p.ProjectConfigurationManager - Update completed: 3 sec
2024-08-07 06:16:20,469 [Worker-48: Building] INFO  o.e.m.c.i.embedder.EclipseLogger - Using 'UTF-8' encoding to copy filtered resources.
2024-08-07 06:16:20,469 [Worker-48: Building] INFO  o.e.m.c.i.embedder.EclipseLogger - Using 'UTF-8' encoding to copy filtered properties files.
2024-08-07 06:16:20,469 [Worker-48: Building] INFO  o.e.m.c.i.embedder.EclipseLogger - Copying 1 resource
2024-08-07 06:16:20,484 [Worker-48: Building] INFO  o.e.m.c.i.embedder.EclipseLogger - Copying 0 resource
2024-08-07 06:16:20,484 [Worker-48: Building] INFO  o.e.m.c.i.embedder.EclipseLogger - Using 'UTF-8' encoding to copy filtered resources.
2024-08-07 06:16:20,484 [Worker-48: Building] INFO  o.e.m.c.i.embedder.EclipseLogger - Using 'UTF-8' encoding to copy filtered properties files.
2024-08-07 06:16:20,484 [Worker-48: Building] INFO  o.e.m.c.i.embedder.EclipseLogger - skip non existing resourceDirectory D:\Sunbeam_Cdac\CDAC\FinalProject_J004\Project\Project\spring_boot_backend_security_jwt_template\src\test\resources
2024-08-07 06:17:36,966 [Worker-59: Building] INFO  o.e.m.c.i.embedder.EclipseLogger - Using 'UTF-8' encoding to copy filtered resources.
2024-08-07 06:17:36,966 [Worker-59: Building] INFO  o.e.m.c.i.embedder.EclipseLogger - Using 'UTF-8' encoding to copy filtered properties files.
2024-08-07 06:17:36,966 [Worker-59: Building] INFO  o.e.m.c.i.embedder.EclipseLogger - Copying 1 resource
2024-08-07 06:17:36,981 [Worker-59: Building] INFO  o.e.m.c.i.embedder.EclipseLogger - Copying 0 resource
2024-08-07 06:17:36,981 [Worker-59: Building] INFO  o.e.m.c.i.embedder.EclipseLogger - Using 'UTF-8' encoding to copy filtered resources.
2024-08-07 06:17:36,981 [Worker-59: Building] INFO  o.e.m.c.i.embedder.EclipseLogger - Using 'UTF-8' encoding to copy filtered properties files.
2024-08-07 06:17:36,981 [Worker-59: Building] INFO  o.e.m.c.i.embedder.EclipseLogger - skip non existing resourceDirectory D:\Sunbeam_Cdac\CDAC\FinalProject_J004\Project\Project\spring_boot_backend_security_jwt_template\src\test\resources
2024-08-07 06:19:07,832 [Worker-51: Building] INFO  o.e.m.c.i.embedder.EclipseLogger - Using 'UTF-8' encoding to copy filtered resources.
2024-08-07 06:19:07,832 [Worker-51: Building] INFO  o.e.m.c.i.embedder.EclipseLogger - Using 'UTF-8' encoding to copy filtered properties files.
2024-08-07 06:19:07,832 [Worker-51: Building] INFO  o.e.m.c.i.embedder.EclipseLogger - Copying 1 resource
2024-08-07 06:19:07,848 [Worker-51: Building] INFO  o.e.m.c.i.embedder.EclipseLogger - Copying 0 resource
2024-08-07 06:19:07,848 [Worker-51: Building] INFO  o.e.m.c.i.embedder.EclipseLogger - Using 'UTF-8' encoding to copy filtered resources.
2024-08-07 06:19:07,848 [Worker-51: Building] INFO  o.e.m.c.i.embedder.EclipseLogger - Using 'UTF-8' encoding to copy filtered properties files.
2024-08-07 06:19:07,848 [Worker-51: Building] INFO  o.e.m.c.i.embedder.EclipseLogger - skip non existing resourceDirectory D:\Sunbeam_Cdac\CDAC\FinalProject_J004\Project\Project\spring_boot_backend_security_jwt_template\src\test\resources
2024-08-07 06:19:39,462 [Worker-52: Building] INFO  o.e.m.c.i.embedder.EclipseLogger - Using 'UTF-8' encoding to copy filtered resources.
2024-08-07 06:19:39,462 [Worker-52: Building] INFO  o.e.m.c.i.embedder.EclipseLogger - Using 'UTF-8' encoding to copy filtered properties files.
2024-08-07 06:19:39,462 [Worker-52: Building] INFO  o.e.m.c.i.embedder.EclipseLogger - Copying 1 resource
2024-08-07 06:19:39,477 [Worker-52: Building] INFO  o.e.m.c.i.embedder.EclipseLogger - Copying 0 resource
2024-08-07 06:19:39,477 [Worker-52: Building] INFO  o.e.m.c.i.embedder.EclipseLogger - Using 'UTF-8' encoding to copy filtered resources.
2024-08-07 06:19:39,477 [Worker-52: Building] INFO  o.e.m.c.i.embedder.EclipseLogger - Using 'UTF-8' encoding to copy filtered properties files.
2024-08-07 06:19:39,477 [Worker-52: Building] INFO  o.e.m.c.i.embedder.EclipseLogger - skip non existing resourceDirectory D:\Sunbeam_Cdac\CDAC\FinalProject_J004\Project\Project\spring_boot_backend_security_jwt_template\src\test\resources
2024-08-07 06:19:42,735 [Worker-58: Building] INFO  o.e.m.c.i.embedder.EclipseLogger - Using 'UTF-8' encoding to copy filtered resources.
2024-08-07 06:19:42,735 [Worker-58: Building] INFO  o.e.m.c.i.embedder.EclipseLogger - Using 'UTF-8' encoding to copy filtered properties files.
2024-08-07 06:19:42,735 [Worker-58: Building] INFO  o.e.m.c.i.embedder.EclipseLogger - Copying 1 resource
2024-08-07 06:19:42,735 [Worker-58: Building] INFO  o.e.m.c.i.embedder.EclipseLogger - Copying 0 resource
2024-08-07 06:19:42,735 [Worker-58: Building] INFO  o.e.m.c.i.embedder.EclipseLogger - Using 'UTF-8' encoding to copy filtered resources.
2024-08-07 06:19:42,735 [Worker-58: Building] INFO  o.e.m.c.i.embedder.EclipseLogger - Using 'UTF-8' encoding to copy filtered properties files.
2024-08-07 06:19:42,735 [Worker-58: Building] INFO  o.e.m.c.i.embedder.EclipseLogger - skip non existing resourceDirectory D:\Sunbeam_Cdac\CDAC\FinalProject_J004\Project\Project\spring_boot_backend_security_jwt_template\src\test\resources
2024-08-07 06:20:06,598 [Worker-48: Building] INFO  o.e.m.c.i.embedder.EclipseLogger - Using 'UTF-8' encoding to copy filtered resources.
2024-08-07 06:20:06,598 [Worker-48: Building] INFO  o.e.m.c.i.embedder.EclipseLogger - Using 'UTF-8' encoding to copy filtered properties files.
2024-08-07 06:20:06,598 [Worker-48: Building] INFO  o.e.m.c.i.embedder.EclipseLogger - Copying 1 resource
2024-08-07 06:20:06,598 [Worker-48: Building] INFO  o.e.m.c.i.embedder.EclipseLogger - Copying 0 resource
2024-08-07 06:20:06,613 [Worker-48: Building] INFO  o.e.m.c.i.embedder.EclipseLogger - Using 'UTF-8' encoding to copy filtered resources.
2024-08-07 06:20:06,613 [Worker-48: Building] INFO  o.e.m.c.i.embedder.EclipseLogger - Using 'UTF-8' encoding to copy filtered properties files.
2024-08-07 06:20:06,613 [Worker-48: Building] INFO  o.e.m.c.i.embedder.EclipseLogger - skip non existing resourceDirectory D:\Sunbeam_Cdac\CDAC\FinalProject_J004\Project\Project\spring_boot_backend_security_jwt_template\src\test\resources
2024-08-07 06:20:55,719 [Worker-45: Building] INFO  o.e.m.c.i.embedder.EclipseLogger - Using 'UTF-8' encoding to copy filtered resources.
2024-08-07 06:20:55,719 [Worker-45: Building] INFO  o.e.m.c.i.embedder.EclipseLogger - Using 'UTF-8' encoding to copy filtered properties files.
2024-08-07 06:20:55,719 [Worker-45: Building] INFO  o.e.m.c.i.embedder.EclipseLogger - Copying 1 resource
2024-08-07 06:20:55,735 [Worker-45: Building] INFO  o.e.m.c.i.embedder.EclipseLogger - Copying 0 resource
2024-08-07 06:20:55,735 [Worker-45: Building] INFO  o.e.m.c.i.embedder.EclipseLogger - Using 'UTF-8' encoding to copy filtered resources.
2024-08-07 06:20:55,735 [Worker-45: Building] INFO  o.e.m.c.i.embedder.EclipseLogger - Using 'UTF-8' encoding to copy filtered properties files.
2024-08-07 06:20:55,735 [Worker-45: Building] INFO  o.e.m.c.i.embedder.EclipseLogger - skip non existing resourceDirectory D:\Sunbeam_Cdac\CDAC\FinalProject_J004\Project\Project\spring_boot_backend_security_jwt_template\src\test\resources
2024-08-07 06:21:17,711 [Worker-56: Building] INFO  o.e.m.c.i.embedder.EclipseLogger - Using 'UTF-8' encoding to copy filtered resources.
2024-08-07 06:21:17,711 [Worker-56: Building] INFO  o.e.m.c.i.embedder.EclipseLogger - Using 'UTF-8' encoding to copy filtered properties files.
2024-08-07 06:21:17,711 [Worker-56: Building] INFO  o.e.m.c.i.embedder.EclipseLogger - Copying 1 resource
2024-08-07 06:21:17,727 [Worker-56: Building] INFO  o.e.m.c.i.embedder.EclipseLogger - Copying 0 resource
2024-08-07 06:21:17,727 [Worker-56: Building] INFO  o.e.m.c.i.embedder.EclipseLogger - Using 'UTF-8' encoding to copy filtered resources.
2024-08-07 06:21:17,727 [Worker-56: Building] INFO  o.e.m.c.i.embedder.EclipseLogger - Using 'UTF-8' encoding to copy filtered properties files.
2024-08-07 06:21:17,727 [Worker-56: Building] INFO  o.e.m.c.i.embedder.EclipseLogger - skip non existing resourceDirectory D:\Sunbeam_Cdac\CDAC\FinalProject_J004\Project\Project\spring_boot_backend_security_jwt_template\src\test\resources
2024-08-07 06:21:38,275 [Worker-53: Building] INFO  o.e.m.c.i.embedder.EclipseLogger - Using 'UTF-8' encoding to copy filtered resources.
2024-08-07 06:21:38,275 [Worker-53: Building] INFO  o.e.m.c.i.embedder.EclipseLogger - Using 'UTF-8' encoding to copy filtered properties files.
2024-08-07 06:21:38,275 [Worker-53: Building] INFO  o.e.m.c.i.embedder.EclipseLogger - Copying 1 resource
2024-08-07 06:21:38,291 [Worker-53: Building] INFO  o.e.m.c.i.embedder.EclipseLogger - Copying 0 resource
2024-08-07 06:21:38,291 [Worker-53: Building] INFO  o.e.m.c.i.embedder.EclipseLogger - Using 'UTF-8' encoding to copy filtered resources.
2024-08-07 06:21:38,291 [Worker-53: Building] INFO  o.e.m.c.i.embedder.EclipseLogger - Using 'UTF-8' encoding to copy filtered properties files.
2024-08-07 06:21:38,291 [Worker-53: Building] INFO  o.e.m.c.i.embedder.EclipseLogger - skip non existing resourceDirectory D:\Sunbeam_Cdac\CDAC\FinalProject_J004\Project\Project\spring_boot_backend_security_jwt_template\src\test\resources
2024-08-07 06:22:26,945 [Worker-60: Building] INFO  o.e.m.c.i.embedder.EclipseLogger - Using 'UTF-8' encoding to copy filtered resources.
2024-08-07 06:22:26,945 [Worker-60: Building] INFO  o.e.m.c.i.embedder.EclipseLogger - Using 'UTF-8' encoding to copy filtered properties files.
2024-08-07 06:22:26,945 [Worker-60: Building] INFO  o.e.m.c.i.embedder.EclipseLogger - Copying 1 resource
2024-08-07 06:22:26,960 [Worker-60: Building] INFO  o.e.m.c.i.embedder.EclipseLogger - Copying 0 resource
2024-08-07 06:22:26,960 [Worker-60: Building] INFO  o.e.m.c.i.embedder.EclipseLogger - Using 'UTF-8' encoding to copy filtered resources.
2024-08-07 06:22:26,960 [Worker-60: Building] INFO  o.e.m.c.i.embedder.EclipseLogger - Using 'UTF-8' encoding to copy filtered properties files.
2024-08-07 06:22:26,960 [Worker-60: Building] INFO  o.e.m.c.i.embedder.EclipseLogger - skip non existing resourceDirectory D:\Sunbeam_Cdac\CDAC\FinalProject_J004\Project\Project\spring_boot_backend_security_jwt_template\src\test\resources
2024-08-07 06:22:37,127 [Worker-64: Building] INFO  o.e.m.c.i.embedder.EclipseLogger - Using 'UTF-8' encoding to copy filtered resources.
2024-08-07 06:22:37,127 [Worker-64: Building] INFO  o.e.m.c.i.embedder.EclipseLogger - Using 'UTF-8' encoding to copy filtered properties files.
2024-08-07 06:22:37,127 [Worker-64: Building] INFO  o.e.m.c.i.embedder.EclipseLogger - Copying 1 resource
2024-08-07 06:22:37,127 [Worker-64: Building] INFO  o.e.m.c.i.embedder.EclipseLogger - Copying 0 resource
2024-08-07 06:22:37,127 [Worker-64: Building] INFO  o.e.m.c.i.embedder.EclipseLogger - Using 'UTF-8' encoding to copy filtered resources.
2024-08-07 06:22:37,127 [Worker-64: Building] INFO  o.e.m.c.i.embedder.EclipseLogger - Using 'UTF-8' encoding to copy filtered properties files.
2024-08-07 06:22:37,127 [Worker-64: Building] INFO  o.e.m.c.i.embedder.EclipseLogger - skip non existing resourceDirectory D:\Sunbeam_Cdac\CDAC\FinalProject_J004\Project\Project\spring_boot_backend_security_jwt_template\src\test\resources
2024-08-07 06:22:58,857 [Worker-53: Building] INFO  o.e.m.c.i.embedder.EclipseLogger - Using 'UTF-8' encoding to copy filtered resources.
2024-08-07 06:22:58,857 [Worker-53: Building] INFO  o.e.m.c.i.embedder.EclipseLogger - Using 'UTF-8' encoding to copy filtered properties files.
2024-08-07 06:22:58,857 [Worker-53: Building] INFO  o.e.m.c.i.embedder.EclipseLogger - Copying 1 resource
2024-08-07 06:22:58,872 [Worker-53: Building] INFO  o.e.m.c.i.embedder.EclipseLogger - Copying 0 resource
2024-08-07 06:22:58,872 [Worker-53: Building] INFO  o.e.m.c.i.embedder.EclipseLogger - Using 'UTF-8' encoding to copy filtered resources.
2024-08-07 06:22:58,872 [Worker-53: Building] INFO  o.e.m.c.i.embedder.EclipseLogger - Using 'UTF-8' encoding to copy filtered properties files.
2024-08-07 06:22:58,872 [Worker-53: Building] INFO  o.e.m.c.i.embedder.EclipseLogger - skip non existing resourceDirectory D:\Sunbeam_Cdac\CDAC\FinalProject_J004\Project\Project\spring_boot_backend_security_jwt_template\src\test\resources
2024-08-07 06:23:22,416 [Worker-60: Building] INFO  o.e.m.c.i.embedder.EclipseLogger - Using 'UTF-8' encoding to copy filtered resources.
2024-08-07 06:23:22,416 [Worker-60: Building] INFO  o.e.m.c.i.embedder.EclipseLogger - Using 'UTF-8' encoding to copy filtered properties files.
2024-08-07 06:23:22,416 [Worker-60: Building] INFO  o.e.m.c.i.embedder.EclipseLogger - Copying 1 resource
2024-08-07 06:23:22,432 [Worker-60: Building] INFO  o.e.m.c.i.embedder.EclipseLogger - Copying 0 resource
2024-08-07 06:23:22,432 [Worker-60: Building] INFO  o.e.m.c.i.embedder.EclipseLogger - Using 'UTF-8' encoding to copy filtered resources.
2024-08-07 06:23:22,432 [Worker-60: Building] INFO  o.e.m.c.i.embedder.EclipseLogger - Using 'UTF-8' encoding to copy filtered properties files.
2024-08-07 06:23:22,432 [Worker-60: Building] INFO  o.e.m.c.i.embedder.EclipseLogger - skip non existing resourceDirectory D:\Sunbeam_Cdac\CDAC\FinalProject_J004\Project\Project\spring_boot_backend_security_jwt_template\src\test\resources
2024-08-07 06:23:32,140 [Worker-58: Building] INFO  o.e.m.c.i.embedder.EclipseLogger - Using 'UTF-8' encoding to copy filtered resources.
2024-08-07 06:23:32,140 [Worker-58: Building] INFO  o.e.m.c.i.embedder.EclipseLogger - Using 'UTF-8' encoding to copy filtered properties files.
2024-08-07 06:23:32,140 [Worker-58: Building] INFO  o.e.m.c.i.embedder.EclipseLogger - Copying 1 resource
2024-08-07 06:23:32,156 [Worker-58: Building] INFO  o.e.m.c.i.embedder.EclipseLogger - Copying 0 resource
2024-08-07 06:23:32,156 [Worker-58: Building] INFO  o.e.m.c.i.embedder.EclipseLogger - Using 'UTF-8' encoding to copy filtered resources.
2024-08-07 06:23:32,156 [Worker-58: Building] INFO  o.e.m.c.i.embedder.EclipseLogger - Using 'UTF-8' encoding to copy filtered properties files.
2024-08-07 06:23:32,156 [Worker-58: Building] INFO  o.e.m.c.i.embedder.EclipseLogger - skip non existing resourceDirectory D:\Sunbeam_Cdac\CDAC\FinalProject_J004\Project\Project\spring_boot_backend_security_jwt_template\src\test\resources
2024-08-07 06:29:08,856 [Worker-45: Building] INFO  o.e.m.c.i.embedder.EclipseLogger - Using 'UTF-8' encoding to copy filtered resources.
2024-08-07 06:29:08,856 [Worker-45: Building] INFO  o.e.m.c.i.embedder.EclipseLogger - Using 'UTF-8' encoding to copy filtered properties files.
2024-08-07 06:29:08,856 [Worker-45: Building] INFO  o.e.m.c.i.embedder.EclipseLogger - Copying 1 resource
2024-08-07 06:29:08,872 [Worker-45: Building] INFO  o.e.m.c.i.embedder.EclipseLogger - Copying 0 resource
2024-08-07 06:29:08,872 [Worker-45: Building] INFO  o.e.m.c.i.embedder.EclipseLogger - Using 'UTF-8' encoding to copy filtered resources.
2024-08-07 06:29:08,872 [Worker-45: Building] INFO  o.e.m.c.i.embedder.EclipseLogger - Using 'UTF-8' encoding to copy filtered properties files.
2024-08-07 06:29:08,872 [Worker-45: Building] INFO  o.e.m.c.i.embedder.EclipseLogger - skip non existing resourceDirectory D:\Sunbeam_Cdac\CDAC\FinalProject_J004\Project\Project\spring_boot_backend_security_jwt_template\src\test\resources
2024-08-07 06:29:29,343 [Worker-45: Building] INFO  o.e.m.c.i.embedder.EclipseLogger - Using 'UTF-8' encoding to copy filtered resources.
2024-08-07 06:29:29,343 [Worker-45: Building] INFO  o.e.m.c.i.embedder.EclipseLogger - Using 'UTF-8' encoding to copy filtered properties files.
2024-08-07 06:29:29,359 [Worker-45: Building] INFO  o.e.m.c.i.embedder.EclipseLogger - Copying 1 resource
2024-08-07 06:29:29,359 [Worker-45: Building] INFO  o.e.m.c.i.embedder.EclipseLogger - Copying 0 resource
2024-08-07 06:29:29,359 [Worker-45: Building] INFO  o.e.m.c.i.embedder.EclipseLogger - Using 'UTF-8' encoding to copy filtered resources.
2024-08-07 06:29:29,359 [Worker-45: Building] INFO  o.e.m.c.i.embedder.EclipseLogger - Using 'UTF-8' encoding to copy filtered properties files.
2024-08-07 06:29:29,359 [Worker-45: Building] INFO  o.e.m.c.i.embedder.EclipseLogger - skip non existing resourceDirectory D:\Sunbeam_Cdac\CDAC\FinalProject_J004\Project\Project\spring_boot_backend_security_jwt_template\src\test\resources
2024-08-07 06:29:52,828 [Worker-59: Building] INFO  o.e.m.c.i.embedder.EclipseLogger - Using 'UTF-8' encoding to copy filtered resources.
2024-08-07 06:29:52,828 [Worker-59: Building] INFO  o.e.m.c.i.embedder.EclipseLogger - Using 'UTF-8' encoding to copy filtered properties files.
2024-08-07 06:29:52,828 [Worker-59: Building] INFO  o.e.m.c.i.embedder.EclipseLogger - Copying 1 resource
2024-08-07 06:29:52,828 [Worker-59: Building] INFO  o.e.m.c.i.embedder.EclipseLogger - Copying 0 resource
2024-08-07 06:29:52,844 [Worker-59: Building] INFO  o.e.m.c.i.embedder.EclipseLogger - Using 'UTF-8' encoding to copy filtered resources.
2024-08-07 06:29:52,844 [Worker-59: Building] INFO  o.e.m.c.i.embedder.EclipseLogger - Using 'UTF-8' encoding to copy filtered properties files.
2024-08-07 06:29:52,844 [Worker-59: Building] INFO  o.e.m.c.i.embedder.EclipseLogger - skip non existing resourceDirectory D:\Sunbeam_Cdac\CDAC\FinalProject_J004\Project\Project\spring_boot_backend_security_jwt_template\src\test\resources
2024-08-07 06:30:26,710 [Worker-66: Building] INFO  o.e.m.c.i.embedder.EclipseLogger - Using 'UTF-8' encoding to copy filtered resources.
2024-08-07 06:30:26,710 [Worker-66: Building] INFO  o.e.m.c.i.embedder.EclipseLogger - Using 'UTF-8' encoding to copy filtered properties files.
2024-08-07 06:30:26,710 [Worker-66: Building] INFO  o.e.m.c.i.embedder.EclipseLogger - Copying 1 resource
2024-08-07 06:30:26,742 [Worker-66: Building] INFO  o.e.m.c.i.embedder.EclipseLogger - Copying 0 resource
2024-08-07 06:30:26,742 [Worker-66: Building] INFO  o.e.m.c.i.embedder.EclipseLogger - Using 'UTF-8' encoding to copy filtered resources.
2024-08-07 06:30:26,742 [Worker-66: Building] INFO  o.e.m.c.i.embedder.EclipseLogger - Using 'UTF-8' encoding to copy filtered properties files.
2024-08-07 06:30:26,742 [Worker-66: Building] INFO  o.e.m.c.i.embedder.EclipseLogger - skip non existing resourceDirectory D:\Sunbeam_Cdac\CDAC\FinalProject_J004\Project\Project\spring_boot_backend_security_jwt_template\src\test\resources
2024-08-07 06:31:50,452 [Worker-68: Building] INFO  o.e.m.c.i.embedder.EclipseLogger - Using 'UTF-8' encoding to copy filtered resources.
2024-08-07 06:31:50,452 [Worker-68: Building] INFO  o.e.m.c.i.embedder.EclipseLogger - Using 'UTF-8' encoding to copy filtered properties files.
2024-08-07 06:31:50,452 [Worker-68: Building] INFO  o.e.m.c.i.embedder.EclipseLogger - Copying 1 resource
2024-08-07 06:31:50,483 [Worker-68: Building] INFO  o.e.m.c.i.embedder.EclipseLogger - Copying 0 resource
2024-08-07 06:31:50,483 [Worker-68: Building] INFO  o.e.m.c.i.embedder.EclipseLogger - Using 'UTF-8' encoding to copy filtered resources.
2024-08-07 06:31:50,483 [Worker-68: Building] INFO  o.e.m.c.i.embedder.EclipseLogger - Using 'UTF-8' encoding to copy filtered properties files.
2024-08-07 06:31:50,483 [Worker-68: Building] INFO  o.e.m.c.i.embedder.EclipseLogger - skip non existing resourceDirectory D:\Sunbeam_Cdac\CDAC\FinalProject_J004\Project\Project\spring_boot_backend_security_jwt_template\src\test\resources
2024-08-07 06:32:57,673 [Worker-69: Building] INFO  o.e.m.c.i.embedder.EclipseLogger - Using 'UTF-8' encoding to copy filtered resources.
2024-08-07 06:32:57,673 [Worker-69: Building] INFO  o.e.m.c.i.embedder.EclipseLogger - Using 'UTF-8' encoding to copy filtered properties files.
2024-08-07 06:32:57,673 [Worker-69: Building] INFO  o.e.m.c.i.embedder.EclipseLogger - Copying 1 resource
2024-08-07 06:32:57,673 [Worker-69: Building] INFO  o.e.m.c.i.embedder.EclipseLogger - Copying 0 resource
2024-08-07 06:32:57,689 [Worker-69: Building] INFO  o.e.m.c.i.embedder.EclipseLogger - Using 'UTF-8' encoding to copy filtered resources.
2024-08-07 06:32:57,689 [Worker-69: Building] INFO  o.e.m.c.i.embedder.EclipseLogger - Using 'UTF-8' encoding to copy filtered properties files.
2024-08-07 06:32:57,689 [Worker-69: Building] INFO  o.e.m.c.i.embedder.EclipseLogger - skip non existing resourceDirectory D:\Sunbeam_Cdac\CDAC\FinalProject_J004\Project\Project\spring_boot_backend_security_jwt_template\src\test\resources
2024-08-07 06:35:01,265 [Worker-68: Building] INFO  o.e.m.c.i.embedder.EclipseLogger - Using 'UTF-8' encoding to copy filtered resources.
2024-08-07 06:35:01,265 [Worker-68: Building] INFO  o.e.m.c.i.embedder.EclipseLogger - Using 'UTF-8' encoding to copy filtered properties files.
2024-08-07 06:35:01,265 [Worker-68: Building] INFO  o.e.m.c.i.embedder.EclipseLogger - Copying 1 resource
2024-08-07 06:35:01,297 [Worker-68: Building] INFO  o.e.m.c.i.embedder.EclipseLogger - Copying 0 resource
2024-08-07 06:35:01,297 [Worker-68: Building] INFO  o.e.m.c.i.embedder.EclipseLogger - Using 'UTF-8' encoding to copy filtered resources.
2024-08-07 06:35:01,297 [Worker-68: Building] INFO  o.e.m.c.i.embedder.EclipseLogger - Using 'UTF-8' encoding to copy filtered properties files.
2024-08-07 06:35:01,297 [Worker-68: Building] INFO  o.e.m.c.i.embedder.EclipseLogger - skip non existing resourceDirectory D:\Sunbeam_Cdac\CDAC\FinalProject_J004\Project\Project\spring_boot_backend_security_jwt_template\src\test\resources
2024-08-07 06:35:25,460 [Worker-59: Building] INFO  o.e.m.c.i.embedder.EclipseLogger - Using 'UTF-8' encoding to copy filtered resources.
2024-08-07 06:35:25,460 [Worker-59: Building] INFO  o.e.m.c.i.embedder.EclipseLogger - Using 'UTF-8' encoding to copy filtered properties files.
2024-08-07 06:35:25,460 [Worker-59: Building] INFO  o.e.m.c.i.embedder.EclipseLogger - Copying 1 resource
2024-08-07 06:35:25,460 [Worker-59: Building] INFO  o.e.m.c.i.embedder.EclipseLogger - Copying 0 resource
2024-08-07 06:35:25,460 [Worker-59: Building] INFO  o.e.m.c.i.embedder.EclipseLogger - Using 'UTF-8' encoding to copy filtered resources.
2024-08-07 06:35:25,460 [Worker-59: Building] INFO  o.e.m.c.i.embedder.EclipseLogger - Using 'UTF-8' encoding to copy filtered properties files.
2024-08-07 06:35:25,460 [Worker-59: Building] INFO  o.e.m.c.i.embedder.EclipseLogger - skip non existing resourceDirectory D:\Sunbeam_Cdac\CDAC\FinalProject_J004\Project\Project\spring_boot_backend_security_jwt_template\src\test\resources
2024-08-07 06:36:22,729 [Worker-69: Building] INFO  o.e.m.c.i.embedder.EclipseLogger - Using 'UTF-8' encoding to copy filtered resources.
2024-08-07 06:36:22,729 [Worker-69: Building] INFO  o.e.m.c.i.embedder.EclipseLogger - Using 'UTF-8' encoding to copy filtered properties files.
2024-08-07 06:36:22,729 [Worker-69: Building] INFO  o.e.m.c.i.embedder.EclipseLogger - Copying 1 resource
2024-08-07 06:36:22,745 [Worker-69: Building] INFO  o.e.m.c.i.embedder.EclipseLogger - Copying 0 resource
2024-08-07 06:36:22,745 [Worker-69: Building] INFO  o.e.m.c.i.embedder.EclipseLogger - Using 'UTF-8' encoding to copy filtered resources.
2024-08-07 06:36:22,745 [Worker-69: Building] INFO  o.e.m.c.i.embedder.EclipseLogger - Using 'UTF-8' encoding to copy filtered properties files.
2024-08-07 06:36:22,745 [Worker-69: Building] INFO  o.e.m.c.i.embedder.EclipseLogger - skip non existing resourceDirectory D:\Sunbeam_Cdac\CDAC\FinalProject_J004\Project\Project\spring_boot_backend_security_jwt_template\src\test\resources
2024-08-07 06:37:25,232 [Worker-69: Building] INFO  o.e.m.c.i.embedder.EclipseLogger - Using 'UTF-8' encoding to copy filtered resources.
2024-08-07 06:37:25,232 [Worker-69: Building] INFO  o.e.m.c.i.embedder.EclipseLogger - Using 'UTF-8' encoding to copy filtered properties files.
2024-08-07 06:37:25,232 [Worker-69: Building] INFO  o.e.m.c.i.embedder.EclipseLogger - Copying 1 resource
2024-08-07 06:37:25,248 [Worker-69: Building] INFO  o.e.m.c.i.embedder.EclipseLogger - Copying 0 resource
2024-08-07 06:37:25,248 [Worker-69: Building] INFO  o.e.m.c.i.embedder.EclipseLogger - Using 'UTF-8' encoding to copy filtered resources.
2024-08-07 06:37:25,248 [Worker-69: Building] INFO  o.e.m.c.i.embedder.EclipseLogger - Using 'UTF-8' encoding to copy filtered properties files.
2024-08-07 06:37:25,248 [Worker-69: Building] INFO  o.e.m.c.i.embedder.EclipseLogger - skip non existing resourceDirectory D:\Sunbeam_Cdac\CDAC\FinalProject_J004\Project\Project\spring_boot_backend_security_jwt_template\src\test\resources
2024-08-07 06:40:13,243 [Worker-68: Building] INFO  o.e.m.c.i.embedder.EclipseLogger - Using 'UTF-8' encoding to copy filtered resources.
2024-08-07 06:40:13,243 [Worker-68: Building] INFO  o.e.m.c.i.embedder.EclipseLogger - Using 'UTF-8' encoding to copy filtered properties files.
2024-08-07 06:40:13,243 [Worker-68: Building] INFO  o.e.m.c.i.embedder.EclipseLogger - Copying 1 resource
2024-08-07 06:40:13,258 [Worker-68: Building] INFO  o.e.m.c.i.embedder.EclipseLogger - Copying 0 resource
2024-08-07 06:40:13,258 [Worker-68: Building] INFO  o.e.m.c.i.embedder.EclipseLogger - Using 'UTF-8' encoding to copy filtered resources.
2024-08-07 06:40:13,258 [Worker-68: Building] INFO  o.e.m.c.i.embedder.EclipseLogger - Using 'UTF-8' encoding to copy filtered properties files.
2024-08-07 06:40:13,258 [Worker-68: Building] INFO  o.e.m.c.i.embedder.EclipseLogger - skip non existing resourceDirectory D:\Sunbeam_Cdac\CDAC\FinalProject_J004\Project\Project\spring_boot_backend_security_jwt_template\src\test\resources
2024-08-07 06:43:01,839 [Worker-74: Building] INFO  o.e.m.c.i.embedder.EclipseLogger - Using 'UTF-8' encoding to copy filtered resources.
2024-08-07 06:43:01,839 [Worker-74: Building] INFO  o.e.m.c.i.embedder.EclipseLogger - Using 'UTF-8' encoding to copy filtered properties files.
2024-08-07 06:43:01,839 [Worker-74: Building] INFO  o.e.m.c.i.embedder.EclipseLogger - Copying 1 resource
2024-08-07 06:43:01,839 [Worker-74: Building] INFO  o.e.m.c.i.embedder.EclipseLogger - Copying 0 resource
2024-08-07 06:43:01,854 [Worker-74: Building] INFO  o.e.m.c.i.embedder.EclipseLogger - Using 'UTF-8' encoding to copy filtered resources.
2024-08-07 06:43:01,854 [Worker-74: Building] INFO  o.e.m.c.i.embedder.EclipseLogger - Using 'UTF-8' encoding to copy filtered properties files.
2024-08-07 06:43:01,854 [Worker-74: Building] INFO  o.e.m.c.i.embedder.EclipseLogger - skip non existing resourceDirectory D:\Sunbeam_Cdac\CDAC\FinalProject_J004\Project\Project\spring_boot_backend_security_jwt_template\src\test\resources
2024-08-07 06:43:58,325 [Worker-74: Building] INFO  o.e.m.c.i.embedder.EclipseLogger - Using 'UTF-8' encoding to copy filtered resources.
2024-08-07 06:43:58,325 [Worker-74: Building] INFO  o.e.m.c.i.embedder.EclipseLogger - Using 'UTF-8' encoding to copy filtered properties files.
2024-08-07 06:43:58,325 [Worker-74: Building] INFO  o.e.m.c.i.embedder.EclipseLogger - Copying 1 resource
2024-08-07 06:43:58,347 [Worker-74: Building] INFO  o.e.m.c.i.embedder.EclipseLogger - Copying 0 resource
2024-08-07 06:43:58,347 [Worker-74: Building] INFO  o.e.m.c.i.embedder.EclipseLogger - Using 'UTF-8' encoding to copy filtered resources.
2024-08-07 06:43:58,347 [Worker-74: Building] INFO  o.e.m.c.i.embedder.EclipseLogger - Using 'UTF-8' encoding to copy filtered properties files.
2024-08-07 06:43:58,347 [Worker-74: Building] INFO  o.e.m.c.i.embedder.EclipseLogger - skip non existing resourceDirectory D:\Sunbeam_Cdac\CDAC\FinalProject_J004\Project\Project\spring_boot_backend_security_jwt_template\src\test\resources
2024-08-07 06:44:40,243 [Worker-67: Building] INFO  o.e.m.c.i.embedder.EclipseLogger - Using 'UTF-8' encoding to copy filtered resources.
2024-08-07 06:44:40,243 [Worker-67: Building] INFO  o.e.m.c.i.embedder.EclipseLogger - Using 'UTF-8' encoding to copy filtered properties files.
2024-08-07 06:44:40,243 [Worker-67: Building] INFO  o.e.m.c.i.embedder.EclipseLogger - Copying 1 resource
2024-08-07 06:44:40,274 [Worker-67: Building] INFO  o.e.m.c.i.embedder.EclipseLogger - Copying 0 resource
2024-08-07 06:44:40,274 [Worker-67: Building] INFO  o.e.m.c.i.embedder.EclipseLogger - Using 'UTF-8' encoding to copy filtered resources.
2024-08-07 06:44:40,274 [Worker-67: Building] INFO  o.e.m.c.i.embedder.EclipseLogger - Using 'UTF-8' encoding to copy filtered properties files.
2024-08-07 06:44:40,274 [Worker-67: Building] INFO  o.e.m.c.i.embedder.EclipseLogger - skip non existing resourceDirectory D:\Sunbeam_Cdac\CDAC\FinalProject_J004\Project\Project\spring_boot_backend_security_jwt_template\src\test\resources
2024-08-07 06:45:06,807 [Worker-76: Building] INFO  o.e.m.c.i.embedder.EclipseLogger - Using 'UTF-8' encoding to copy filtered resources.
2024-08-07 06:45:06,807 [Worker-76: Building] INFO  o.e.m.c.i.embedder.EclipseLogger - Using 'UTF-8' encoding to copy filtered properties files.
2024-08-07 06:45:06,807 [Worker-76: Building] INFO  o.e.m.c.i.embedder.EclipseLogger - Copying 1 resource
2024-08-07 06:45:06,823 [Worker-76: Building] INFO  o.e.m.c.i.embedder.EclipseLogger - Copying 0 resource
2024-08-07 06:45:06,823 [Worker-76: Building] INFO  o.e.m.c.i.embedder.EclipseLogger - Using 'UTF-8' encoding to copy filtered resources.
2024-08-07 06:45:06,823 [Worker-76: Building] INFO  o.e.m.c.i.embedder.EclipseLogger - Using 'UTF-8' encoding to copy filtered properties files.
2024-08-07 06:45:06,823 [Worker-76: Building] INFO  o.e.m.c.i.embedder.EclipseLogger - skip non existing resourceDirectory D:\Sunbeam_Cdac\CDAC\FinalProject_J004\Project\Project\spring_boot_backend_security_jwt_template\src\test\resources
2024-08-07 06:45:48,403 [Worker-76: Building] INFO  o.e.m.c.i.embedder.EclipseLogger - Using 'UTF-8' encoding to copy filtered resources.
2024-08-07 06:45:48,403 [Worker-76: Building] INFO  o.e.m.c.i.embedder.EclipseLogger - Using 'UTF-8' encoding to copy filtered properties files.
2024-08-07 06:45:48,403 [Worker-76: Building] INFO  o.e.m.c.i.embedder.EclipseLogger - Copying 1 resource
2024-08-07 06:45:48,403 [Worker-76: Building] INFO  o.e.m.c.i.embedder.EclipseLogger - Copying 0 resource
2024-08-07 06:45:48,419 [Worker-76: Building] INFO  o.e.m.c.i.embedder.EclipseLogger - Using 'UTF-8' encoding to copy filtered resources.
2024-08-07 06:45:48,419 [Worker-76: Building] INFO  o.e.m.c.i.embedder.EclipseLogger - Using 'UTF-8' encoding to copy filtered properties files.
2024-08-07 06:45:48,419 [Worker-76: Building] INFO  o.e.m.c.i.embedder.EclipseLogger - skip non existing resourceDirectory D:\Sunbeam_Cdac\CDAC\FinalProject_J004\Project\Project\spring_boot_backend_security_jwt_template\src\test\resources
2024-08-07 06:46:01,905 [Worker-67: Building] INFO  o.e.m.c.i.embedder.EclipseLogger - Using 'UTF-8' encoding to copy filtered resources.
2024-08-07 06:46:01,905 [Worker-67: Building] INFO  o.e.m.c.i.embedder.EclipseLogger - Using 'UTF-8' encoding to copy filtered properties files.
2024-08-07 06:46:01,905 [Worker-67: Building] INFO  o.e.m.c.i.embedder.EclipseLogger - Copying 1 resource
2024-08-07 06:46:01,921 [Worker-67: Building] INFO  o.e.m.c.i.embedder.EclipseLogger - Copying 0 resource
2024-08-07 06:46:01,921 [Worker-67: Building] INFO  o.e.m.c.i.embedder.EclipseLogger - Using 'UTF-8' encoding to copy filtered resources.
2024-08-07 06:46:01,921 [Worker-67: Building] INFO  o.e.m.c.i.embedder.EclipseLogger - Using 'UTF-8' encoding to copy filtered properties files.
2024-08-07 06:46:01,921 [Worker-67: Building] INFO  o.e.m.c.i.embedder.EclipseLogger - skip non existing resourceDirectory D:\Sunbeam_Cdac\CDAC\FinalProject_J004\Project\Project\spring_boot_backend_security_jwt_template\src\test\resources
2024-08-07 06:46:29,454 [Worker-67: Building] INFO  o.e.m.c.i.embedder.EclipseLogger - Using 'UTF-8' encoding to copy filtered resources.
2024-08-07 06:46:29,454 [Worker-67: Building] INFO  o.e.m.c.i.embedder.EclipseLogger - Using 'UTF-8' encoding to copy filtered properties files.
2024-08-07 06:46:29,454 [Worker-67: Building] INFO  o.e.m.c.i.embedder.EclipseLogger - Copying 1 resource
2024-08-07 06:46:29,470 [Worker-67: Building] INFO  o.e.m.c.i.embedder.EclipseLogger - Copying 0 resource
2024-08-07 06:46:29,470 [Worker-67: Building] INFO  o.e.m.c.i.embedder.EclipseLogger - Using 'UTF-8' encoding to copy filtered resources.
2024-08-07 06:46:29,470 [Worker-67: Building] INFO  o.e.m.c.i.embedder.EclipseLogger - Using 'UTF-8' encoding to copy filtered properties files.
2024-08-07 06:46:29,470 [Worker-67: Building] INFO  o.e.m.c.i.embedder.EclipseLogger - skip non existing resourceDirectory D:\Sunbeam_Cdac\CDAC\FinalProject_J004\Project\Project\spring_boot_backend_security_jwt_template\src\test\resources
2024-08-07 06:47:42,708 [Worker-8: Loading available Gradle versions] INFO  o.e.b.c.i.u.g.PublishedGradleVersions - Gradle version information cache is up-to-date. Trying to read.
2024-08-07 06:47:56,851 [Worker-7: Updating Maven Project] INFO  o.e.m.c.i.p.ProjectConfigurationManager - Update started
2024-08-07 06:47:57,945 [Worker-7: Updating Maven Project] INFO  o.e.m.c.i.l.LifecycleMappingFactory - Using org.eclipse.m2e.jdt.JarLifecycleMapping lifecycle mapping for MavenProject: com.example:spring_boot_backend_security_jwt_template:0.0.1 @ D:\Sunbeam_Cdac\CDAC\FinalProject_J004\Project\Project\spring_boot_backend_security_jwt_template\pom.xml.
2024-08-07 06:47:59,149 [Worker-7: Updating Maven Project] INFO  o.e.m.j.i.AbstractJavaProjectConfigurator - Adding source folder /spring_boot_backend_security_jwt_template/src/main/java
2024-08-07 06:47:59,149 [Worker-7: Updating Maven Project] INFO  o.e.m.j.i.AbstractJavaProjectConfigurator - Adding resource folder /spring_boot_backend_security_jwt_template/src/main/resources
2024-08-07 06:47:59,149 [Worker-7: Updating Maven Project] INFO  o.e.m.j.i.AbstractJavaProjectConfigurator - Adding resource folder /spring_boot_backend_security_jwt_template/src/main/resources
2024-08-07 06:47:59,149 [Worker-7: Updating Maven Project] INFO  o.e.m.j.i.AbstractJavaProjectConfigurator - Adding source folder /spring_boot_backend_security_jwt_template/src/test/java
2024-08-07 06:47:59,649 [Worker-7: Updating Maven Project] INFO  o.e.m.c.i.p.ProjectConfigurationManager - Update completed: 2 sec
2024-08-07 06:48:02,621 [Worker-5: Building] INFO  o.e.m.c.i.embedder.EclipseLogger - Using 'UTF-8' encoding to copy filtered resources.
2024-08-07 06:48:02,621 [Worker-5: Building] INFO  o.e.m.c.i.embedder.EclipseLogger - Using 'UTF-8' encoding to copy filtered properties files.
2024-08-07 06:48:02,621 [Worker-5: Building] INFO  o.e.m.c.i.embedder.EclipseLogger - Copying 1 resource
2024-08-07 06:48:02,637 [Worker-5: Building] INFO  o.e.m.c.i.embedder.EclipseLogger - Copying 0 resource
2024-08-07 06:48:02,637 [Worker-5: Building] INFO  o.e.m.c.i.embedder.EclipseLogger - Using 'UTF-8' encoding to copy filtered resources.
2024-08-07 06:48:02,637 [Worker-5: Building] INFO  o.e.m.c.i.embedder.EclipseLogger - Using 'UTF-8' encoding to copy filtered properties files.
2024-08-07 06:48:02,637 [Worker-5: Building] INFO  o.e.m.c.i.embedder.EclipseLogger - skip non existing resourceDirectory D:\Sunbeam_Cdac\CDAC\FinalProject_J004\Project\Project\spring_boot_backend_security_jwt_template\src\test\resources
2024-08-07 06:51:35,385 [Worker-10: Building] INFO  o.e.m.c.i.l.LifecycleMappingFactory - Using org.eclipse.m2e.jdt.JarLifecycleMapping lifecycle mapping for MavenProject: com.example:spring_boot_backend_security_jwt_template:0.0.1 @ D:\Sunbeam_Cdac\CDAC\FinalProject_J004\Project\Project\spring_boot_backend_security_jwt_template\pom.xml.
2024-08-07 06:51:36,167 [Worker-10: Building] INFO  o.e.m.c.i.embedder.EclipseLogger - Using 'UTF-8' encoding to copy filtered resources.
2024-08-07 06:51:36,167 [Worker-10: Building] INFO  o.e.m.c.i.embedder.EclipseLogger - Using 'UTF-8' encoding to copy filtered properties files.
2024-08-07 06:51:36,167 [Worker-10: Building] INFO  o.e.m.c.i.embedder.EclipseLogger - Copying 0 resource
2024-08-07 06:51:36,167 [Worker-10: Building] INFO  o.e.m.c.i.embedder.EclipseLogger - Copying 0 resource
2024-08-07 06:51:36,167 [Worker-10: Building] INFO  o.e.m.c.i.embedder.EclipseLogger - Using 'UTF-8' encoding to copy filtered resources.
2024-08-07 06:51:36,182 [Worker-10: Building] INFO  o.e.m.c.i.embedder.EclipseLogger - Using 'UTF-8' encoding to copy filtered properties files.
2024-08-07 06:51:36,182 [Worker-10: Building] INFO  o.e.m.c.i.embedder.EclipseLogger - skip non existing resourceDirectory D:\Sunbeam_Cdac\CDAC\FinalProject_J004\Project\Project\spring_boot_backend_security_jwt_template\src\test\resources
2024-08-07 06:51:38,918 [Worker-10: Building] INFO  o.e.m.c.i.embedder.EclipseLogger - Using 'UTF-8' encoding to copy filtered resources.
2024-08-07 06:51:38,918 [Worker-10: Building] INFO  o.e.m.c.i.embedder.EclipseLogger - Using 'UTF-8' encoding to copy filtered properties files.
2024-08-07 06:51:38,918 [Worker-10: Building] INFO  o.e.m.c.i.embedder.EclipseLogger - Copying 1 resource
2024-08-07 06:51:38,933 [Worker-10: Building] INFO  o.e.m.c.i.embedder.EclipseLogger - Copying 0 resource
2024-08-07 06:51:38,933 [Worker-10: Building] INFO  o.e.m.c.i.embedder.EclipseLogger - Using 'UTF-8' encoding to copy filtered resources.
2024-08-07 06:51:38,933 [Worker-10: Building] INFO  o.e.m.c.i.embedder.EclipseLogger - Using 'UTF-8' encoding to copy filtered properties files.
2024-08-07 06:51:38,933 [Worker-10: Building] INFO  o.e.m.c.i.embedder.EclipseLogger - skip non existing resourceDirectory D:\Sunbeam_Cdac\CDAC\FinalProject_J004\Project\Project\spring_boot_backend_security_jwt_template\src\test\resources
2024-08-07 06:51:47,171 [Worker-10: Updating Maven Project] INFO  o.e.m.c.i.p.ProjectConfigurationManager - Update started
2024-08-07 06:51:47,655 [Worker-10: Updating Maven Project] INFO  o.e.m.c.i.l.LifecycleMappingFactory - Using org.eclipse.m2e.jdt.JarLifecycleMapping lifecycle mapping for MavenProject: com.example:spring_boot_backend_security_jwt_template:0.0.1 @ D:\Sunbeam_Cdac\CDAC\FinalProject_J004\Project\Project\spring_boot_backend_security_jwt_template\pom.xml.
2024-08-07 06:51:48,343 [Worker-10: Updating Maven Project] INFO  o.e.m.j.i.AbstractJavaProjectConfigurator - Adding source folder /spring_boot_backend_security_jwt_template/src/main/java
2024-08-07 06:51:48,343 [Worker-10: Updating Maven Project] INFO  o.e.m.j.i.AbstractJavaProjectConfigurator - Adding resource folder /spring_boot_backend_security_jwt_template/src/main/resources
2024-08-07 06:51:48,343 [Worker-10: Updating Maven Project] INFO  o.e.m.j.i.AbstractJavaProjectConfigurator - Adding resource folder /spring_boot_backend_security_jwt_template/src/main/resources
2024-08-07 06:51:48,343 [Worker-10: Updating Maven Project] INFO  o.e.m.j.i.AbstractJavaProjectConfigurator - Adding source folder /spring_boot_backend_security_jwt_template/src/test/java
2024-08-07 06:51:48,546 [Worker-10: Updating Maven Project] INFO  o.e.m.c.i.p.ProjectConfigurationManager - Update completed: 1 sec
2024-08-07 06:51:49,811 [Worker-11: Building] INFO  o.e.m.c.i.embedder.EclipseLogger - Using 'UTF-8' encoding to copy filtered resources.
2024-08-07 06:51:49,811 [Worker-11: Building] INFO  o.e.m.c.i.embedder.EclipseLogger - Using 'UTF-8' encoding to copy filtered properties files.
2024-08-07 06:51:49,811 [Worker-11: Building] INFO  o.e.m.c.i.embedder.EclipseLogger - Copying 1 resource
2024-08-07 06:51:49,827 [Worker-11: Building] INFO  o.e.m.c.i.embedder.EclipseLogger - Copying 0 resource
2024-08-07 06:51:49,827 [Worker-11: Building] INFO  o.e.m.c.i.embedder.EclipseLogger - Using 'UTF-8' encoding to copy filtered resources.
2024-08-07 06:51:49,827 [Worker-11: Building] INFO  o.e.m.c.i.embedder.EclipseLogger - Using 'UTF-8' encoding to copy filtered properties files.
2024-08-07 06:51:49,827 [Worker-11: Building] INFO  o.e.m.c.i.embedder.EclipseLogger - skip non existing resourceDirectory D:\Sunbeam_Cdac\CDAC\FinalProject_J004\Project\Project\spring_boot_backend_security_jwt_template\src\test\resources
2024-08-07 06:53:00,900 [Worker-13: Building] INFO  o.e.m.c.i.embedder.EclipseLogger - Using 'UTF-8' encoding to copy filtered resources.
2024-08-07 06:53:00,900 [Worker-13: Building] INFO  o.e.m.c.i.embedder.EclipseLogger - Using 'UTF-8' encoding to copy filtered properties files.
2024-08-07 06:53:00,900 [Worker-13: Building] INFO  o.e.m.c.i.embedder.EclipseLogger - Copying 1 resource
2024-08-07 06:53:00,916 [Worker-13: Building] INFO  o.e.m.c.i.embedder.EclipseLogger - Copying 0 resource
2024-08-07 06:53:00,916 [Worker-13: Building] INFO  o.e.m.c.i.embedder.EclipseLogger - Using 'UTF-8' encoding to copy filtered resources.
2024-08-07 06:53:00,916 [Worker-13: Building] INFO  o.e.m.c.i.embedder.EclipseLogger - Using 'UTF-8' encoding to copy filtered properties files.
2024-08-07 06:53:00,916 [Worker-13: Building] INFO  o.e.m.c.i.embedder.EclipseLogger - skip non existing resourceDirectory D:\Sunbeam_Cdac\CDAC\FinalProject_J004\Project\Project\spring_boot_backend_security_jwt_template\src\test\resources
2024-08-07 06:53:33,289 [Worker-16: Building] INFO  o.e.m.c.i.embedder.EclipseLogger - Using 'UTF-8' encoding to copy filtered resources.
2024-08-07 06:53:33,289 [Worker-16: Building] INFO  o.e.m.c.i.embedder.EclipseLogger - Using 'UTF-8' encoding to copy filtered properties files.
2024-08-07 06:53:33,289 [Worker-16: Building] INFO  o.e.m.c.i.embedder.EclipseLogger - Copying 1 resource
2024-08-07 06:53:33,305 [Worker-16: Building] INFO  o.e.m.c.i.embedder.EclipseLogger - Copying 0 resource
2024-08-07 06:53:33,305 [Worker-16: Building] INFO  o.e.m.c.i.embedder.EclipseLogger - Using 'UTF-8' encoding to copy filtered resources.
2024-08-07 06:53:33,305 [Worker-16: Building] INFO  o.e.m.c.i.embedder.EclipseLogger - Using 'UTF-8' encoding to copy filtered properties files.
2024-08-07 06:53:33,305 [Worker-16: Building] INFO  o.e.m.c.i.embedder.EclipseLogger - skip non existing resourceDirectory D:\Sunbeam_Cdac\CDAC\FinalProject_J004\Project\Project\spring_boot_backend_security_jwt_template\src\test\resources
2024-08-07 06:54:07,940 [Worker-13: Updating Maven Project] INFO  o.e.m.c.i.p.ProjectConfigurationManager - Update started
2024-08-07 06:54:08,330 [Worker-13: Updating Maven Project] INFO  o.e.m.c.i.l.LifecycleMappingFactory - Using org.eclipse.m2e.jdt.JarLifecycleMapping lifecycle mapping for MavenProject: com.example:spring_boot_backend_security_jwt_template:0.0.1 @ D:\Sunbeam_Cdac\CDAC\FinalProject_J004\Project\Project\spring_boot_backend_security_jwt_template\pom.xml.
2024-08-07 06:54:08,940 [Worker-13: Updating Maven Project] INFO  o.e.m.j.i.AbstractJavaProjectConfigurator - Adding source folder /spring_boot_backend_security_jwt_template/src/main/java
2024-08-07 06:54:08,940 [Worker-13: Updating Maven Project] INFO  o.e.m.j.i.AbstractJavaProjectConfigurator - Adding resource folder /spring_boot_backend_security_jwt_template/src/main/resources
2024-08-07 06:54:08,940 [Worker-13: Updating Maven Project] INFO  o.e.m.j.i.AbstractJavaProjectConfigurator - Adding resource folder /spring_boot_backend_security_jwt_template/src/main/resources
2024-08-07 06:54:08,940 [Worker-13: Updating Maven Project] INFO  o.e.m.j.i.AbstractJavaProjectConfigurator - Adding source folder /spring_boot_backend_security_jwt_template/src/test/java
2024-08-07 06:54:09,081 [Worker-13: Updating Maven Project] INFO  o.e.m.c.i.p.ProjectConfigurationManager - Update completed: 1 sec
2024-08-07 06:54:10,269 [Worker-17: Building] INFO  o.e.m.c.i.embedder.EclipseLogger - Using 'UTF-8' encoding to copy filtered resources.
2024-08-07 06:54:10,269 [Worker-17: Building] INFO  o.e.m.c.i.embedder.EclipseLogger - Using 'UTF-8' encoding to copy filtered properties files.
2024-08-07 06:54:10,269 [Worker-17: Building] INFO  o.e.m.c.i.embedder.EclipseLogger - Copying 1 resource
2024-08-07 06:54:10,300 [Worker-17: Building] INFO  o.e.m.c.i.embedder.EclipseLogger - Copying 0 resource
2024-08-07 06:54:10,300 [Worker-17: Building] INFO  o.e.m.c.i.embedder.EclipseLogger - Using 'UTF-8' encoding to copy filtered resources.
2024-08-07 06:54:10,300 [Worker-17: Building] INFO  o.e.m.c.i.embedder.EclipseLogger - Using 'UTF-8' encoding to copy filtered properties files.
2024-08-07 06:54:10,300 [Worker-17: Building] INFO  o.e.m.c.i.embedder.EclipseLogger - skip non existing resourceDirectory D:\Sunbeam_Cdac\CDAC\FinalProject_J004\Project\Project\spring_boot_backend_security_jwt_template\src\test\resources
2024-08-07 06:54:32,352 [Worker-0: Building] INFO  o.e.m.c.i.embedder.EclipseLogger - Using 'UTF-8' encoding to copy filtered resources.
2024-08-07 06:54:32,352 [Worker-0: Building] INFO  o.e.m.c.i.embedder.EclipseLogger - Using 'UTF-8' encoding to copy filtered properties files.
2024-08-07 06:54:32,352 [Worker-0: Building] INFO  o.e.m.c.i.embedder.EclipseLogger - Copying 1 resource
2024-08-07 06:54:32,352 [Worker-0: Building] INFO  o.e.m.c.i.embedder.EclipseLogger - Copying 0 resource
2024-08-07 06:54:32,368 [Worker-0: Building] INFO  o.e.m.c.i.embedder.EclipseLogger - Using 'UTF-8' encoding to copy filtered resources.
2024-08-07 06:54:32,368 [Worker-0: Building] INFO  o.e.m.c.i.embedder.EclipseLogger - Using 'UTF-8' encoding to copy filtered properties files.
2024-08-07 06:54:32,368 [Worker-0: Building] INFO  o.e.m.c.i.embedder.EclipseLogger - skip non existing resourceDirectory D:\Sunbeam_Cdac\CDAC\FinalProject_J004\Project\Project\spring_boot_backend_security_jwt_template\src\test\resources
2024-08-07 06:54:37,073 [Worker-0: Updating Maven Project] INFO  o.e.m.c.i.p.ProjectConfigurationManager - Update started
2024-08-07 06:54:37,542 [Worker-0: Updating Maven Project] INFO  o.e.m.c.i.l.LifecycleMappingFactory - Using org.eclipse.m2e.jdt.JarLifecycleMapping lifecycle mapping for MavenProject: com.example:spring_boot_backend_security_jwt_template:0.0.1 @ D:\Sunbeam_Cdac\CDAC\FinalProject_J004\Project\Project\spring_boot_backend_security_jwt_template\pom.xml.
2024-08-07 06:54:38,339 [Worker-0: Updating Maven Project] INFO  o.e.m.j.i.AbstractJavaProjectConfigurator - Adding source folder /spring_boot_backend_security_jwt_template/src/main/java
2024-08-07 06:54:38,339 [Worker-0: Updating Maven Project] INFO  o.e.m.j.i.AbstractJavaProjectConfigurator - Adding resource folder /spring_boot_backend_security_jwt_template/src/main/resources
2024-08-07 06:54:38,339 [Worker-0: Updating Maven Project] INFO  o.e.m.j.i.AbstractJavaProjectConfigurator - Adding resource folder /spring_boot_backend_security_jwt_template/src/main/resources
2024-08-07 06:54:38,339 [Worker-0: Updating Maven Project] INFO  o.e.m.j.i.AbstractJavaProjectConfigurator - Adding source folder /spring_boot_backend_security_jwt_template/src/test/java
2024-08-07 06:54:38,527 [Worker-0: Updating Maven Project] INFO  o.e.m.c.i.p.ProjectConfigurationManager - Update completed: 1 sec
2024-08-07 06:54:39,663 [Worker-11: Building] INFO  o.e.m.c.i.embedder.EclipseLogger - Using 'UTF-8' encoding to copy filtered resources.
2024-08-07 06:54:39,663 [Worker-11: Building] INFO  o.e.m.c.i.embedder.EclipseLogger - Using 'UTF-8' encoding to copy filtered properties files.
2024-08-07 06:54:39,663 [Worker-11: Building] INFO  o.e.m.c.i.embedder.EclipseLogger - Copying 1 resource
2024-08-07 06:54:39,679 [Worker-11: Building] INFO  o.e.m.c.i.embedder.EclipseLogger - Copying 0 resource
2024-08-07 06:54:39,684 [Worker-11: Building] INFO  o.e.m.c.i.embedder.EclipseLogger - Using 'UTF-8' encoding to copy filtered resources.
2024-08-07 06:54:39,684 [Worker-11: Building] INFO  o.e.m.c.i.embedder.EclipseLogger - Using 'UTF-8' encoding to copy filtered properties files.
2024-08-07 06:54:39,684 [Worker-11: Building] INFO  o.e.m.c.i.embedder.EclipseLogger - skip non existing resourceDirectory D:\Sunbeam_Cdac\CDAC\FinalProject_J004\Project\Project\spring_boot_backend_security_jwt_template\src\test\resources
2024-08-07 06:56:03,279 [Worker-17: Building] INFO  o.e.m.c.i.embedder.EclipseLogger - Using 'UTF-8' encoding to copy filtered resources.
2024-08-07 06:56:03,279 [Worker-17: Building] INFO  o.e.m.c.i.embedder.EclipseLogger - Using 'UTF-8' encoding to copy filtered properties files.
2024-08-07 06:56:03,279 [Worker-17: Building] INFO  o.e.m.c.i.embedder.EclipseLogger - Copying 1 resource
2024-08-07 06:56:03,279 [Worker-17: Building] INFO  o.e.m.c.i.embedder.EclipseLogger - Copying 0 resource
2024-08-07 06:56:03,295 [Worker-17: Building] INFO  o.e.m.c.i.embedder.EclipseLogger - Using 'UTF-8' encoding to copy filtered resources.
2024-08-07 06:56:03,295 [Worker-17: Building] INFO  o.e.m.c.i.embedder.EclipseLogger - Using 'UTF-8' encoding to copy filtered properties files.
2024-08-07 06:56:03,295 [Worker-17: Building] INFO  o.e.m.c.i.embedder.EclipseLogger - skip non existing resourceDirectory D:\Sunbeam_Cdac\CDAC\FinalProject_J004\Project\Project\spring_boot_backend_security_jwt_template\src\test\resources
2024-08-07 06:56:29,393 [Worker-13: Building] INFO  o.e.m.c.i.embedder.EclipseLogger - Using 'UTF-8' encoding to copy filtered resources.
2024-08-07 06:56:29,393 [Worker-13: Building] INFO  o.e.m.c.i.embedder.EclipseLogger - Using 'UTF-8' encoding to copy filtered properties files.
2024-08-07 06:56:29,393 [Worker-13: Building] INFO  o.e.m.c.i.embedder.EclipseLogger - Copying 1 resource
2024-08-07 06:56:29,393 [Worker-13: Building] INFO  o.e.m.c.i.embedder.EclipseLogger - Copying 0 resource
2024-08-07 06:56:29,393 [Worker-13: Building] INFO  o.e.m.c.i.embedder.EclipseLogger - Using 'UTF-8' encoding to copy filtered resources.
2024-08-07 06:56:29,393 [Worker-13: Building] INFO  o.e.m.c.i.embedder.EclipseLogger - Using 'UTF-8' encoding to copy filtered properties files.
2024-08-07 06:56:29,393 [Worker-13: Building] INFO  o.e.m.c.i.embedder.EclipseLogger - skip non existing resourceDirectory D:\Sunbeam_Cdac\CDAC\FinalProject_J004\Project\Project\spring_boot_backend_security_jwt_template\src\test\resources
2024-08-07 06:57:02,208 [Worker-0: Updating Maven Project] INFO  o.e.m.c.i.p.ProjectConfigurationManager - Update started
2024-08-07 06:57:02,599 [Worker-0: Updating Maven Project] INFO  o.e.m.c.i.l.LifecycleMappingFactory - Using org.eclipse.m2e.jdt.JarLifecycleMapping lifecycle mapping for MavenProject: com.example:spring_boot_backend_security_jwt_template:0.0.1 @ D:\Sunbeam_Cdac\CDAC\FinalProject_J004\Project\Project\spring_boot_backend_security_jwt_template\pom.xml.
2024-08-07 06:57:03,349 [Worker-0: Updating Maven Project] INFO  o.e.m.j.i.AbstractJavaProjectConfigurator - Adding source folder /spring_boot_backend_security_jwt_template/src/main/java
2024-08-07 06:57:03,349 [Worker-0: Updating Maven Project] INFO  o.e.m.j.i.AbstractJavaProjectConfigurator - Adding resource folder /spring_boot_backend_security_jwt_template/src/main/resources
2024-08-07 06:57:03,349 [Worker-0: Updating Maven Project] INFO  o.e.m.j.i.AbstractJavaProjectConfigurator - Adding resource folder /spring_boot_backend_security_jwt_template/src/main/resources
2024-08-07 06:57:03,349 [Worker-0: Updating Maven Project] INFO  o.e.m.j.i.AbstractJavaProjectConfigurator - Adding source folder /spring_boot_backend_security_jwt_template/src/test/java
2024-08-07 06:57:03,522 [Worker-0: Updating Maven Project] INFO  o.e.m.c.i.p.ProjectConfigurationManager - Update completed: 1 sec
2024-08-07 06:57:04,194 [Worker-0: Building] INFO  o.e.m.c.i.embedder.EclipseLogger - Using 'UTF-8' encoding to copy filtered resources.
2024-08-07 06:57:04,194 [Worker-0: Building] INFO  o.e.m.c.i.embedder.EclipseLogger - Using 'UTF-8' encoding to copy filtered properties files.
2024-08-07 06:57:04,194 [Worker-0: Building] INFO  o.e.m.c.i.embedder.EclipseLogger - Copying 1 resource
2024-08-07 06:57:04,209 [Worker-0: Building] INFO  o.e.m.c.i.embedder.EclipseLogger - Copying 0 resource
2024-08-07 06:57:04,209 [Worker-0: Building] INFO  o.e.m.c.i.embedder.EclipseLogger - Using 'UTF-8' encoding to copy filtered resources.
2024-08-07 06:57:04,209 [Worker-0: Building] INFO  o.e.m.c.i.embedder.EclipseLogger - Using 'UTF-8' encoding to copy filtered properties files.
2024-08-07 06:57:04,209 [Worker-0: Building] INFO  o.e.m.c.i.embedder.EclipseLogger - skip non existing resourceDirectory D:\Sunbeam_Cdac\CDAC\FinalProject_J004\Project\Project\spring_boot_backend_security_jwt_template\src\test\resources
2024-08-07 06:58:03,080 [Worker-21: Building] INFO  o.e.m.c.i.embedder.EclipseLogger - Using 'UTF-8' encoding to copy filtered resources.
2024-08-07 06:58:03,080 [Worker-21: Building] INFO  o.e.m.c.i.embedder.EclipseLogger - Using 'UTF-8' encoding to copy filtered properties files.
2024-08-07 06:58:03,080 [Worker-21: Building] INFO  o.e.m.c.i.embedder.EclipseLogger - Copying 1 resource
2024-08-07 06:58:03,096 [Worker-21: Building] INFO  o.e.m.c.i.embedder.EclipseLogger - Copying 0 resource
2024-08-07 06:58:03,096 [Worker-21: Building] INFO  o.e.m.c.i.embedder.EclipseLogger - Using 'UTF-8' encoding to copy filtered resources.
2024-08-07 06:58:03,096 [Worker-21: Building] INFO  o.e.m.c.i.embedder.EclipseLogger - Using 'UTF-8' encoding to copy filtered properties files.
2024-08-07 06:58:03,096 [Worker-21: Building] INFO  o.e.m.c.i.embedder.EclipseLogger - skip non existing resourceDirectory D:\Sunbeam_Cdac\CDAC\FinalProject_J004\Project\Project\spring_boot_backend_security_jwt_template\src\test\resources
2024-08-07 06:58:39,025 [Worker-13: Building] INFO  o.e.m.c.i.embedder.EclipseLogger - Using 'UTF-8' encoding to copy filtered resources.
2024-08-07 06:58:39,025 [Worker-13: Building] INFO  o.e.m.c.i.embedder.EclipseLogger - Using 'UTF-8' encoding to copy filtered properties files.
2024-08-07 06:58:39,025 [Worker-13: Building] INFO  o.e.m.c.i.embedder.EclipseLogger - Copying 1 resource
2024-08-07 06:58:39,056 [Worker-13: Building] INFO  o.e.m.c.i.embedder.EclipseLogger - Copying 0 resource
2024-08-07 06:58:39,056 [Worker-13: Building] INFO  o.e.m.c.i.embedder.EclipseLogger - Using 'UTF-8' encoding to copy filtered resources.
2024-08-07 06:58:39,056 [Worker-13: Building] INFO  o.e.m.c.i.embedder.EclipseLogger - Using 'UTF-8' encoding to copy filtered properties files.
2024-08-07 06:58:39,056 [Worker-13: Building] INFO  o.e.m.c.i.embedder.EclipseLogger - skip non existing resourceDirectory D:\Sunbeam_Cdac\CDAC\FinalProject_J004\Project\Project\spring_boot_backend_security_jwt_template\src\test\resources
2024-08-07 06:58:45,197 [Worker-21: Updating Maven Project] INFO  o.e.m.c.i.p.ProjectConfigurationManager - Update started
2024-08-07 06:58:45,510 [Worker-21: Updating Maven Project] INFO  o.e.m.c.i.l.LifecycleMappingFactory - Using org.eclipse.m2e.jdt.JarLifecycleMapping lifecycle mapping for MavenProject: com.example:spring_boot_backend_security_jwt_template:0.0.1 @ D:\Sunbeam_Cdac\CDAC\FinalProject_J004\Project\Project\spring_boot_backend_security_jwt_template\pom.xml.
2024-08-07 06:58:46,074 [Worker-21: Updating Maven Project] INFO  o.e.m.j.i.AbstractJavaProjectConfigurator - Adding source folder /spring_boot_backend_security_jwt_template/src/main/java
2024-08-07 06:58:46,074 [Worker-21: Updating Maven Project] INFO  o.e.m.j.i.AbstractJavaProjectConfigurator - Adding resource folder /spring_boot_backend_security_jwt_template/src/main/resources
2024-08-07 06:58:46,074 [Worker-21: Updating Maven Project] INFO  o.e.m.j.i.AbstractJavaProjectConfigurator - Adding resource folder /spring_boot_backend_security_jwt_template/src/main/resources
2024-08-07 06:58:46,074 [Worker-21: Updating Maven Project] INFO  o.e.m.j.i.AbstractJavaProjectConfigurator - Adding source folder /spring_boot_backend_security_jwt_template/src/test/java
2024-08-07 06:58:46,230 [Worker-21: Updating Maven Project] INFO  o.e.m.c.i.p.ProjectConfigurationManager - Update completed: 1 sec
2024-08-07 06:58:47,011 [Worker-13: Building] INFO  o.e.m.c.i.embedder.EclipseLogger - Using 'UTF-8' encoding to copy filtered resources.
2024-08-07 06:58:47,011 [Worker-13: Building] INFO  o.e.m.c.i.embedder.EclipseLogger - Using 'UTF-8' encoding to copy filtered properties files.
2024-08-07 06:58:47,011 [Worker-13: Building] INFO  o.e.m.c.i.embedder.EclipseLogger - Copying 1 resource
2024-08-07 06:58:47,027 [Worker-13: Building] INFO  o.e.m.c.i.embedder.EclipseLogger - Copying 0 resource
2024-08-07 06:58:47,042 [Worker-13: Building] INFO  o.e.m.c.i.embedder.EclipseLogger - Using 'UTF-8' encoding to copy filtered resources.
2024-08-07 06:58:47,042 [Worker-13: Building] INFO  o.e.m.c.i.embedder.EclipseLogger - Using 'UTF-8' encoding to copy filtered properties files.
2024-08-07 06:58:47,042 [Worker-13: Building] INFO  o.e.m.c.i.embedder.EclipseLogger - skip non existing resourceDirectory D:\Sunbeam_Cdac\CDAC\FinalProject_J004\Project\Project\spring_boot_backend_security_jwt_template\src\test\resources
2024-08-07 06:59:43,402 [Worker-0: Building] INFO  o.e.m.c.i.embedder.EclipseLogger - Using 'UTF-8' encoding to copy filtered resources.
2024-08-07 06:59:43,402 [Worker-0: Building] INFO  o.e.m.c.i.embedder.EclipseLogger - Using 'UTF-8' encoding to copy filtered properties files.
2024-08-07 06:59:43,417 [Worker-0: Building] INFO  o.e.m.c.i.embedder.EclipseLogger - Copying 1 resource
2024-08-07 06:59:43,417 [Worker-0: Building] INFO  o.e.m.c.i.embedder.EclipseLogger - Copying 0 resource
2024-08-07 06:59:43,417 [Worker-0: Building] INFO  o.e.m.c.i.embedder.EclipseLogger - Using 'UTF-8' encoding to copy filtered resources.
2024-08-07 06:59:43,417 [Worker-0: Building] INFO  o.e.m.c.i.embedder.EclipseLogger - Using 'UTF-8' encoding to copy filtered properties files.
2024-08-07 06:59:43,417 [Worker-0: Building] INFO  o.e.m.c.i.embedder.EclipseLogger - skip non existing resourceDirectory D:\Sunbeam_Cdac\CDAC\FinalProject_J004\Project\Project\spring_boot_backend_security_jwt_template\src\test\resources
2024-08-07 06:59:46,497 [Worker-17: Building] INFO  o.e.m.c.i.embedder.EclipseLogger - Using 'UTF-8' encoding to copy filtered resources.
2024-08-07 06:59:46,497 [Worker-17: Building] INFO  o.e.m.c.i.embedder.EclipseLogger - Using 'UTF-8' encoding to copy filtered properties files.
2024-08-07 06:59:46,497 [Worker-17: Building] INFO  o.e.m.c.i.embedder.EclipseLogger - Copying 1 resource
2024-08-07 06:59:46,513 [Worker-17: Building] INFO  o.e.m.c.i.embedder.EclipseLogger - Copying 0 resource
2024-08-07 06:59:46,513 [Worker-17: Building] INFO  o.e.m.c.i.embedder.EclipseLogger - Using 'UTF-8' encoding to copy filtered resources.
2024-08-07 06:59:46,513 [Worker-17: Building] INFO  o.e.m.c.i.embedder.EclipseLogger - Using 'UTF-8' encoding to copy filtered properties files.
2024-08-07 06:59:46,513 [Worker-17: Building] INFO  o.e.m.c.i.embedder.EclipseLogger - skip non existing resourceDirectory D:\Sunbeam_Cdac\CDAC\FinalProject_J004\Project\Project\spring_boot_backend_security_jwt_template\src\test\resources
2024-08-07 06:59:57,647 [Worker-23: Building] INFO  o.e.m.c.i.embedder.EclipseLogger - Using 'UTF-8' encoding to copy filtered resources.
2024-08-07 06:59:57,647 [Worker-23: Building] INFO  o.e.m.c.i.embedder.EclipseLogger - Using 'UTF-8' encoding to copy filtered properties files.
2024-08-07 06:59:57,647 [Worker-23: Building] INFO  o.e.m.c.i.embedder.EclipseLogger - Copying 1 resource
2024-08-07 06:59:57,647 [Worker-23: Building] INFO  o.e.m.c.i.embedder.EclipseLogger - Copying 0 resource
2024-08-07 06:59:57,647 [Worker-23: Building] INFO  o.e.m.c.i.embedder.EclipseLogger - Using 'UTF-8' encoding to copy filtered resources.
2024-08-07 06:59:57,647 [Worker-23: Building] INFO  o.e.m.c.i.embedder.EclipseLogger - Using 'UTF-8' encoding to copy filtered properties files.
2024-08-07 06:59:57,647 [Worker-23: Building] INFO  o.e.m.c.i.embedder.EclipseLogger - skip non existing resourceDirectory D:\Sunbeam_Cdac\CDAC\FinalProject_J004\Project\Project\spring_boot_backend_security_jwt_template\src\test\resources
2024-08-07 07:00:00,726 [Worker-23: Building] INFO  o.e.m.c.i.embedder.EclipseLogger - Using 'UTF-8' encoding to copy filtered resources.
2024-08-07 07:00:00,726 [Worker-23: Building] INFO  o.e.m.c.i.embedder.EclipseLogger - Using 'UTF-8' encoding to copy filtered properties files.
2024-08-07 07:00:00,726 [Worker-23: Building] INFO  o.e.m.c.i.embedder.EclipseLogger - Copying 1 resource
2024-08-07 07:00:00,726 [Worker-23: Building] INFO  o.e.m.c.i.embedder.EclipseLogger - Copying 0 resource
2024-08-07 07:00:00,726 [Worker-23: Building] INFO  o.e.m.c.i.embedder.EclipseLogger - Using 'UTF-8' encoding to copy filtered resources.
2024-08-07 07:00:00,726 [Worker-23: Building] INFO  o.e.m.c.i.embedder.EclipseLogger - Using 'UTF-8' encoding to copy filtered properties files.
2024-08-07 07:00:00,726 [Worker-23: Building] INFO  o.e.m.c.i.embedder.EclipseLogger - skip non existing resourceDirectory D:\Sunbeam_Cdac\CDAC\FinalProject_J004\Project\Project\spring_boot_backend_security_jwt_template\src\test\resources
2024-08-07 07:00:04,026 [Worker-22: Building] INFO  o.e.m.c.i.embedder.EclipseLogger - Using 'UTF-8' encoding to copy filtered resources.
2024-08-07 07:00:04,026 [Worker-22: Building] INFO  o.e.m.c.i.embedder.EclipseLogger - Using 'UTF-8' encoding to copy filtered properties files.
2024-08-07 07:00:04,026 [Worker-22: Building] INFO  o.e.m.c.i.embedder.EclipseLogger - Copying 1 resource
2024-08-07 07:00:04,026 [Worker-22: Building] INFO  o.e.m.c.i.embedder.EclipseLogger - Copying 0 resource
2024-08-07 07:00:04,026 [Worker-22: Building] INFO  o.e.m.c.i.embedder.EclipseLogger - Using 'UTF-8' encoding to copy filtered resources.
2024-08-07 07:00:04,026 [Worker-22: Building] INFO  o.e.m.c.i.embedder.EclipseLogger - Using 'UTF-8' encoding to copy filtered properties files.
2024-08-07 07:00:04,026 [Worker-22: Building] INFO  o.e.m.c.i.embedder.EclipseLogger - skip non existing resourceDirectory D:\Sunbeam_Cdac\CDAC\FinalProject_J004\Project\Project\spring_boot_backend_security_jwt_template\src\test\resources
2024-08-07 07:00:35,434 [Worker-20: Building] INFO  o.e.m.c.i.embedder.EclipseLogger - Using 'UTF-8' encoding to copy filtered resources.
2024-08-07 07:00:35,434 [Worker-20: Building] INFO  o.e.m.c.i.embedder.EclipseLogger - Using 'UTF-8' encoding to copy filtered properties files.
2024-08-07 07:00:35,434 [Worker-20: Building] INFO  o.e.m.c.i.embedder.EclipseLogger - Copying 1 resource
2024-08-07 07:00:35,465 [Worker-20: Building] INFO  o.e.m.c.i.embedder.EclipseLogger - Copying 0 resource
2024-08-07 07:00:35,465 [Worker-20: Building] INFO  o.e.m.c.i.embedder.EclipseLogger - Using 'UTF-8' encoding to copy filtered resources.
2024-08-07 07:00:35,465 [Worker-20: Building] INFO  o.e.m.c.i.embedder.EclipseLogger - Using 'UTF-8' encoding to copy filtered properties files.
2024-08-07 07:00:35,465 [Worker-20: Building] INFO  o.e.m.c.i.embedder.EclipseLogger - skip non existing resourceDirectory D:\Sunbeam_Cdac\CDAC\FinalProject_J004\Project\Project\spring_boot_backend_security_jwt_template\src\test\resources
2024-08-07 07:00:40,500 [Worker-20: Updating Maven Project] INFO  o.e.m.c.i.p.ProjectConfigurationManager - Update started
2024-08-07 07:00:40,857 [Worker-20: Updating Maven Project] INFO  o.e.m.c.i.l.LifecycleMappingFactory - Using org.eclipse.m2e.jdt.JarLifecycleMapping lifecycle mapping for MavenProject: com.example:spring_boot_backend_security_jwt_template:0.0.1 @ D:\Sunbeam_Cdac\CDAC\FinalProject_J004\Project\Project\spring_boot_backend_security_jwt_template\pom.xml.
2024-08-07 07:00:41,435 [Worker-20: Updating Maven Project] INFO  o.e.m.j.i.AbstractJavaProjectConfigurator - Adding source folder /spring_boot_backend_security_jwt_template/src/main/java
2024-08-07 07:00:41,435 [Worker-20: Updating Maven Project] INFO  o.e.m.j.i.AbstractJavaProjectConfigurator - Adding resource folder /spring_boot_backend_security_jwt_template/src/main/resources
2024-08-07 07:00:41,435 [Worker-20: Updating Maven Project] INFO  o.e.m.j.i.AbstractJavaProjectConfigurator - Adding resource folder /spring_boot_backend_security_jwt_template/src/main/resources
2024-08-07 07:00:41,435 [Worker-20: Updating Maven Project] INFO  o.e.m.j.i.AbstractJavaProjectConfigurator - Adding source folder /spring_boot_backend_security_jwt_template/src/test/java
2024-08-07 07:00:41,576 [Worker-20: Updating Maven Project] INFO  o.e.m.c.i.p.ProjectConfigurationManager - Update completed: 1 sec
2024-08-07 07:00:42,717 [Worker-13: Building] INFO  o.e.m.c.i.embedder.EclipseLogger - Using 'UTF-8' encoding to copy filtered resources.
2024-08-07 07:00:42,717 [Worker-13: Building] INFO  o.e.m.c.i.embedder.EclipseLogger - Using 'UTF-8' encoding to copy filtered properties files.
2024-08-07 07:00:42,717 [Worker-13: Building] INFO  o.e.m.c.i.embedder.EclipseLogger - Copying 1 resource
2024-08-07 07:00:42,732 [Worker-13: Building] INFO  o.e.m.c.i.embedder.EclipseLogger - Copying 0 resource
2024-08-07 07:00:42,732 [Worker-13: Building] INFO  o.e.m.c.i.embedder.EclipseLogger - Using 'UTF-8' encoding to copy filtered resources.
2024-08-07 07:00:42,732 [Worker-13: Building] INFO  o.e.m.c.i.embedder.EclipseLogger - Using 'UTF-8' encoding to copy filtered properties files.
2024-08-07 07:00:42,732 [Worker-13: Building] INFO  o.e.m.c.i.embedder.EclipseLogger - skip non existing resourceDirectory D:\Sunbeam_Cdac\CDAC\FinalProject_J004\Project\Project\spring_boot_backend_security_jwt_template\src\test\resources
2024-08-07 07:00:47,516 [Worker-23: Launching spring_boot_backend_security_jwt_template - Application] INFO  o.e.m.c.i.embedder.EclipseLogger - Using 'UTF-8' encoding to copy filtered resources.
2024-08-07 07:00:47,516 [Worker-23: Launching spring_boot_backend_security_jwt_template - Application] INFO  o.e.m.c.i.embedder.EclipseLogger - Using 'UTF-8' encoding to copy filtered properties files.
2024-08-07 07:00:47,516 [Worker-23: Launching spring_boot_backend_security_jwt_template - Application] INFO  o.e.m.c.i.embedder.EclipseLogger - Copying 1 resource
2024-08-07 07:00:47,532 [Worker-23: Launching spring_boot_backend_security_jwt_template - Application] INFO  o.e.m.c.i.embedder.EclipseLogger - Copying 0 resource
2024-08-07 07:00:47,532 [Worker-23: Launching spring_boot_backend_security_jwt_template - Application] INFO  o.e.m.c.i.embedder.EclipseLogger - Using 'UTF-8' encoding to copy filtered resources.
2024-08-07 07:00:47,532 [Worker-23: Launching spring_boot_backend_security_jwt_template - Application] INFO  o.e.m.c.i.embedder.EclipseLogger - Using 'UTF-8' encoding to copy filtered properties files.
2024-08-07 07:00:47,532 [Worker-23: Launching spring_boot_backend_security_jwt_template - Application] INFO  o.e.m.c.i.embedder.EclipseLogger - skip non existing resourceDirectory D:\Sunbeam_Cdac\CDAC\FinalProject_J004\Project\Project\spring_boot_backend_security_jwt_template\src\test\resources
2024-08-07 07:03:25,687 [Worker-17: Building] INFO  o.e.m.c.i.embedder.EclipseLogger - Using 'UTF-8' encoding to copy filtered resources.
2024-08-07 07:03:25,687 [Worker-17: Building] INFO  o.e.m.c.i.embedder.EclipseLogger - Using 'UTF-8' encoding to copy filtered properties files.
2024-08-07 07:03:25,687 [Worker-17: Building] INFO  o.e.m.c.i.embedder.EclipseLogger - Copying 1 resource
2024-08-07 07:03:25,703 [Worker-17: Building] INFO  o.e.m.c.i.embedder.EclipseLogger - Copying 0 resource
2024-08-07 07:03:25,703 [Worker-17: Building] INFO  o.e.m.c.i.embedder.EclipseLogger - Using 'UTF-8' encoding to copy filtered resources.
2024-08-07 07:03:25,703 [Worker-17: Building] INFO  o.e.m.c.i.embedder.EclipseLogger - Using 'UTF-8' encoding to copy filtered properties files.
2024-08-07 07:03:25,703 [Worker-17: Building] INFO  o.e.m.c.i.embedder.EclipseLogger - skip non existing resourceDirectory D:\Sunbeam_Cdac\CDAC\FinalProject_J004\Project\Project\spring_boot_backend_security_jwt_template\src\test\resources
2024-08-07 07:03:45,834 [Worker-26: Building] INFO  o.e.m.c.i.embedder.EclipseLogger - Using 'UTF-8' encoding to copy filtered resources.
2024-08-07 07:03:45,834 [Worker-26: Building] INFO  o.e.m.c.i.embedder.EclipseLogger - Using 'UTF-8' encoding to copy filtered properties files.
2024-08-07 07:03:45,834 [Worker-26: Building] INFO  o.e.m.c.i.embedder.EclipseLogger - Copying 1 resource
2024-08-07 07:03:45,850 [Worker-26: Building] INFO  o.e.m.c.i.embedder.EclipseLogger - Copying 0 resource
2024-08-07 07:03:45,850 [Worker-26: Building] INFO  o.e.m.c.i.embedder.EclipseLogger - Using 'UTF-8' encoding to copy filtered resources.
2024-08-07 07:03:45,850 [Worker-26: Building] INFO  o.e.m.c.i.embedder.EclipseLogger - Using 'UTF-8' encoding to copy filtered properties files.
2024-08-07 07:03:45,850 [Worker-26: Building] INFO  o.e.m.c.i.embedder.EclipseLogger - skip non existing resourceDirectory D:\Sunbeam_Cdac\CDAC\FinalProject_J004\Project\Project\spring_boot_backend_security_jwt_template\src\test\resources
2024-08-07 07:03:54,135 [Worker-26: Building] INFO  o.e.m.c.i.embedder.EclipseLogger - Using 'UTF-8' encoding to copy filtered resources.
2024-08-07 07:03:54,135 [Worker-26: Building] INFO  o.e.m.c.i.embedder.EclipseLogger - Using 'UTF-8' encoding to copy filtered properties files.
2024-08-07 07:03:54,135 [Worker-26: Building] INFO  o.e.m.c.i.embedder.EclipseLogger - Copying 1 resource
2024-08-07 07:03:54,151 [Worker-26: Building] INFO  o.e.m.c.i.embedder.EclipseLogger - Copying 0 resource
2024-08-07 07:03:54,151 [Worker-26: Building] INFO  o.e.m.c.i.embedder.EclipseLogger - Using 'UTF-8' encoding to copy filtered resources.
2024-08-07 07:03:54,151 [Worker-26: Building] INFO  o.e.m.c.i.embedder.EclipseLogger - Using 'UTF-8' encoding to copy filtered properties files.
2024-08-07 07:03:54,151 [Worker-26: Building] INFO  o.e.m.c.i.embedder.EclipseLogger - skip non existing resourceDirectory D:\Sunbeam_Cdac\CDAC\FinalProject_J004\Project\Project\spring_boot_backend_security_jwt_template\src\test\resources
2024-08-07 07:06:19,395 [Worker-24: Building] INFO  o.e.m.c.i.embedder.EclipseLogger - Using 'UTF-8' encoding to copy filtered resources.
2024-08-07 07:06:19,395 [Worker-24: Building] INFO  o.e.m.c.i.embedder.EclipseLogger - Using 'UTF-8' encoding to copy filtered properties files.
2024-08-07 07:06:19,395 [Worker-24: Building] INFO  o.e.m.c.i.embedder.EclipseLogger - Copying 1 resource
2024-08-07 07:06:19,410 [Worker-24: Building] INFO  o.e.m.c.i.embedder.EclipseLogger - Copying 0 resource
2024-08-07 07:06:19,410 [Worker-24: Building] INFO  o.e.m.c.i.embedder.EclipseLogger - Using 'UTF-8' encoding to copy filtered resources.
2024-08-07 07:06:19,410 [Worker-24: Building] INFO  o.e.m.c.i.embedder.EclipseLogger - Using 'UTF-8' encoding to copy filtered properties files.
2024-08-07 07:06:19,410 [Worker-24: Building] INFO  o.e.m.c.i.embedder.EclipseLogger - skip non existing resourceDirectory D:\Sunbeam_Cdac\CDAC\FinalProject_J004\Project\Project\spring_boot_backend_security_jwt_template\src\test\resources
2024-08-07 07:06:25,352 [Worker-22: Building] INFO  o.e.m.c.i.embedder.EclipseLogger - Using 'UTF-8' encoding to copy filtered resources.
2024-08-07 07:06:25,352 [Worker-22: Building] INFO  o.e.m.c.i.embedder.EclipseLogger - Using 'UTF-8' encoding to copy filtered properties files.
2024-08-07 07:06:25,352 [Worker-22: Building] INFO  o.e.m.c.i.embedder.EclipseLogger - Copying 1 resource
2024-08-07 07:06:25,368 [Worker-22: Building] INFO  o.e.m.c.i.embedder.EclipseLogger - Copying 0 resource
2024-08-07 07:06:25,368 [Worker-22: Building] INFO  o.e.m.c.i.embedder.EclipseLogger - Using 'UTF-8' encoding to copy filtered resources.
2024-08-07 07:06:25,368 [Worker-22: Building] INFO  o.e.m.c.i.embedder.EclipseLogger - Using 'UTF-8' encoding to copy filtered properties files.
2024-08-07 07:06:25,368 [Worker-22: Building] INFO  o.e.m.c.i.embedder.EclipseLogger - skip non existing resourceDirectory D:\Sunbeam_Cdac\CDAC\FinalProject_J004\Project\Project\spring_boot_backend_security_jwt_template\src\test\resources
2024-08-07 07:07:22,592 [Worker-24: Building] INFO  o.e.m.c.i.embedder.EclipseLogger - Using 'UTF-8' encoding to copy filtered resources.
2024-08-07 07:07:22,592 [Worker-24: Building] INFO  o.e.m.c.i.embedder.EclipseLogger - Using 'UTF-8' encoding to copy filtered properties files.
2024-08-07 07:07:22,592 [Worker-24: Building] INFO  o.e.m.c.i.embedder.EclipseLogger - Copying 1 resource
2024-08-07 07:07:22,607 [Worker-24: Building] INFO  o.e.m.c.i.embedder.EclipseLogger - Copying 0 resource
2024-08-07 07:07:22,607 [Worker-24: Building] INFO  o.e.m.c.i.embedder.EclipseLogger - Using 'UTF-8' encoding to copy filtered resources.
2024-08-07 07:07:22,607 [Worker-24: Building] INFO  o.e.m.c.i.embedder.EclipseLogger - Using 'UTF-8' encoding to copy filtered properties files.
2024-08-07 07:07:22,607 [Worker-24: Building] INFO  o.e.m.c.i.embedder.EclipseLogger - skip non existing resourceDirectory D:\Sunbeam_Cdac\CDAC\FinalProject_J004\Project\Project\spring_boot_backend_security_jwt_template\src\test\resources
2024-08-07 07:07:41,549 [Worker-26: Building] INFO  o.e.m.c.i.embedder.EclipseLogger - Using 'UTF-8' encoding to copy filtered resources.
2024-08-07 07:07:41,549 [Worker-26: Building] INFO  o.e.m.c.i.embedder.EclipseLogger - Using 'UTF-8' encoding to copy filtered properties files.
2024-08-07 07:07:41,549 [Worker-26: Building] INFO  o.e.m.c.i.embedder.EclipseLogger - Copying 1 resource
2024-08-07 07:07:41,565 [Worker-26: Building] INFO  o.e.m.c.i.embedder.EclipseLogger - Copying 0 resource
2024-08-07 07:07:41,565 [Worker-26: Building] INFO  o.e.m.c.i.embedder.EclipseLogger - Using 'UTF-8' encoding to copy filtered resources.
2024-08-07 07:07:41,565 [Worker-26: Building] INFO  o.e.m.c.i.embedder.EclipseLogger - Using 'UTF-8' encoding to copy filtered properties files.
2024-08-07 07:07:41,565 [Worker-26: Building] INFO  o.e.m.c.i.embedder.EclipseLogger - skip non existing resourceDirectory D:\Sunbeam_Cdac\CDAC\FinalProject_J004\Project\Project\spring_boot_backend_security_jwt_template\src\test\resources
2024-08-07 07:08:02,045 [Worker-26: Building] INFO  o.e.m.c.i.embedder.EclipseLogger - Using 'UTF-8' encoding to copy filtered resources.
2024-08-07 07:08:02,045 [Worker-26: Building] INFO  o.e.m.c.i.embedder.EclipseLogger - Using 'UTF-8' encoding to copy filtered properties files.
2024-08-07 07:08:02,045 [Worker-26: Building] INFO  o.e.m.c.i.embedder.EclipseLogger - Copying 1 resource
2024-08-07 07:08:02,061 [Worker-26: Building] INFO  o.e.m.c.i.embedder.EclipseLogger - Copying 0 resource
2024-08-07 07:08:02,061 [Worker-26: Building] INFO  o.e.m.c.i.embedder.EclipseLogger - Using 'UTF-8' encoding to copy filtered resources.
2024-08-07 07:08:02,061 [Worker-26: Building] INFO  o.e.m.c.i.embedder.EclipseLogger - Using 'UTF-8' encoding to copy filtered properties files.
2024-08-07 07:08:02,061 [Worker-26: Building] INFO  o.e.m.c.i.embedder.EclipseLogger - skip non existing resourceDirectory D:\Sunbeam_Cdac\CDAC\FinalProject_J004\Project\Project\spring_boot_backend_security_jwt_template\src\test\resources
2024-08-07 07:08:37,742 [Worker-30: Building] INFO  o.e.m.c.i.embedder.EclipseLogger - Using 'UTF-8' encoding to copy filtered resources.
2024-08-07 07:08:37,742 [Worker-30: Building] INFO  o.e.m.c.i.embedder.EclipseLogger - Using 'UTF-8' encoding to copy filtered properties files.
2024-08-07 07:08:37,742 [Worker-30: Building] INFO  o.e.m.c.i.embedder.EclipseLogger - Copying 1 resource
2024-08-07 07:08:37,742 [Worker-30: Building] INFO  o.e.m.c.i.embedder.EclipseLogger - Copying 0 resource
2024-08-07 07:08:37,742 [Worker-30: Building] INFO  o.e.m.c.i.embedder.EclipseLogger - Using 'UTF-8' encoding to copy filtered resources.
2024-08-07 07:08:37,742 [Worker-30: Building] INFO  o.e.m.c.i.embedder.EclipseLogger - Using 'UTF-8' encoding to copy filtered properties files.
2024-08-07 07:08:37,742 [Worker-30: Building] INFO  o.e.m.c.i.embedder.EclipseLogger - skip non existing resourceDirectory D:\Sunbeam_Cdac\CDAC\FinalProject_J004\Project\Project\spring_boot_backend_security_jwt_template\src\test\resources
2024-08-07 07:09:45,560 [Worker-24: Building] INFO  o.e.m.c.i.embedder.EclipseLogger - Using 'UTF-8' encoding to copy filtered resources.
2024-08-07 07:09:45,560 [Worker-24: Building] INFO  o.e.m.c.i.embedder.EclipseLogger - Using 'UTF-8' encoding to copy filtered properties files.
2024-08-07 07:09:45,560 [Worker-24: Building] INFO  o.e.m.c.i.embedder.EclipseLogger - Copying 1 resource
2024-08-07 07:09:45,560 [Worker-24: Building] INFO  o.e.m.c.i.embedder.EclipseLogger - Copying 0 resource
2024-08-07 07:09:45,560 [Worker-24: Building] INFO  o.e.m.c.i.embedder.EclipseLogger - Using 'UTF-8' encoding to copy filtered resources.
2024-08-07 07:09:45,560 [Worker-24: Building] INFO  o.e.m.c.i.embedder.EclipseLogger - Using 'UTF-8' encoding to copy filtered properties files.
2024-08-07 07:09:45,560 [Worker-24: Building] INFO  o.e.m.c.i.embedder.EclipseLogger - skip non existing resourceDirectory D:\Sunbeam_Cdac\CDAC\FinalProject_J004\Project\Project\spring_boot_backend_security_jwt_template\src\test\resources
2024-08-07 07:10:25,308 [Worker-30: Building] INFO  o.e.m.c.i.embedder.EclipseLogger - Using 'UTF-8' encoding to copy filtered resources.
2024-08-07 07:10:25,308 [Worker-30: Building] INFO  o.e.m.c.i.embedder.EclipseLogger - Using 'UTF-8' encoding to copy filtered properties files.
2024-08-07 07:10:25,308 [Worker-30: Building] INFO  o.e.m.c.i.embedder.EclipseLogger - Copying 1 resource
2024-08-07 07:10:25,323 [Worker-30: Building] INFO  o.e.m.c.i.embedder.EclipseLogger - Copying 0 resource
2024-08-07 07:10:25,339 [Worker-30: Building] INFO  o.e.m.c.i.embedder.EclipseLogger - Using 'UTF-8' encoding to copy filtered resources.
2024-08-07 07:10:25,339 [Worker-30: Building] INFO  o.e.m.c.i.embedder.EclipseLogger - Using 'UTF-8' encoding to copy filtered properties files.
2024-08-07 07:10:25,339 [Worker-30: Building] INFO  o.e.m.c.i.embedder.EclipseLogger - skip non existing resourceDirectory D:\Sunbeam_Cdac\CDAC\FinalProject_J004\Project\Project\spring_boot_backend_security_jwt_template\src\test\resources
2024-08-07 07:11:25,960 [Worker-26: Building] INFO  o.e.m.c.i.embedder.EclipseLogger - Using 'UTF-8' encoding to copy filtered resources.
2024-08-07 07:11:25,960 [Worker-26: Building] INFO  o.e.m.c.i.embedder.EclipseLogger - Using 'UTF-8' encoding to copy filtered properties files.
2024-08-07 07:11:25,960 [Worker-26: Building] INFO  o.e.m.c.i.embedder.EclipseLogger - Copying 1 resource
2024-08-07 07:11:25,960 [Worker-26: Building] INFO  o.e.m.c.i.embedder.EclipseLogger - Copying 0 resource
2024-08-07 07:11:25,960 [Worker-26: Building] INFO  o.e.m.c.i.embedder.EclipseLogger - Using 'UTF-8' encoding to copy filtered resources.
2024-08-07 07:11:25,960 [Worker-26: Building] INFO  o.e.m.c.i.embedder.EclipseLogger - Using 'UTF-8' encoding to copy filtered properties files.
2024-08-07 07:11:25,960 [Worker-26: Building] INFO  o.e.m.c.i.embedder.EclipseLogger - skip non existing resourceDirectory D:\Sunbeam_Cdac\CDAC\FinalProject_J004\Project\Project\spring_boot_backend_security_jwt_template\src\test\resources
2024-08-07 07:12:49,731 [Worker-29: Building] INFO  o.e.m.c.i.embedder.EclipseLogger - Using 'UTF-8' encoding to copy filtered resources.
2024-08-07 07:12:49,731 [Worker-29: Building] INFO  o.e.m.c.i.embedder.EclipseLogger - Using 'UTF-8' encoding to copy filtered properties files.
2024-08-07 07:12:49,731 [Worker-29: Building] INFO  o.e.m.c.i.embedder.EclipseLogger - Copying 1 resource
2024-08-07 07:12:49,747 [Worker-29: Building] INFO  o.e.m.c.i.embedder.EclipseLogger - Copying 0 resource
2024-08-07 07:12:49,747 [Worker-29: Building] INFO  o.e.m.c.i.embedder.EclipseLogger - Using 'UTF-8' encoding to copy filtered resources.
2024-08-07 07:12:49,747 [Worker-29: Building] INFO  o.e.m.c.i.embedder.EclipseLogger - Using 'UTF-8' encoding to copy filtered properties files.
2024-08-07 07:12:49,747 [Worker-29: Building] INFO  o.e.m.c.i.embedder.EclipseLogger - skip non existing resourceDirectory D:\Sunbeam_Cdac\CDAC\FinalProject_J004\Project\Project\spring_boot_backend_security_jwt_template\src\test\resources
2024-08-07 07:13:49,556 [Worker-24: Building] INFO  o.e.m.c.i.embedder.EclipseLogger - Using 'UTF-8' encoding to copy filtered resources.
2024-08-07 07:13:49,556 [Worker-24: Building] INFO  o.e.m.c.i.embedder.EclipseLogger - Using 'UTF-8' encoding to copy filtered properties files.
2024-08-07 07:13:49,556 [Worker-24: Building] INFO  o.e.m.c.i.embedder.EclipseLogger - Copying 1 resource
2024-08-07 07:13:49,571 [Worker-24: Building] INFO  o.e.m.c.i.embedder.EclipseLogger - Copying 0 resource
2024-08-07 07:13:49,571 [Worker-24: Building] INFO  o.e.m.c.i.embedder.EclipseLogger - Using 'UTF-8' encoding to copy filtered resources.
2024-08-07 07:13:49,571 [Worker-24: Building] INFO  o.e.m.c.i.embedder.EclipseLogger - Using 'UTF-8' encoding to copy filtered properties files.
2024-08-07 07:13:49,571 [Worker-24: Building] INFO  o.e.m.c.i.embedder.EclipseLogger - skip non existing resourceDirectory D:\Sunbeam_Cdac\CDAC\FinalProject_J004\Project\Project\spring_boot_backend_security_jwt_template\src\test\resources
2024-08-07 07:14:08,700 [Worker-30: Building] INFO  o.e.m.c.i.embedder.EclipseLogger - Using 'UTF-8' encoding to copy filtered resources.
2024-08-07 07:14:08,700 [Worker-30: Building] INFO  o.e.m.c.i.embedder.EclipseLogger - Using 'UTF-8' encoding to copy filtered properties files.
2024-08-07 07:14:08,700 [Worker-30: Building] INFO  o.e.m.c.i.embedder.EclipseLogger - Copying 1 resource
2024-08-07 07:14:08,716 [Worker-30: Building] INFO  o.e.m.c.i.embedder.EclipseLogger - Copying 0 resource
2024-08-07 07:14:08,716 [Worker-30: Building] INFO  o.e.m.c.i.embedder.EclipseLogger - Using 'UTF-8' encoding to copy filtered resources.
2024-08-07 07:14:08,716 [Worker-30: Building] INFO  o.e.m.c.i.embedder.EclipseLogger - Using 'UTF-8' encoding to copy filtered properties files.
2024-08-07 07:14:08,716 [Worker-30: Building] INFO  o.e.m.c.i.embedder.EclipseLogger - skip non existing resourceDirectory D:\Sunbeam_Cdac\CDAC\FinalProject_J004\Project\Project\spring_boot_backend_security_jwt_template\src\test\resources
2024-08-07 07:14:53,078 [Worker-26: Building] INFO  o.e.m.c.i.embedder.EclipseLogger - Using 'UTF-8' encoding to copy filtered resources.
2024-08-07 07:14:53,078 [Worker-26: Building] INFO  o.e.m.c.i.embedder.EclipseLogger - Using 'UTF-8' encoding to copy filtered properties files.
2024-08-07 07:14:53,078 [Worker-26: Building] INFO  o.e.m.c.i.embedder.EclipseLogger - Copying 1 resource
2024-08-07 07:14:53,078 [Worker-26: Building] INFO  o.e.m.c.i.embedder.EclipseLogger - Copying 0 resource
2024-08-07 07:14:53,094 [Worker-26: Building] INFO  o.e.m.c.i.embedder.EclipseLogger - Using 'UTF-8' encoding to copy filtered resources.
2024-08-07 07:14:53,094 [Worker-26: Building] INFO  o.e.m.c.i.embedder.EclipseLogger - Using 'UTF-8' encoding to copy filtered properties files.
2024-08-07 07:14:53,094 [Worker-26: Building] INFO  o.e.m.c.i.embedder.EclipseLogger - skip non existing resourceDirectory D:\Sunbeam_Cdac\CDAC\FinalProject_J004\Project\Project\spring_boot_backend_security_jwt_template\src\test\resources
2024-08-07 07:15:00,471 [Worker-30: Building] INFO  o.e.m.c.i.embedder.EclipseLogger - Using 'UTF-8' encoding to copy filtered resources.
2024-08-07 07:15:00,471 [Worker-30: Building] INFO  o.e.m.c.i.embedder.EclipseLogger - Using 'UTF-8' encoding to copy filtered properties files.
2024-08-07 07:15:00,471 [Worker-30: Building] INFO  o.e.m.c.i.embedder.EclipseLogger - Copying 1 resource
2024-08-07 07:15:00,487 [Worker-30: Building] INFO  o.e.m.c.i.embedder.EclipseLogger - Copying 0 resource
2024-08-07 07:15:00,487 [Worker-30: Building] INFO  o.e.m.c.i.embedder.EclipseLogger - Using 'UTF-8' encoding to copy filtered resources.
2024-08-07 07:15:00,487 [Worker-30: Building] INFO  o.e.m.c.i.embedder.EclipseLogger - Using 'UTF-8' encoding to copy filtered properties files.
2024-08-07 07:15:00,487 [Worker-30: Building] INFO  o.e.m.c.i.embedder.EclipseLogger - skip non existing resourceDirectory D:\Sunbeam_Cdac\CDAC\FinalProject_J004\Project\Project\spring_boot_backend_security_jwt_template\src\test\resources
2024-08-07 07:15:34,711 [Worker-29: Building] INFO  o.e.m.c.i.embedder.EclipseLogger - Using 'UTF-8' encoding to copy filtered resources.
2024-08-07 07:15:34,711 [Worker-29: Building] INFO  o.e.m.c.i.embedder.EclipseLogger - Using 'UTF-8' encoding to copy filtered properties files.
2024-08-07 07:15:34,711 [Worker-29: Building] INFO  o.e.m.c.i.embedder.EclipseLogger - Copying 1 resource
2024-08-07 07:15:34,711 [Worker-29: Building] INFO  o.e.m.c.i.embedder.EclipseLogger - Copying 0 resource
2024-08-07 07:15:34,711 [Worker-29: Building] INFO  o.e.m.c.i.embedder.EclipseLogger - Using 'UTF-8' encoding to copy filtered resources.
2024-08-07 07:15:34,711 [Worker-29: Building] INFO  o.e.m.c.i.embedder.EclipseLogger - Using 'UTF-8' encoding to copy filtered properties files.
2024-08-07 07:15:34,711 [Worker-29: Building] INFO  o.e.m.c.i.embedder.EclipseLogger - skip non existing resourceDirectory D:\Sunbeam_Cdac\CDAC\FinalProject_J004\Project\Project\spring_boot_backend_security_jwt_template\src\test\resources
2024-08-07 07:17:34,968 [Worker-29: Building] INFO  o.e.m.c.i.embedder.EclipseLogger - Using 'UTF-8' encoding to copy filtered resources.
2024-08-07 07:17:34,968 [Worker-29: Building] INFO  o.e.m.c.i.embedder.EclipseLogger - Using 'UTF-8' encoding to copy filtered properties files.
2024-08-07 07:17:34,968 [Worker-29: Building] INFO  o.e.m.c.i.embedder.EclipseLogger - Copying 1 resource
2024-08-07 07:17:34,968 [Worker-29: Building] INFO  o.e.m.c.i.embedder.EclipseLogger - Copying 0 resource
2024-08-07 07:17:34,968 [Worker-29: Building] INFO  o.e.m.c.i.embedder.EclipseLogger - Using 'UTF-8' encoding to copy filtered resources.
2024-08-07 07:17:34,968 [Worker-29: Building] INFO  o.e.m.c.i.embedder.EclipseLogger - Using 'UTF-8' encoding to copy filtered properties files.
2024-08-07 07:17:34,968 [Worker-29: Building] INFO  o.e.m.c.i.embedder.EclipseLogger - skip non existing resourceDirectory D:\Sunbeam_Cdac\CDAC\FinalProject_J004\Project\Project\spring_boot_backend_security_jwt_template\src\test\resources
2024-08-07 07:17:45,252 [Worker-29: Building] INFO  o.e.m.c.i.embedder.EclipseLogger - Using 'UTF-8' encoding to copy filtered resources.
2024-08-07 07:17:45,252 [Worker-29: Building] INFO  o.e.m.c.i.embedder.EclipseLogger - Using 'UTF-8' encoding to copy filtered properties files.
2024-08-07 07:17:45,252 [Worker-29: Building] INFO  o.e.m.c.i.embedder.EclipseLogger - Copying 1 resource
2024-08-07 07:17:45,268 [Worker-29: Building] INFO  o.e.m.c.i.embedder.EclipseLogger - Copying 0 resource
2024-08-07 07:17:45,268 [Worker-29: Building] INFO  o.e.m.c.i.embedder.EclipseLogger - Using 'UTF-8' encoding to copy filtered resources.
2024-08-07 07:17:45,268 [Worker-29: Building] INFO  o.e.m.c.i.embedder.EclipseLogger - Using 'UTF-8' encoding to copy filtered properties files.
2024-08-07 07:17:45,268 [Worker-29: Building] INFO  o.e.m.c.i.embedder.EclipseLogger - skip non existing resourceDirectory D:\Sunbeam_Cdac\CDAC\FinalProject_J004\Project\Project\spring_boot_backend_security_jwt_template\src\test\resources
2024-08-07 07:18:23,264 [Worker-31: Building] INFO  o.e.m.c.i.embedder.EclipseLogger - Using 'UTF-8' encoding to copy filtered resources.
2024-08-07 07:18:23,264 [Worker-31: Building] INFO  o.e.m.c.i.embedder.EclipseLogger - Using 'UTF-8' encoding to copy filtered properties files.
2024-08-07 07:18:23,264 [Worker-31: Building] INFO  o.e.m.c.i.embedder.EclipseLogger - Copying 1 resource
2024-08-07 07:18:23,264 [Worker-31: Building] INFO  o.e.m.c.i.embedder.EclipseLogger - Copying 0 resource
2024-08-07 07:18:23,264 [Worker-31: Building] INFO  o.e.m.c.i.embedder.EclipseLogger - Using 'UTF-8' encoding to copy filtered resources.
2024-08-07 07:18:23,264 [Worker-31: Building] INFO  o.e.m.c.i.embedder.EclipseLogger - Using 'UTF-8' encoding to copy filtered properties files.
2024-08-07 07:18:23,264 [Worker-31: Building] INFO  o.e.m.c.i.embedder.EclipseLogger - skip non existing resourceDirectory D:\Sunbeam_Cdac\CDAC\FinalProject_J004\Project\Project\spring_boot_backend_security_jwt_template\src\test\resources
2024-08-07 07:18:33,294 [Worker-32: Building] INFO  o.e.m.c.i.embedder.EclipseLogger - Using 'UTF-8' encoding to copy filtered resources.
2024-08-07 07:18:33,294 [Worker-32: Building] INFO  o.e.m.c.i.embedder.EclipseLogger - Using 'UTF-8' encoding to copy filtered properties files.
2024-08-07 07:18:33,294 [Worker-32: Building] INFO  o.e.m.c.i.embedder.EclipseLogger - Copying 1 resource
2024-08-07 07:18:33,310 [Worker-32: Building] INFO  o.e.m.c.i.embedder.EclipseLogger - Copying 0 resource
2024-08-07 07:18:33,310 [Worker-32: Building] INFO  o.e.m.c.i.embedder.EclipseLogger - Using 'UTF-8' encoding to copy filtered resources.
2024-08-07 07:18:33,310 [Worker-32: Building] INFO  o.e.m.c.i.embedder.EclipseLogger - Using 'UTF-8' encoding to copy filtered properties files.
2024-08-07 07:18:33,310 [Worker-32: Building] INFO  o.e.m.c.i.embedder.EclipseLogger - skip non existing resourceDirectory D:\Sunbeam_Cdac\CDAC\FinalProject_J004\Project\Project\spring_boot_backend_security_jwt_template\src\test\resources
2024-08-07 07:20:06,016 [Worker-29: Building] INFO  o.e.m.c.i.embedder.EclipseLogger - Using 'UTF-8' encoding to copy filtered resources.
2024-08-07 07:20:06,016 [Worker-29: Building] INFO  o.e.m.c.i.embedder.EclipseLogger - Using 'UTF-8' encoding to copy filtered properties files.
2024-08-07 07:20:06,016 [Worker-29: Building] INFO  o.e.m.c.i.embedder.EclipseLogger - Copying 1 resource
2024-08-07 07:20:06,032 [Worker-29: Building] INFO  o.e.m.c.i.embedder.EclipseLogger - Copying 0 resource
2024-08-07 07:20:06,032 [Worker-29: Building] INFO  o.e.m.c.i.embedder.EclipseLogger - Using 'UTF-8' encoding to copy filtered resources.
2024-08-07 07:20:06,032 [Worker-29: Building] INFO  o.e.m.c.i.embedder.EclipseLogger - Using 'UTF-8' encoding to copy filtered properties files.
2024-08-07 07:20:06,032 [Worker-29: Building] INFO  o.e.m.c.i.embedder.EclipseLogger - skip non existing resourceDirectory D:\Sunbeam_Cdac\CDAC\FinalProject_J004\Project\Project\spring_boot_backend_security_jwt_template\src\test\resources
2024-08-07 07:20:25,796 [Worker-32: Building] INFO  o.e.m.c.i.embedder.EclipseLogger - Using 'UTF-8' encoding to copy filtered resources.
2024-08-07 07:20:25,796 [Worker-32: Building] INFO  o.e.m.c.i.embedder.EclipseLogger - Using 'UTF-8' encoding to copy filtered properties files.
2024-08-07 07:20:25,796 [Worker-32: Building] INFO  o.e.m.c.i.embedder.EclipseLogger - Copying 1 resource
2024-08-07 07:20:25,812 [Worker-32: Building] INFO  o.e.m.c.i.embedder.EclipseLogger - Copying 0 resource
2024-08-07 07:20:25,812 [Worker-32: Building] INFO  o.e.m.c.i.embedder.EclipseLogger - Using 'UTF-8' encoding to copy filtered resources.
2024-08-07 07:20:25,812 [Worker-32: Building] INFO  o.e.m.c.i.embedder.EclipseLogger - Using 'UTF-8' encoding to copy filtered properties files.
2024-08-07 07:20:25,812 [Worker-32: Building] INFO  o.e.m.c.i.embedder.EclipseLogger - skip non existing resourceDirectory D:\Sunbeam_Cdac\CDAC\FinalProject_J004\Project\Project\spring_boot_backend_security_jwt_template\src\test\resources
2024-08-07 07:20:37,137 [Worker-26: Building] INFO  o.e.m.c.i.embedder.EclipseLogger - Using 'UTF-8' encoding to copy filtered resources.
2024-08-07 07:20:37,137 [Worker-26: Building] INFO  o.e.m.c.i.embedder.EclipseLogger - Using 'UTF-8' encoding to copy filtered properties files.
2024-08-07 07:20:37,137 [Worker-26: Building] INFO  o.e.m.c.i.embedder.EclipseLogger - Copying 1 resource
2024-08-07 07:20:37,153 [Worker-26: Building] INFO  o.e.m.c.i.embedder.EclipseLogger - Copying 0 resource
2024-08-07 07:20:37,153 [Worker-26: Building] INFO  o.e.m.c.i.embedder.EclipseLogger - Using 'UTF-8' encoding to copy filtered resources.
2024-08-07 07:20:37,153 [Worker-26: Building] INFO  o.e.m.c.i.embedder.EclipseLogger - Using 'UTF-8' encoding to copy filtered properties files.
2024-08-07 07:20:37,153 [Worker-26: Building] INFO  o.e.m.c.i.embedder.EclipseLogger - skip non existing resourceDirectory D:\Sunbeam_Cdac\CDAC\FinalProject_J004\Project\Project\spring_boot_backend_security_jwt_template\src\test\resources
2024-08-07 07:20:40,969 [Worker-26: Building] INFO  o.e.m.c.i.embedder.EclipseLogger - Using 'UTF-8' encoding to copy filtered resources.
2024-08-07 07:20:40,969 [Worker-26: Building] INFO  o.e.m.c.i.embedder.EclipseLogger - Using 'UTF-8' encoding to copy filtered properties files.
2024-08-07 07:20:40,969 [Worker-26: Building] INFO  o.e.m.c.i.embedder.EclipseLogger - Copying 1 resource
2024-08-07 07:20:40,984 [Worker-26: Building] INFO  o.e.m.c.i.embedder.EclipseLogger - Copying 0 resource
2024-08-07 07:20:40,984 [Worker-26: Building] INFO  o.e.m.c.i.embedder.EclipseLogger - Using 'UTF-8' encoding to copy filtered resources.
2024-08-07 07:20:40,984 [Worker-26: Building] INFO  o.e.m.c.i.embedder.EclipseLogger - Using 'UTF-8' encoding to copy filtered properties files.
2024-08-07 07:20:40,984 [Worker-26: Building] INFO  o.e.m.c.i.embedder.EclipseLogger - skip non existing resourceDirectory D:\Sunbeam_Cdac\CDAC\FinalProject_J004\Project\Project\spring_boot_backend_security_jwt_template\src\test\resources
2024-08-07 07:22:15,994 [Worker-29: Building] INFO  o.e.m.c.i.embedder.EclipseLogger - Using 'UTF-8' encoding to copy filtered resources.
2024-08-07 07:22:15,994 [Worker-29: Building] INFO  o.e.m.c.i.embedder.EclipseLogger - Using 'UTF-8' encoding to copy filtered properties files.
2024-08-07 07:22:15,994 [Worker-29: Building] INFO  o.e.m.c.i.embedder.EclipseLogger - Copying 1 resource
2024-08-07 07:22:16,026 [Worker-29: Building] INFO  o.e.m.c.i.embedder.EclipseLogger - Copying 0 resource
2024-08-07 07:22:16,026 [Worker-29: Building] INFO  o.e.m.c.i.embedder.EclipseLogger - Using 'UTF-8' encoding to copy filtered resources.
2024-08-07 07:22:16,026 [Worker-29: Building] INFO  o.e.m.c.i.embedder.EclipseLogger - Using 'UTF-8' encoding to copy filtered properties files.
2024-08-07 07:22:16,026 [Worker-29: Building] INFO  o.e.m.c.i.embedder.EclipseLogger - skip non existing resourceDirectory D:\Sunbeam_Cdac\CDAC\FinalProject_J004\Project\Project\spring_boot_backend_security_jwt_template\src\test\resources
2024-08-07 07:22:46,095 [Worker-29: Building] INFO  o.e.m.c.i.embedder.EclipseLogger - Using 'UTF-8' encoding to copy filtered resources.
2024-08-07 07:22:46,095 [Worker-29: Building] INFO  o.e.m.c.i.embedder.EclipseLogger - Using 'UTF-8' encoding to copy filtered properties files.
2024-08-07 07:22:46,095 [Worker-29: Building] INFO  o.e.m.c.i.embedder.EclipseLogger - Copying 1 resource
2024-08-07 07:22:46,095 [Worker-29: Building] INFO  o.e.m.c.i.embedder.EclipseLogger - Copying 0 resource
2024-08-07 07:22:46,110 [Worker-29: Building] INFO  o.e.m.c.i.embedder.EclipseLogger - Using 'UTF-8' encoding to copy filtered resources.
2024-08-07 07:22:46,110 [Worker-29: Building] INFO  o.e.m.c.i.embedder.EclipseLogger - Using 'UTF-8' encoding to copy filtered properties files.
2024-08-07 07:22:46,110 [Worker-29: Building] INFO  o.e.m.c.i.embedder.EclipseLogger - skip non existing resourceDirectory D:\Sunbeam_Cdac\CDAC\FinalProject_J004\Project\Project\spring_boot_backend_security_jwt_template\src\test\resources
2024-08-07 07:23:04,771 [Worker-33: Updating Maven Project] INFO  o.e.m.c.i.p.ProjectConfigurationManager - Update started
2024-08-07 07:23:05,286 [Worker-33: Updating Maven Project] INFO  o.e.m.c.i.l.LifecycleMappingFactory - Using org.eclipse.m2e.jdt.JarLifecycleMapping lifecycle mapping for MavenProject: com.example:spring_boot_backend_security_jwt_template:0.0.1 @ D:\Sunbeam_Cdac\CDAC\FinalProject_J004\Project\Project\spring_boot_backend_security_jwt_template\pom.xml.
2024-08-07 07:23:06,052 [Worker-33: Updating Maven Project] INFO  o.e.m.j.i.AbstractJavaProjectConfigurator - Adding source folder /spring_boot_backend_security_jwt_template/src/main/java
2024-08-07 07:23:06,052 [Worker-33: Updating Maven Project] INFO  o.e.m.j.i.AbstractJavaProjectConfigurator - Adding resource folder /spring_boot_backend_security_jwt_template/src/main/resources
2024-08-07 07:23:06,052 [Worker-33: Updating Maven Project] INFO  o.e.m.j.i.AbstractJavaProjectConfigurator - Adding resource folder /spring_boot_backend_security_jwt_template/src/main/resources
2024-08-07 07:23:06,052 [Worker-33: Updating Maven Project] INFO  o.e.m.j.i.AbstractJavaProjectConfigurator - Adding source folder /spring_boot_backend_security_jwt_template/src/test/java
2024-08-07 07:23:06,208 [Worker-33: Updating Maven Project] INFO  o.e.m.c.i.p.ProjectConfigurationManager - Update completed: 1 sec
2024-08-07 07:23:07,068 [Worker-30: Building] INFO  o.e.m.c.i.embedder.EclipseLogger - Using 'UTF-8' encoding to copy filtered resources.
2024-08-07 07:23:07,068 [Worker-30: Building] INFO  o.e.m.c.i.embedder.EclipseLogger - Using 'UTF-8' encoding to copy filtered properties files.
2024-08-07 07:23:07,068 [Worker-30: Building] INFO  o.e.m.c.i.embedder.EclipseLogger - Copying 1 resource
2024-08-07 07:23:07,083 [Worker-30: Building] INFO  o.e.m.c.i.embedder.EclipseLogger - Copying 0 resource
2024-08-07 07:23:07,083 [Worker-30: Building] INFO  o.e.m.c.i.embedder.EclipseLogger - Using 'UTF-8' encoding to copy filtered resources.
2024-08-07 07:23:07,083 [Worker-30: Building] INFO  o.e.m.c.i.embedder.EclipseLogger - Using 'UTF-8' encoding to copy filtered properties files.
2024-08-07 07:23:07,083 [Worker-30: Building] INFO  o.e.m.c.i.embedder.EclipseLogger - skip non existing resourceDirectory D:\Sunbeam_Cdac\CDAC\FinalProject_J004\Project\Project\spring_boot_backend_security_jwt_template\src\test\resources
2024-08-07 07:23:17,055 [Worker-30: Launching spring_boot_backend_security_jwt_template - Application] INFO  o.e.m.c.i.embedder.EclipseLogger - Using 'UTF-8' encoding to copy filtered resources.
2024-08-07 07:23:17,055 [Worker-30: Launching spring_boot_backend_security_jwt_template - Application] INFO  o.e.m.c.i.embedder.EclipseLogger - Using 'UTF-8' encoding to copy filtered properties files.
2024-08-07 07:23:17,055 [Worker-30: Launching spring_boot_backend_security_jwt_template - Application] INFO  o.e.m.c.i.embedder.EclipseLogger - Copying 1 resource
2024-08-07 07:23:17,055 [Worker-30: Launching spring_boot_backend_security_jwt_template - Application] INFO  o.e.m.c.i.embedder.EclipseLogger - Copying 0 resource
2024-08-07 07:23:17,070 [Worker-30: Launching spring_boot_backend_security_jwt_template - Application] INFO  o.e.m.c.i.embedder.EclipseLogger - Using 'UTF-8' encoding to copy filtered resources.
2024-08-07 07:23:17,070 [Worker-30: Launching spring_boot_backend_security_jwt_template - Application] INFO  o.e.m.c.i.embedder.EclipseLogger - Using 'UTF-8' encoding to copy filtered properties files.
2024-08-07 07:23:17,070 [Worker-30: Launching spring_boot_backend_security_jwt_template - Application] INFO  o.e.m.c.i.embedder.EclipseLogger - skip non existing resourceDirectory D:\Sunbeam_Cdac\CDAC\FinalProject_J004\Project\Project\spring_boot_backend_security_jwt_template\src\test\resources
2024-08-07 07:29:59,103 [Worker-35: Building] INFO  o.e.m.c.i.embedder.EclipseLogger - Using 'UTF-8' encoding to copy filtered resources.
2024-08-07 07:29:59,103 [Worker-35: Building] INFO  o.e.m.c.i.embedder.EclipseLogger - Using 'UTF-8' encoding to copy filtered properties files.
2024-08-07 07:29:59,119 [Worker-35: Building] INFO  o.e.m.c.i.embedder.EclipseLogger - Copying 1 resource
2024-08-07 07:29:59,135 [Worker-35: Building] INFO  o.e.m.c.i.embedder.EclipseLogger - Copying 0 resource
2024-08-07 07:29:59,135 [Worker-35: Building] INFO  o.e.m.c.i.embedder.EclipseLogger - Using 'UTF-8' encoding to copy filtered resources.
2024-08-07 07:29:59,135 [Worker-35: Building] INFO  o.e.m.c.i.embedder.EclipseLogger - Using 'UTF-8' encoding to copy filtered properties files.
2024-08-07 07:29:59,135 [Worker-35: Building] INFO  o.e.m.c.i.embedder.EclipseLogger - skip non existing resourceDirectory D:\Sunbeam_Cdac\CDAC\FinalProject_J004\Project\Project\spring_boot_backend_security_jwt_template\src\test\resources
2024-08-07 07:30:04,194 [Worker-34: Updating Maven Project] INFO  o.e.m.c.i.p.ProjectConfigurationManager - Update started
2024-08-07 07:30:04,805 [Worker-34: Updating Maven Project] INFO  o.e.m.c.i.l.LifecycleMappingFactory - Using org.eclipse.m2e.jdt.JarLifecycleMapping lifecycle mapping for MavenProject: com.example:spring_boot_backend_security_jwt_template:0.0.1 @ D:\Sunbeam_Cdac\CDAC\FinalProject_J004\Project\Project\spring_boot_backend_security_jwt_template\pom.xml.
2024-08-07 07:30:05,870 [Worker-34: Updating Maven Project] INFO  o.e.m.j.i.AbstractJavaProjectConfigurator - Adding source folder /spring_boot_backend_security_jwt_template/src/main/java
2024-08-07 07:30:05,870 [Worker-34: Updating Maven Project] INFO  o.e.m.j.i.AbstractJavaProjectConfigurator - Adding resource folder /spring_boot_backend_security_jwt_template/src/main/resources
2024-08-07 07:30:05,870 [Worker-34: Updating Maven Project] INFO  o.e.m.j.i.AbstractJavaProjectConfigurator - Adding resource folder /spring_boot_backend_security_jwt_template/src/main/resources
2024-08-07 07:30:05,870 [Worker-34: Updating Maven Project] INFO  o.e.m.j.i.AbstractJavaProjectConfigurator - Adding source folder /spring_boot_backend_security_jwt_template/src/test/java
2024-08-07 07:30:06,104 [Worker-34: Updating Maven Project] INFO  o.e.m.c.i.p.ProjectConfigurationManager - Update completed: 1 sec
2024-08-07 07:30:07,723 [Worker-26: Building] INFO  o.e.m.c.i.embedder.EclipseLogger - Using 'UTF-8' encoding to copy filtered resources.
2024-08-07 07:30:07,723 [Worker-26: Building] INFO  o.e.m.c.i.embedder.EclipseLogger - Using 'UTF-8' encoding to copy filtered properties files.
2024-08-07 07:30:07,723 [Worker-26: Building] INFO  o.e.m.c.i.embedder.EclipseLogger - Copying 1 resource
2024-08-07 07:30:07,739 [Worker-26: Building] INFO  o.e.m.c.i.embedder.EclipseLogger - Copying 0 resource
2024-08-07 07:30:07,739 [Worker-26: Building] INFO  o.e.m.c.i.embedder.EclipseLogger - Using 'UTF-8' encoding to copy filtered resources.
2024-08-07 07:30:07,739 [Worker-26: Building] INFO  o.e.m.c.i.embedder.EclipseLogger - Using 'UTF-8' encoding to copy filtered properties files.
2024-08-07 07:30:07,739 [Worker-26: Building] INFO  o.e.m.c.i.embedder.EclipseLogger - skip non existing resourceDirectory D:\Sunbeam_Cdac\CDAC\FinalProject_J004\Project\Project\spring_boot_backend_security_jwt_template\src\test\resources
2024-08-07 07:31:07,510 [Worker-41: Building] INFO  o.e.m.c.i.embedder.EclipseLogger - Using 'UTF-8' encoding to copy filtered resources.
2024-08-07 07:31:07,510 [Worker-41: Building] INFO  o.e.m.c.i.embedder.EclipseLogger - Using 'UTF-8' encoding to copy filtered properties files.
2024-08-07 07:31:07,510 [Worker-41: Building] INFO  o.e.m.c.i.embedder.EclipseLogger - Copying 1 resource
2024-08-07 07:31:07,526 [Worker-41: Building] INFO  o.e.m.c.i.embedder.EclipseLogger - Copying 0 resource
2024-08-07 07:31:07,541 [Worker-41: Building] INFO  o.e.m.c.i.embedder.EclipseLogger - Using 'UTF-8' encoding to copy filtered resources.
2024-08-07 07:31:07,541 [Worker-41: Building] INFO  o.e.m.c.i.embedder.EclipseLogger - Using 'UTF-8' encoding to copy filtered properties files.
2024-08-07 07:31:07,541 [Worker-41: Building] INFO  o.e.m.c.i.embedder.EclipseLogger - skip non existing resourceDirectory D:\Sunbeam_Cdac\CDAC\FinalProject_J004\Project\Project\spring_boot_backend_security_jwt_template\src\test\resources
2024-08-07 16:04:13,569 [Worker-79: Building] INFO  o.e.m.c.i.embedder.EclipseLogger - Using 'UTF-8' encoding to copy filtered resources.
2024-08-07 16:04:13,569 [Worker-79: Building] INFO  o.e.m.c.i.embedder.EclipseLogger - Using 'UTF-8' encoding to copy filtered properties files.
2024-08-07 16:04:13,569 [Worker-79: Building] INFO  o.e.m.c.i.embedder.EclipseLogger - Copying 1 resource
2024-08-07 16:04:13,585 [Worker-79: Building] INFO  o.e.m.c.i.embedder.EclipseLogger - Copying 0 resource
2024-08-07 16:04:13,585 [Worker-79: Building] INFO  o.e.m.c.i.embedder.EclipseLogger - Using 'UTF-8' encoding to copy filtered resources.
2024-08-07 16:04:13,585 [Worker-79: Building] INFO  o.e.m.c.i.embedder.EclipseLogger - Using 'UTF-8' encoding to copy filtered properties files.
2024-08-07 16:04:13,585 [Worker-79: Building] INFO  o.e.m.c.i.embedder.EclipseLogger - skip non existing resourceDirectory D:\Sunbeam_Cdac\CDAC\FinalProject_J004\Project\Project\spring_boot_backend_security_jwt_template\src\test\resources
2024-08-07 16:04:50,082 [Worker-79: Building] INFO  o.e.m.c.i.embedder.EclipseLogger - Using 'UTF-8' encoding to copy filtered resources.
2024-08-07 16:04:50,082 [Worker-79: Building] INFO  o.e.m.c.i.embedder.EclipseLogger - Using 'UTF-8' encoding to copy filtered properties files.
2024-08-07 16:04:50,082 [Worker-79: Building] INFO  o.e.m.c.i.embedder.EclipseLogger - Copying 1 resource
2024-08-07 16:04:50,098 [Worker-79: Building] INFO  o.e.m.c.i.embedder.EclipseLogger - Copying 0 resource
2024-08-07 16:04:50,098 [Worker-79: Building] INFO  o.e.m.c.i.embedder.EclipseLogger - Using 'UTF-8' encoding to copy filtered resources.
2024-08-07 16:04:50,098 [Worker-79: Building] INFO  o.e.m.c.i.embedder.EclipseLogger - Using 'UTF-8' encoding to copy filtered properties files.
2024-08-07 16:04:50,098 [Worker-79: Building] INFO  o.e.m.c.i.embedder.EclipseLogger - skip non existing resourceDirectory D:\Sunbeam_Cdac\CDAC\FinalProject_J004\Project\Project\spring_boot_backend_security_jwt_template\src\test\resources
2024-08-07 17:13:28,706 [Worker-100: Building] INFO  o.e.m.c.i.embedder.EclipseLogger - Using 'UTF-8' encoding to copy filtered resources.
2024-08-07 17:13:28,706 [Worker-100: Building] INFO  o.e.m.c.i.embedder.EclipseLogger - Using 'UTF-8' encoding to copy filtered properties files.
2024-08-07 17:13:28,706 [Worker-100: Building] INFO  o.e.m.c.i.embedder.EclipseLogger - Copying 1 resource
2024-08-07 17:13:28,721 [Worker-100: Building] INFO  o.e.m.c.i.embedder.EclipseLogger - Copying 0 resource
2024-08-07 17:13:28,721 [Worker-100: Building] INFO  o.e.m.c.i.embedder.EclipseLogger - Using 'UTF-8' encoding to copy filtered resources.
2024-08-07 17:13:28,737 [Worker-100: Building] INFO  o.e.m.c.i.embedder.EclipseLogger - Using 'UTF-8' encoding to copy filtered properties files.
2024-08-07 17:13:28,737 [Worker-100: Building] INFO  o.e.m.c.i.embedder.EclipseLogger - skip non existing resourceDirectory D:\Sunbeam_Cdac\CDAC\FinalProject_J004\Project\Project\spring_boot_backend_security_jwt_template\src\test\resources
2024-08-07 17:16:26,529 [Worker-99: Building] INFO  o.e.m.c.i.embedder.EclipseLogger - Using 'UTF-8' encoding to copy filtered resources.
2024-08-07 17:16:26,529 [Worker-99: Building] INFO  o.e.m.c.i.embedder.EclipseLogger - Using 'UTF-8' encoding to copy filtered properties files.
2024-08-07 17:16:26,529 [Worker-99: Building] INFO  o.e.m.c.i.embedder.EclipseLogger - Copying 1 resource
2024-08-07 17:16:26,544 [Worker-99: Building] INFO  o.e.m.c.i.embedder.EclipseLogger - Copying 0 resource
2024-08-07 17:16:26,544 [Worker-99: Building] INFO  o.e.m.c.i.embedder.EclipseLogger - Using 'UTF-8' encoding to copy filtered resources.
2024-08-07 17:16:26,544 [Worker-99: Building] INFO  o.e.m.c.i.embedder.EclipseLogger - Using 'UTF-8' encoding to copy filtered properties files.
2024-08-07 17:16:26,544 [Worker-99: Building] INFO  o.e.m.c.i.embedder.EclipseLogger - skip non existing resourceDirectory D:\Sunbeam_Cdac\CDAC\FinalProject_J004\Project\Project\spring_boot_backend_security_jwt_template\src\test\resources
2024-08-07 17:16:40,395 [Worker-99: Building] INFO  o.e.m.c.i.embedder.EclipseLogger - Using 'UTF-8' encoding to copy filtered resources.
2024-08-07 17:16:40,395 [Worker-99: Building] INFO  o.e.m.c.i.embedder.EclipseLogger - Using 'UTF-8' encoding to copy filtered properties files.
2024-08-07 17:16:40,395 [Worker-99: Building] INFO  o.e.m.c.i.embedder.EclipseLogger - Copying 1 resource
2024-08-07 17:16:40,410 [Worker-99: Building] INFO  o.e.m.c.i.embedder.EclipseLogger - Copying 0 resource
2024-08-07 17:16:40,410 [Worker-99: Building] INFO  o.e.m.c.i.embedder.EclipseLogger - Using 'UTF-8' encoding to copy filtered resources.
2024-08-07 17:16:40,410 [Worker-99: Building] INFO  o.e.m.c.i.embedder.EclipseLogger - Using 'UTF-8' encoding to copy filtered properties files.
2024-08-07 17:16:40,410 [Worker-99: Building] INFO  o.e.m.c.i.embedder.EclipseLogger - skip non existing resourceDirectory D:\Sunbeam_Cdac\CDAC\FinalProject_J004\Project\Project\spring_boot_backend_security_jwt_template\src\test\resources
2024-08-07 17:18:11,615 [Worker-104: Building] INFO  o.e.m.c.i.embedder.EclipseLogger - Using 'UTF-8' encoding to copy filtered resources.
2024-08-07 17:18:11,615 [Worker-104: Building] INFO  o.e.m.c.i.embedder.EclipseLogger - Using 'UTF-8' encoding to copy filtered properties files.
2024-08-07 17:18:11,615 [Worker-104: Building] INFO  o.e.m.c.i.embedder.EclipseLogger - Copying 1 resource
2024-08-07 17:18:11,631 [Worker-104: Building] INFO  o.e.m.c.i.embedder.EclipseLogger - Copying 0 resource
2024-08-07 17:18:11,631 [Worker-104: Building] INFO  o.e.m.c.i.embedder.EclipseLogger - Using 'UTF-8' encoding to copy filtered resources.
2024-08-07 17:18:11,631 [Worker-104: Building] INFO  o.e.m.c.i.embedder.EclipseLogger - Using 'UTF-8' encoding to copy filtered properties files.
2024-08-07 17:18:11,631 [Worker-104: Building] INFO  o.e.m.c.i.embedder.EclipseLogger - skip non existing resourceDirectory D:\Sunbeam_Cdac\CDAC\FinalProject_J004\Project\Project\spring_boot_backend_security_jwt_template\src\test\resources
2024-08-07 17:19:48,081 [Worker-105: Building] INFO  o.e.m.c.i.embedder.EclipseLogger - Using 'UTF-8' encoding to copy filtered resources.
2024-08-07 17:19:48,081 [Worker-105: Building] INFO  o.e.m.c.i.embedder.EclipseLogger - Using 'UTF-8' encoding to copy filtered properties files.
2024-08-07 17:19:48,081 [Worker-105: Building] INFO  o.e.m.c.i.embedder.EclipseLogger - Copying 1 resource
2024-08-07 17:19:48,096 [Worker-105: Building] INFO  o.e.m.c.i.embedder.EclipseLogger - Copying 0 resource
2024-08-07 17:19:48,096 [Worker-105: Building] INFO  o.e.m.c.i.embedder.EclipseLogger - Using 'UTF-8' encoding to copy filtered resources.
2024-08-07 17:19:48,096 [Worker-105: Building] INFO  o.e.m.c.i.embedder.EclipseLogger - Using 'UTF-8' encoding to copy filtered properties files.
2024-08-07 17:19:48,096 [Worker-105: Building] INFO  o.e.m.c.i.embedder.EclipseLogger - skip non existing resourceDirectory D:\Sunbeam_Cdac\CDAC\FinalProject_J004\Project\Project\spring_boot_backend_security_jwt_template\src\test\resources
2024-08-07 17:21:11,598 [Worker-104: Building] INFO  o.e.m.c.i.embedder.EclipseLogger - Using 'UTF-8' encoding to copy filtered resources.
2024-08-07 17:21:11,598 [Worker-104: Building] INFO  o.e.m.c.i.embedder.EclipseLogger - Using 'UTF-8' encoding to copy filtered properties files.
2024-08-07 17:21:11,598 [Worker-104: Building] INFO  o.e.m.c.i.embedder.EclipseLogger - Copying 1 resource
2024-08-07 17:21:11,598 [Worker-104: Building] INFO  o.e.m.c.i.embedder.EclipseLogger - Copying 0 resource
2024-08-07 17:21:11,613 [Worker-104: Building] INFO  o.e.m.c.i.embedder.EclipseLogger - Using 'UTF-8' encoding to copy filtered resources.
2024-08-07 17:21:11,613 [Worker-104: Building] INFO  o.e.m.c.i.embedder.EclipseLogger - Using 'UTF-8' encoding to copy filtered properties files.
2024-08-07 17:21:11,613 [Worker-104: Building] INFO  o.e.m.c.i.embedder.EclipseLogger - skip non existing resourceDirectory D:\Sunbeam_Cdac\CDAC\FinalProject_J004\Project\Project\spring_boot_backend_security_jwt_template\src\test\resources
2024-08-07 17:21:44,088 [Worker-99: Building] INFO  o.e.m.c.i.embedder.EclipseLogger - Using 'UTF-8' encoding to copy filtered resources.
2024-08-07 17:21:44,088 [Worker-99: Building] INFO  o.e.m.c.i.embedder.EclipseLogger - Using 'UTF-8' encoding to copy filtered properties files.
2024-08-07 17:21:44,088 [Worker-99: Building] INFO  o.e.m.c.i.embedder.EclipseLogger - Copying 1 resource
2024-08-07 17:21:44,104 [Worker-99: Building] INFO  o.e.m.c.i.embedder.EclipseLogger - Copying 0 resource
2024-08-07 17:21:44,104 [Worker-99: Building] INFO  o.e.m.c.i.embedder.EclipseLogger - Using 'UTF-8' encoding to copy filtered resources.
2024-08-07 17:21:44,104 [Worker-99: Building] INFO  o.e.m.c.i.embedder.EclipseLogger - Using 'UTF-8' encoding to copy filtered properties files.
2024-08-07 17:21:44,104 [Worker-99: Building] INFO  o.e.m.c.i.embedder.EclipseLogger - skip non existing resourceDirectory D:\Sunbeam_Cdac\CDAC\FinalProject_J004\Project\Project\spring_boot_backend_security_jwt_template\src\test\resources
2024-08-07 17:21:54,717 [Worker-103: Building] INFO  o.e.m.c.i.embedder.EclipseLogger - Using 'UTF-8' encoding to copy filtered resources.
2024-08-07 17:21:54,717 [Worker-103: Building] INFO  o.e.m.c.i.embedder.EclipseLogger - Using 'UTF-8' encoding to copy filtered properties files.
2024-08-07 17:21:54,733 [Worker-103: Building] INFO  o.e.m.c.i.embedder.EclipseLogger - Copying 1 resource
2024-08-07 17:21:54,733 [Worker-103: Building] INFO  o.e.m.c.i.embedder.EclipseLogger - Copying 0 resource
2024-08-07 17:21:54,733 [Worker-103: Building] INFO  o.e.m.c.i.embedder.EclipseLogger - Using 'UTF-8' encoding to copy filtered resources.
2024-08-07 17:21:54,733 [Worker-103: Building] INFO  o.e.m.c.i.embedder.EclipseLogger - Using 'UTF-8' encoding to copy filtered properties files.
2024-08-07 17:21:54,733 [Worker-103: Building] INFO  o.e.m.c.i.embedder.EclipseLogger - skip non existing resourceDirectory D:\Sunbeam_Cdac\CDAC\FinalProject_J004\Project\Project\spring_boot_backend_security_jwt_template\src\test\resources
2024-08-07 17:21:56,343 [Worker-99: Building] INFO  o.e.m.c.i.embedder.EclipseLogger - Using 'UTF-8' encoding to copy filtered resources.
2024-08-07 17:21:56,343 [Worker-99: Building] INFO  o.e.m.c.i.embedder.EclipseLogger - Using 'UTF-8' encoding to copy filtered properties files.
2024-08-07 17:21:56,343 [Worker-99: Building] INFO  o.e.m.c.i.embedder.EclipseLogger - Copying 1 resource
2024-08-07 17:21:56,343 [Worker-99: Building] INFO  o.e.m.c.i.embedder.EclipseLogger - Copying 0 resource
2024-08-07 17:21:56,358 [Worker-99: Building] INFO  o.e.m.c.i.embedder.EclipseLogger - Using 'UTF-8' encoding to copy filtered resources.
2024-08-07 17:21:56,358 [Worker-99: Building] INFO  o.e.m.c.i.embedder.EclipseLogger - Using 'UTF-8' encoding to copy filtered properties files.
2024-08-07 17:21:56,358 [Worker-99: Building] INFO  o.e.m.c.i.embedder.EclipseLogger - skip non existing resourceDirectory D:\Sunbeam_Cdac\CDAC\FinalProject_J004\Project\Project\spring_boot_backend_security_jwt_template\src\test\resources
2024-08-07 17:23:39,862 [Worker-105: Building] INFO  o.e.m.c.i.embedder.EclipseLogger - Using 'UTF-8' encoding to copy filtered resources.
2024-08-07 17:23:39,862 [Worker-105: Building] INFO  o.e.m.c.i.embedder.EclipseLogger - Using 'UTF-8' encoding to copy filtered properties files.
2024-08-07 17:23:39,862 [Worker-105: Building] INFO  o.e.m.c.i.embedder.EclipseLogger - Copying 1 resource
2024-08-07 17:23:39,878 [Worker-105: Building] INFO  o.e.m.c.i.embedder.EclipseLogger - Copying 0 resource
2024-08-07 17:23:39,878 [Worker-105: Building] INFO  o.e.m.c.i.embedder.EclipseLogger - Using 'UTF-8' encoding to copy filtered resources.
2024-08-07 17:23:39,878 [Worker-105: Building] INFO  o.e.m.c.i.embedder.EclipseLogger - Using 'UTF-8' encoding to copy filtered properties files.
2024-08-07 17:23:39,878 [Worker-105: Building] INFO  o.e.m.c.i.embedder.EclipseLogger - skip non existing resourceDirectory D:\Sunbeam_Cdac\CDAC\FinalProject_J004\Project\Project\spring_boot_backend_security_jwt_template\src\test\resources
2024-08-07 17:24:37,051 [Worker-104: Building] INFO  o.e.m.c.i.embedder.EclipseLogger - Using 'UTF-8' encoding to copy filtered resources.
2024-08-07 17:24:37,051 [Worker-104: Building] INFO  o.e.m.c.i.embedder.EclipseLogger - Using 'UTF-8' encoding to copy filtered properties files.
2024-08-07 17:24:37,051 [Worker-104: Building] INFO  o.e.m.c.i.embedder.EclipseLogger - Copying 1 resource
2024-08-07 17:24:37,051 [Worker-104: Building] INFO  o.e.m.c.i.embedder.EclipseLogger - Copying 0 resource
2024-08-07 17:24:37,051 [Worker-104: Building] INFO  o.e.m.c.i.embedder.EclipseLogger - Using 'UTF-8' encoding to copy filtered resources.
2024-08-07 17:24:37,051 [Worker-104: Building] INFO  o.e.m.c.i.embedder.EclipseLogger - Using 'UTF-8' encoding to copy filtered properties files.
2024-08-07 17:24:37,051 [Worker-104: Building] INFO  o.e.m.c.i.embedder.EclipseLogger - skip non existing resourceDirectory D:\Sunbeam_Cdac\CDAC\FinalProject_J004\Project\Project\spring_boot_backend_security_jwt_template\src\test\resources
2024-08-07 17:25:04,659 [Worker-99: Building] INFO  o.e.m.c.i.embedder.EclipseLogger - Using 'UTF-8' encoding to copy filtered resources.
2024-08-07 17:25:04,659 [Worker-99: Building] INFO  o.e.m.c.i.embedder.EclipseLogger - Using 'UTF-8' encoding to copy filtered properties files.
2024-08-07 17:25:04,659 [Worker-99: Building] INFO  o.e.m.c.i.embedder.EclipseLogger - Copying 1 resource
2024-08-07 17:25:04,659 [Worker-99: Building] INFO  o.e.m.c.i.embedder.EclipseLogger - Copying 0 resource
2024-08-07 17:25:04,659 [Worker-99: Building] INFO  o.e.m.c.i.embedder.EclipseLogger - Using 'UTF-8' encoding to copy filtered resources.
2024-08-07 17:25:04,659 [Worker-99: Building] INFO  o.e.m.c.i.embedder.EclipseLogger - Using 'UTF-8' encoding to copy filtered properties files.
2024-08-07 17:25:04,659 [Worker-99: Building] INFO  o.e.m.c.i.embedder.EclipseLogger - skip non existing resourceDirectory D:\Sunbeam_Cdac\CDAC\FinalProject_J004\Project\Project\spring_boot_backend_security_jwt_template\src\test\resources
2024-08-07 17:25:25,497 [Worker-106: Building] INFO  o.e.m.c.i.embedder.EclipseLogger - Using 'UTF-8' encoding to copy filtered resources.
2024-08-07 17:25:25,497 [Worker-106: Building] INFO  o.e.m.c.i.embedder.EclipseLogger - Using 'UTF-8' encoding to copy filtered properties files.
2024-08-07 17:25:25,497 [Worker-106: Building] INFO  o.e.m.c.i.embedder.EclipseLogger - Copying 1 resource
2024-08-07 17:25:25,497 [Worker-106: Building] INFO  o.e.m.c.i.embedder.EclipseLogger - Copying 0 resource
2024-08-07 17:25:25,497 [Worker-106: Building] INFO  o.e.m.c.i.embedder.EclipseLogger - Using 'UTF-8' encoding to copy filtered resources.
2024-08-07 17:25:25,497 [Worker-106: Building] INFO  o.e.m.c.i.embedder.EclipseLogger - Using 'UTF-8' encoding to copy filtered properties files.
2024-08-07 17:25:25,497 [Worker-106: Building] INFO  o.e.m.c.i.embedder.EclipseLogger - skip non existing resourceDirectory D:\Sunbeam_Cdac\CDAC\FinalProject_J004\Project\Project\spring_boot_backend_security_jwt_template\src\test\resources
2024-08-07 17:26:55,963 [Worker-105: Building] INFO  o.e.m.c.i.embedder.EclipseLogger - Using 'UTF-8' encoding to copy filtered resources.
2024-08-07 17:26:55,963 [Worker-105: Building] INFO  o.e.m.c.i.embedder.EclipseLogger - Using 'UTF-8' encoding to copy filtered properties files.
2024-08-07 17:26:55,963 [Worker-105: Building] INFO  o.e.m.c.i.embedder.EclipseLogger - Copying 1 resource
2024-08-07 17:26:55,979 [Worker-105: Building] INFO  o.e.m.c.i.embedder.EclipseLogger - Copying 0 resource
2024-08-07 17:26:55,979 [Worker-105: Building] INFO  o.e.m.c.i.embedder.EclipseLogger - Using 'UTF-8' encoding to copy filtered resources.
2024-08-07 17:26:55,979 [Worker-105: Building] INFO  o.e.m.c.i.embedder.EclipseLogger - Using 'UTF-8' encoding to copy filtered properties files.
2024-08-07 17:26:55,979 [Worker-105: Building] INFO  o.e.m.c.i.embedder.EclipseLogger - skip non existing resourceDirectory D:\Sunbeam_Cdac\CDAC\FinalProject_J004\Project\Project\spring_boot_backend_security_jwt_template\src\test\resources
2024-08-07 17:27:16,539 [Worker-102: Building] INFO  o.e.m.c.i.embedder.EclipseLogger - Using 'UTF-8' encoding to copy filtered resources.
2024-08-07 17:27:16,539 [Worker-102: Building] INFO  o.e.m.c.i.embedder.EclipseLogger - Using 'UTF-8' encoding to copy filtered properties files.
2024-08-07 17:27:16,539 [Worker-102: Building] INFO  o.e.m.c.i.embedder.EclipseLogger - Copying 1 resource
2024-08-07 17:27:16,539 [Worker-102: Building] INFO  o.e.m.c.i.embedder.EclipseLogger - Copying 0 resource
2024-08-07 17:27:16,554 [Worker-102: Building] INFO  o.e.m.c.i.embedder.EclipseLogger - Using 'UTF-8' encoding to copy filtered resources.
2024-08-07 17:27:16,554 [Worker-102: Building] INFO  o.e.m.c.i.embedder.EclipseLogger - Using 'UTF-8' encoding to copy filtered properties files.
2024-08-07 17:27:16,554 [Worker-102: Building] INFO  o.e.m.c.i.embedder.EclipseLogger - skip non existing resourceDirectory D:\Sunbeam_Cdac\CDAC\FinalProject_J004\Project\Project\spring_boot_backend_security_jwt_template\src\test\resources
2024-08-07 17:27:45,545 [Worker-103: Building] INFO  o.e.m.c.i.embedder.EclipseLogger - Using 'UTF-8' encoding to copy filtered resources.
2024-08-07 17:27:45,545 [Worker-103: Building] INFO  o.e.m.c.i.embedder.EclipseLogger - Using 'UTF-8' encoding to copy filtered properties files.
2024-08-07 17:27:45,545 [Worker-103: Building] INFO  o.e.m.c.i.embedder.EclipseLogger - Copying 1 resource
2024-08-07 17:27:45,545 [Worker-103: Building] INFO  o.e.m.c.i.embedder.EclipseLogger - Copying 0 resource
2024-08-07 17:27:45,545 [Worker-103: Building] INFO  o.e.m.c.i.embedder.EclipseLogger - Using 'UTF-8' encoding to copy filtered resources.
2024-08-07 17:27:45,545 [Worker-103: Building] INFO  o.e.m.c.i.embedder.EclipseLogger - Using 'UTF-8' encoding to copy filtered properties files.
2024-08-07 17:27:45,545 [Worker-103: Building] INFO  o.e.m.c.i.embedder.EclipseLogger - skip non existing resourceDirectory D:\Sunbeam_Cdac\CDAC\FinalProject_J004\Project\Project\spring_boot_backend_security_jwt_template\src\test\resources
2024-08-07 17:29:05,534 [Worker-106: Building] INFO  o.e.m.c.i.embedder.EclipseLogger - Using 'UTF-8' encoding to copy filtered resources.
2024-08-07 17:29:05,534 [Worker-106: Building] INFO  o.e.m.c.i.embedder.EclipseLogger - Using 'UTF-8' encoding to copy filtered properties files.
2024-08-07 17:29:05,534 [Worker-106: Building] INFO  o.e.m.c.i.embedder.EclipseLogger - Copying 1 resource
2024-08-07 17:29:05,549 [Worker-106: Building] INFO  o.e.m.c.i.embedder.EclipseLogger - Copying 0 resource
2024-08-07 17:29:05,549 [Worker-106: Building] INFO  o.e.m.c.i.embedder.EclipseLogger - Using 'UTF-8' encoding to copy filtered resources.
2024-08-07 17:29:05,549 [Worker-106: Building] INFO  o.e.m.c.i.embedder.EclipseLogger - Using 'UTF-8' encoding to copy filtered properties files.
2024-08-07 17:29:05,549 [Worker-106: Building] INFO  o.e.m.c.i.embedder.EclipseLogger - skip non existing resourceDirectory D:\Sunbeam_Cdac\CDAC\FinalProject_J004\Project\Project\spring_boot_backend_security_jwt_template\src\test\resources
2024-08-07 17:29:53,931 [Worker-102: Building] INFO  o.e.m.c.i.embedder.EclipseLogger - Using 'UTF-8' encoding to copy filtered resources.
2024-08-07 17:29:53,931 [Worker-102: Building] INFO  o.e.m.c.i.embedder.EclipseLogger - Using 'UTF-8' encoding to copy filtered properties files.
2024-08-07 17:29:53,931 [Worker-102: Building] INFO  o.e.m.c.i.embedder.EclipseLogger - Copying 1 resource
2024-08-07 17:29:53,946 [Worker-102: Building] INFO  o.e.m.c.i.embedder.EclipseLogger - Copying 0 resource
2024-08-07 17:29:53,946 [Worker-102: Building] INFO  o.e.m.c.i.embedder.EclipseLogger - Using 'UTF-8' encoding to copy filtered resources.
2024-08-07 17:29:53,946 [Worker-102: Building] INFO  o.e.m.c.i.embedder.EclipseLogger - Using 'UTF-8' encoding to copy filtered properties files.
2024-08-07 17:29:53,946 [Worker-102: Building] INFO  o.e.m.c.i.embedder.EclipseLogger - skip non existing resourceDirectory D:\Sunbeam_Cdac\CDAC\FinalProject_J004\Project\Project\spring_boot_backend_security_jwt_template\src\test\resources
2024-08-07 17:30:01,544 [Worker-106: Building] INFO  o.e.m.c.i.embedder.EclipseLogger - Using 'UTF-8' encoding to copy filtered resources.
2024-08-07 17:30:01,544 [Worker-106: Building] INFO  o.e.m.c.i.embedder.EclipseLogger - Using 'UTF-8' encoding to copy filtered properties files.
2024-08-07 17:30:01,544 [Worker-106: Building] INFO  o.e.m.c.i.embedder.EclipseLogger - Copying 1 resource
2024-08-07 17:30:01,560 [Worker-106: Building] INFO  o.e.m.c.i.embedder.EclipseLogger - Copying 0 resource
2024-08-07 17:30:01,560 [Worker-106: Building] INFO  o.e.m.c.i.embedder.EclipseLogger - Using 'UTF-8' encoding to copy filtered resources.
2024-08-07 17:30:01,560 [Worker-106: Building] INFO  o.e.m.c.i.embedder.EclipseLogger - Using 'UTF-8' encoding to copy filtered properties files.
2024-08-07 17:30:01,560 [Worker-106: Building] INFO  o.e.m.c.i.embedder.EclipseLogger - skip non existing resourceDirectory D:\Sunbeam_Cdac\CDAC\FinalProject_J004\Project\Project\spring_boot_backend_security_jwt_template\src\test\resources
2024-08-07 17:30:35,081 [Worker-103: Building] INFO  o.e.m.c.i.embedder.EclipseLogger - Using 'UTF-8' encoding to copy filtered resources.
2024-08-07 17:30:35,081 [Worker-103: Building] INFO  o.e.m.c.i.embedder.EclipseLogger - Using 'UTF-8' encoding to copy filtered properties files.
2024-08-07 17:30:35,081 [Worker-103: Building] INFO  o.e.m.c.i.embedder.EclipseLogger - Copying 1 resource
2024-08-07 17:30:35,097 [Worker-103: Building] INFO  o.e.m.c.i.embedder.EclipseLogger - Copying 0 resource
2024-08-07 17:30:35,097 [Worker-103: Building] INFO  o.e.m.c.i.embedder.EclipseLogger - Using 'UTF-8' encoding to copy filtered resources.
2024-08-07 17:30:35,097 [Worker-103: Building] INFO  o.e.m.c.i.embedder.EclipseLogger - Using 'UTF-8' encoding to copy filtered properties files.
2024-08-07 17:30:35,097 [Worker-103: Building] INFO  o.e.m.c.i.embedder.EclipseLogger - skip non existing resourceDirectory D:\Sunbeam_Cdac\CDAC\FinalProject_J004\Project\Project\spring_boot_backend_security_jwt_template\src\test\resources
2024-08-07 17:31:03,929 [Worker-105: Building] INFO  o.e.m.c.i.embedder.EclipseLogger - Using 'UTF-8' encoding to copy filtered resources.
2024-08-07 17:31:03,929 [Worker-105: Building] INFO  o.e.m.c.i.embedder.EclipseLogger - Using 'UTF-8' encoding to copy filtered properties files.
2024-08-07 17:31:03,929 [Worker-105: Building] INFO  o.e.m.c.i.embedder.EclipseLogger - Copying 1 resource
2024-08-07 17:31:03,945 [Worker-105: Building] INFO  o.e.m.c.i.embedder.EclipseLogger - Copying 0 resource
2024-08-07 17:31:03,945 [Worker-105: Building] INFO  o.e.m.c.i.embedder.EclipseLogger - Using 'UTF-8' encoding to copy filtered resources.
2024-08-07 17:31:03,945 [Worker-105: Building] INFO  o.e.m.c.i.embedder.EclipseLogger - Using 'UTF-8' encoding to copy filtered properties files.
2024-08-07 17:31:03,945 [Worker-105: Building] INFO  o.e.m.c.i.embedder.EclipseLogger - skip non existing resourceDirectory D:\Sunbeam_Cdac\CDAC\FinalProject_J004\Project\Project\spring_boot_backend_security_jwt_template\src\test\resources
2024-08-07 17:31:28,561 [Worker-104: Building] INFO  o.e.m.c.i.embedder.EclipseLogger - Using 'UTF-8' encoding to copy filtered resources.
2024-08-07 17:31:28,561 [Worker-104: Building] INFO  o.e.m.c.i.embedder.EclipseLogger - Using 'UTF-8' encoding to copy filtered properties files.
2024-08-07 17:31:28,561 [Worker-104: Building] INFO  o.e.m.c.i.embedder.EclipseLogger - Copying 1 resource
2024-08-07 17:31:28,561 [Worker-104: Building] INFO  o.e.m.c.i.embedder.EclipseLogger - Copying 0 resource
2024-08-07 17:31:28,561 [Worker-104: Building] INFO  o.e.m.c.i.embedder.EclipseLogger - Using 'UTF-8' encoding to copy filtered resources.
2024-08-07 17:31:28,561 [Worker-104: Building] INFO  o.e.m.c.i.embedder.EclipseLogger - Using 'UTF-8' encoding to copy filtered properties files.
2024-08-07 17:31:28,561 [Worker-104: Building] INFO  o.e.m.c.i.embedder.EclipseLogger - skip non existing resourceDirectory D:\Sunbeam_Cdac\CDAC\FinalProject_J004\Project\Project\spring_boot_backend_security_jwt_template\src\test\resources
2024-08-07 17:31:50,863 [Worker-106: Building] INFO  o.e.m.c.i.embedder.EclipseLogger - Using 'UTF-8' encoding to copy filtered resources.
2024-08-07 17:31:50,863 [Worker-106: Building] INFO  o.e.m.c.i.embedder.EclipseLogger - Using 'UTF-8' encoding to copy filtered properties files.
2024-08-07 17:31:50,863 [Worker-106: Building] INFO  o.e.m.c.i.embedder.EclipseLogger - Copying 1 resource
2024-08-07 17:31:50,863 [Worker-106: Building] INFO  o.e.m.c.i.embedder.EclipseLogger - Copying 0 resource
2024-08-07 17:31:50,863 [Worker-106: Building] INFO  o.e.m.c.i.embedder.EclipseLogger - Using 'UTF-8' encoding to copy filtered resources.
2024-08-07 17:31:50,863 [Worker-106: Building] INFO  o.e.m.c.i.embedder.EclipseLogger - Using 'UTF-8' encoding to copy filtered properties files.
2024-08-07 17:31:50,863 [Worker-106: Building] INFO  o.e.m.c.i.embedder.EclipseLogger - skip non existing resourceDirectory D:\Sunbeam_Cdac\CDAC\FinalProject_J004\Project\Project\spring_boot_backend_security_jwt_template\src\test\resources
2024-08-07 17:31:53,113 [Worker-103: Building] INFO  o.e.m.c.i.embedder.EclipseLogger - Using 'UTF-8' encoding to copy filtered resources.
2024-08-07 17:31:53,113 [Worker-103: Building] INFO  o.e.m.c.i.embedder.EclipseLogger - Using 'UTF-8' encoding to copy filtered properties files.
2024-08-07 17:31:53,113 [Worker-103: Building] INFO  o.e.m.c.i.embedder.EclipseLogger - Copying 1 resource
2024-08-07 17:31:53,113 [Worker-103: Building] INFO  o.e.m.c.i.embedder.EclipseLogger - Copying 0 resource
2024-08-07 17:31:53,113 [Worker-103: Building] INFO  o.e.m.c.i.embedder.EclipseLogger - Using 'UTF-8' encoding to copy filtered resources.
2024-08-07 17:31:53,113 [Worker-103: Building] INFO  o.e.m.c.i.embedder.EclipseLogger - Using 'UTF-8' encoding to copy filtered properties files.
2024-08-07 17:31:53,113 [Worker-103: Building] INFO  o.e.m.c.i.embedder.EclipseLogger - skip non existing resourceDirectory D:\Sunbeam_Cdac\CDAC\FinalProject_J004\Project\Project\spring_boot_backend_security_jwt_template\src\test\resources
2024-08-07 17:31:55,957 [Worker-102: Building] INFO  o.e.m.c.i.embedder.EclipseLogger - Using 'UTF-8' encoding to copy filtered resources.
2024-08-07 17:31:55,957 [Worker-102: Building] INFO  o.e.m.c.i.embedder.EclipseLogger - Using 'UTF-8' encoding to copy filtered properties files.
2024-08-07 17:31:55,957 [Worker-102: Building] INFO  o.e.m.c.i.embedder.EclipseLogger - Copying 1 resource
2024-08-07 17:31:55,957 [Worker-102: Building] INFO  o.e.m.c.i.embedder.EclipseLogger - Copying 0 resource
2024-08-07 17:31:55,957 [Worker-102: Building] INFO  o.e.m.c.i.embedder.EclipseLogger - Using 'UTF-8' encoding to copy filtered resources.
2024-08-07 17:31:55,957 [Worker-102: Building] INFO  o.e.m.c.i.embedder.EclipseLogger - Using 'UTF-8' encoding to copy filtered properties files.
2024-08-07 17:31:55,957 [Worker-102: Building] INFO  o.e.m.c.i.embedder.EclipseLogger - skip non existing resourceDirectory D:\Sunbeam_Cdac\CDAC\FinalProject_J004\Project\Project\spring_boot_backend_security_jwt_template\src\test\resources
2024-08-07 17:32:32,182 [Worker-103: Building] INFO  o.e.m.c.i.embedder.EclipseLogger - Using 'UTF-8' encoding to copy filtered resources.
2024-08-07 17:32:32,182 [Worker-103: Building] INFO  o.e.m.c.i.embedder.EclipseLogger - Using 'UTF-8' encoding to copy filtered properties files.
2024-08-07 17:32:32,182 [Worker-103: Building] INFO  o.e.m.c.i.embedder.EclipseLogger - Copying 1 resource
2024-08-07 17:32:32,182 [Worker-103: Building] INFO  o.e.m.c.i.embedder.EclipseLogger - Copying 0 resource
2024-08-07 17:32:32,182 [Worker-103: Building] INFO  o.e.m.c.i.embedder.EclipseLogger - Using 'UTF-8' encoding to copy filtered resources.
2024-08-07 17:32:32,182 [Worker-103: Building] INFO  o.e.m.c.i.embedder.EclipseLogger - Using 'UTF-8' encoding to copy filtered properties files.
2024-08-07 17:32:32,182 [Worker-103: Building] INFO  o.e.m.c.i.embedder.EclipseLogger - skip non existing resourceDirectory D:\Sunbeam_Cdac\CDAC\FinalProject_J004\Project\Project\spring_boot_backend_security_jwt_template\src\test\resources
2024-08-07 17:32:59,687 [Worker-105: Building] INFO  o.e.m.c.i.embedder.EclipseLogger - Using 'UTF-8' encoding to copy filtered resources.
2024-08-07 17:32:59,687 [Worker-105: Building] INFO  o.e.m.c.i.embedder.EclipseLogger - Using 'UTF-8' encoding to copy filtered properties files.
2024-08-07 17:32:59,687 [Worker-105: Building] INFO  o.e.m.c.i.embedder.EclipseLogger - Copying 1 resource
2024-08-07 17:32:59,702 [Worker-105: Building] INFO  o.e.m.c.i.embedder.EclipseLogger - Copying 0 resource
2024-08-07 17:32:59,702 [Worker-105: Building] INFO  o.e.m.c.i.embedder.EclipseLogger - Using 'UTF-8' encoding to copy filtered resources.
2024-08-07 17:32:59,702 [Worker-105: Building] INFO  o.e.m.c.i.embedder.EclipseLogger - Using 'UTF-8' encoding to copy filtered properties files.
2024-08-07 17:32:59,702 [Worker-105: Building] INFO  o.e.m.c.i.embedder.EclipseLogger - skip non existing resourceDirectory D:\Sunbeam_Cdac\CDAC\FinalProject_J004\Project\Project\spring_boot_backend_security_jwt_template\src\test\resources
2024-08-07 17:33:04,906 [Worker-104: Building] INFO  o.e.m.c.i.embedder.EclipseLogger - Using 'UTF-8' encoding to copy filtered resources.
2024-08-07 17:33:04,906 [Worker-104: Building] INFO  o.e.m.c.i.embedder.EclipseLogger - Using 'UTF-8' encoding to copy filtered properties files.
2024-08-07 17:33:04,906 [Worker-104: Building] INFO  o.e.m.c.i.embedder.EclipseLogger - Copying 1 resource
2024-08-07 17:33:04,906 [Worker-104: Building] INFO  o.e.m.c.i.embedder.EclipseLogger - Copying 0 resource
2024-08-07 17:33:04,906 [Worker-104: Building] INFO  o.e.m.c.i.embedder.EclipseLogger - Using 'UTF-8' encoding to copy filtered resources.
2024-08-07 17:33:04,906 [Worker-104: Building] INFO  o.e.m.c.i.embedder.EclipseLogger - Using 'UTF-8' encoding to copy filtered properties files.
2024-08-07 17:33:04,906 [Worker-104: Building] INFO  o.e.m.c.i.embedder.EclipseLogger - skip non existing resourceDirectory D:\Sunbeam_Cdac\CDAC\FinalProject_J004\Project\Project\spring_boot_backend_security_jwt_template\src\test\resources
2024-08-07 17:35:05,547 [Worker-109: Building] INFO  o.e.m.c.i.embedder.EclipseLogger - Using 'UTF-8' encoding to copy filtered resources.
2024-08-07 17:35:05,547 [Worker-109: Building] INFO  o.e.m.c.i.embedder.EclipseLogger - Using 'UTF-8' encoding to copy filtered properties files.
2024-08-07 17:35:05,547 [Worker-109: Building] INFO  o.e.m.c.i.embedder.EclipseLogger - Copying 1 resource
2024-08-07 17:35:05,547 [Worker-109: Building] INFO  o.e.m.c.i.embedder.EclipseLogger - Copying 0 resource
2024-08-07 17:35:05,547 [Worker-109: Building] INFO  o.e.m.c.i.embedder.EclipseLogger - Using 'UTF-8' encoding to copy filtered resources.
2024-08-07 17:35:05,547 [Worker-109: Building] INFO  o.e.m.c.i.embedder.EclipseLogger - Using 'UTF-8' encoding to copy filtered properties files.
2024-08-07 17:35:05,547 [Worker-109: Building] INFO  o.e.m.c.i.embedder.EclipseLogger - skip non existing resourceDirectory D:\Sunbeam_Cdac\CDAC\FinalProject_J004\Project\Project\spring_boot_backend_security_jwt_template\src\test\resources
2024-08-07 17:35:52,005 [Worker-99: Building] INFO  o.e.m.c.i.embedder.EclipseLogger - Using 'UTF-8' encoding to copy filtered resources.
2024-08-07 17:35:52,005 [Worker-99: Building] INFO  o.e.m.c.i.embedder.EclipseLogger - Using 'UTF-8' encoding to copy filtered properties files.
2024-08-07 17:35:52,005 [Worker-99: Building] INFO  o.e.m.c.i.embedder.EclipseLogger - Copying 1 resource
2024-08-07 17:35:52,020 [Worker-99: Building] INFO  o.e.m.c.i.embedder.EclipseLogger - Copying 0 resource
2024-08-07 17:35:52,020 [Worker-99: Building] INFO  o.e.m.c.i.embedder.EclipseLogger - Using 'UTF-8' encoding to copy filtered resources.
2024-08-07 17:35:52,020 [Worker-99: Building] INFO  o.e.m.c.i.embedder.EclipseLogger - Using 'UTF-8' encoding to copy filtered properties files.
2024-08-07 17:35:52,020 [Worker-99: Building] INFO  o.e.m.c.i.embedder.EclipseLogger - skip non existing resourceDirectory D:\Sunbeam_Cdac\CDAC\FinalProject_J004\Project\Project\spring_boot_backend_security_jwt_template\src\test\resources
2024-08-07 17:36:25,830 [Worker-109: Building] INFO  o.e.m.c.i.embedder.EclipseLogger - Using 'UTF-8' encoding to copy filtered resources.
2024-08-07 17:36:25,830 [Worker-109: Building] INFO  o.e.m.c.i.embedder.EclipseLogger - Using 'UTF-8' encoding to copy filtered properties files.
2024-08-07 17:36:25,830 [Worker-109: Building] INFO  o.e.m.c.i.embedder.EclipseLogger - Copying 1 resource
2024-08-07 17:36:25,830 [Worker-109: Building] INFO  o.e.m.c.i.embedder.EclipseLogger - Copying 0 resource
2024-08-07 17:36:25,830 [Worker-109: Building] INFO  o.e.m.c.i.embedder.EclipseLogger - Using 'UTF-8' encoding to copy filtered resources.
2024-08-07 17:36:25,830 [Worker-109: Building] INFO  o.e.m.c.i.embedder.EclipseLogger - Using 'UTF-8' encoding to copy filtered properties files.
2024-08-07 17:36:25,830 [Worker-109: Building] INFO  o.e.m.c.i.embedder.EclipseLogger - skip non existing resourceDirectory D:\Sunbeam_Cdac\CDAC\FinalProject_J004\Project\Project\spring_boot_backend_security_jwt_template\src\test\resources
2024-08-07 17:37:23,497 [Worker-104: Building] INFO  o.e.m.c.i.embedder.EclipseLogger - Using 'UTF-8' encoding to copy filtered resources.
2024-08-07 17:37:23,497 [Worker-104: Building] INFO  o.e.m.c.i.embedder.EclipseLogger - Using 'UTF-8' encoding to copy filtered properties files.
2024-08-07 17:37:23,513 [Worker-104: Building] INFO  o.e.m.c.i.embedder.EclipseLogger - Copying 1 resource
2024-08-07 17:37:23,513 [Worker-104: Building] INFO  o.e.m.c.i.embedder.EclipseLogger - Copying 0 resource
2024-08-07 17:37:23,513 [Worker-104: Building] INFO  o.e.m.c.i.embedder.EclipseLogger - Using 'UTF-8' encoding to copy filtered resources.
2024-08-07 17:37:23,513 [Worker-104: Building] INFO  o.e.m.c.i.embedder.EclipseLogger - Using 'UTF-8' encoding to copy filtered properties files.
2024-08-07 17:37:23,513 [Worker-104: Building] INFO  o.e.m.c.i.embedder.EclipseLogger - skip non existing resourceDirectory D:\Sunbeam_Cdac\CDAC\FinalProject_J004\Project\Project\spring_boot_backend_security_jwt_template\src\test\resources
2024-08-07 17:44:33,425 [Worker-111: Building] INFO  o.e.m.c.i.embedder.EclipseLogger - Using 'UTF-8' encoding to copy filtered resources.
2024-08-07 17:44:33,425 [Worker-111: Building] INFO  o.e.m.c.i.embedder.EclipseLogger - Using 'UTF-8' encoding to copy filtered properties files.
2024-08-07 17:44:33,425 [Worker-111: Building] INFO  o.e.m.c.i.embedder.EclipseLogger - Copying 1 resource
2024-08-07 17:44:33,441 [Worker-111: Building] INFO  o.e.m.c.i.embedder.EclipseLogger - Copying 0 resource
2024-08-07 17:44:33,441 [Worker-111: Building] INFO  o.e.m.c.i.embedder.EclipseLogger - Using 'UTF-8' encoding to copy filtered resources.
2024-08-07 17:44:33,441 [Worker-111: Building] INFO  o.e.m.c.i.embedder.EclipseLogger - Using 'UTF-8' encoding to copy filtered properties files.
2024-08-07 17:44:33,441 [Worker-111: Building] INFO  o.e.m.c.i.embedder.EclipseLogger - skip non existing resourceDirectory D:\Sunbeam_Cdac\CDAC\FinalProject_J004\Project\Project\spring_boot_backend_security_jwt_template\src\test\resources
2024-08-07 17:44:54,126 [Worker-112: Building] INFO  o.e.m.c.i.embedder.EclipseLogger - Using 'UTF-8' encoding to copy filtered resources.
2024-08-07 17:44:54,126 [Worker-112: Building] INFO  o.e.m.c.i.embedder.EclipseLogger - Using 'UTF-8' encoding to copy filtered properties files.
2024-08-07 17:44:54,126 [Worker-112: Building] INFO  o.e.m.c.i.embedder.EclipseLogger - Copying 1 resource
2024-08-07 17:44:54,126 [Worker-112: Building] INFO  o.e.m.c.i.embedder.EclipseLogger - Copying 0 resource
2024-08-07 17:44:54,142 [Worker-112: Building] INFO  o.e.m.c.i.embedder.EclipseLogger - Using 'UTF-8' encoding to copy filtered resources.
2024-08-07 17:44:54,142 [Worker-112: Building] INFO  o.e.m.c.i.embedder.EclipseLogger - Using 'UTF-8' encoding to copy filtered properties files.
2024-08-07 17:44:54,142 [Worker-112: Building] INFO  o.e.m.c.i.embedder.EclipseLogger - skip non existing resourceDirectory D:\Sunbeam_Cdac\CDAC\FinalProject_J004\Project\Project\spring_boot_backend_security_jwt_template\src\test\resources
2024-08-07 17:45:03,253 [Worker-114: Building] INFO  o.e.m.c.i.embedder.EclipseLogger - Using 'UTF-8' encoding to copy filtered resources.
2024-08-07 17:45:03,253 [Worker-114: Building] INFO  o.e.m.c.i.embedder.EclipseLogger - Using 'UTF-8' encoding to copy filtered properties files.
2024-08-07 17:45:03,253 [Worker-114: Building] INFO  o.e.m.c.i.embedder.EclipseLogger - Copying 1 resource
2024-08-07 17:45:03,253 [Worker-114: Building] INFO  o.e.m.c.i.embedder.EclipseLogger - Copying 0 resource
2024-08-07 17:45:03,253 [Worker-114: Building] INFO  o.e.m.c.i.embedder.EclipseLogger - Using 'UTF-8' encoding to copy filtered resources.
2024-08-07 17:45:03,253 [Worker-114: Building] INFO  o.e.m.c.i.embedder.EclipseLogger - Using 'UTF-8' encoding to copy filtered properties files.
2024-08-07 17:45:03,253 [Worker-114: Building] INFO  o.e.m.c.i.embedder.EclipseLogger - skip non existing resourceDirectory D:\Sunbeam_Cdac\CDAC\FinalProject_J004\Project\Project\spring_boot_backend_security_jwt_template\src\test\resources
2024-08-07 17:45:11,069 [Worker-112: Building] INFO  o.e.m.c.i.embedder.EclipseLogger - Using 'UTF-8' encoding to copy filtered resources.
2024-08-07 17:45:11,069 [Worker-112: Building] INFO  o.e.m.c.i.embedder.EclipseLogger - Using 'UTF-8' encoding to copy filtered properties files.
2024-08-07 17:45:11,069 [Worker-112: Building] INFO  o.e.m.c.i.embedder.EclipseLogger - Copying 1 resource
2024-08-07 17:45:11,069 [Worker-112: Building] INFO  o.e.m.c.i.embedder.EclipseLogger - Copying 0 resource
2024-08-07 17:45:11,069 [Worker-112: Building] INFO  o.e.m.c.i.embedder.EclipseLogger - Using 'UTF-8' encoding to copy filtered resources.
2024-08-07 17:45:11,069 [Worker-112: Building] INFO  o.e.m.c.i.embedder.EclipseLogger - Using 'UTF-8' encoding to copy filtered properties files.
2024-08-07 17:45:11,069 [Worker-112: Building] INFO  o.e.m.c.i.embedder.EclipseLogger - skip non existing resourceDirectory D:\Sunbeam_Cdac\CDAC\FinalProject_J004\Project\Project\spring_boot_backend_security_jwt_template\src\test\resources
2024-08-07 17:46:04,150 [Worker-117: Building] INFO  o.e.m.c.i.embedder.EclipseLogger - Using 'UTF-8' encoding to copy filtered resources.
2024-08-07 17:46:04,150 [Worker-117: Building] INFO  o.e.m.c.i.embedder.EclipseLogger - Using 'UTF-8' encoding to copy filtered properties files.
2024-08-07 17:46:04,150 [Worker-117: Building] INFO  o.e.m.c.i.embedder.EclipseLogger - Copying 1 resource
2024-08-07 17:46:04,150 [Worker-117: Building] INFO  o.e.m.c.i.embedder.EclipseLogger - Copying 0 resource
2024-08-07 17:46:04,150 [Worker-117: Building] INFO  o.e.m.c.i.embedder.EclipseLogger - Using 'UTF-8' encoding to copy filtered resources.
2024-08-07 17:46:04,150 [Worker-117: Building] INFO  o.e.m.c.i.embedder.EclipseLogger - Using 'UTF-8' encoding to copy filtered properties files.
2024-08-07 17:46:04,150 [Worker-117: Building] INFO  o.e.m.c.i.embedder.EclipseLogger - skip non existing resourceDirectory D:\Sunbeam_Cdac\CDAC\FinalProject_J004\Project\Project\spring_boot_backend_security_jwt_template\src\test\resources
2024-08-07 17:46:18,466 [Worker-112: Building] INFO  o.e.m.c.i.embedder.EclipseLogger - Using 'UTF-8' encoding to copy filtered resources.
2024-08-07 17:46:18,466 [Worker-112: Building] INFO  o.e.m.c.i.embedder.EclipseLogger - Using 'UTF-8' encoding to copy filtered properties files.
2024-08-07 17:46:18,466 [Worker-112: Building] INFO  o.e.m.c.i.embedder.EclipseLogger - Copying 1 resource
2024-08-07 17:46:18,481 [Worker-112: Building] INFO  o.e.m.c.i.embedder.EclipseLogger - Copying 0 resource
2024-08-07 17:46:18,481 [Worker-112: Building] INFO  o.e.m.c.i.embedder.EclipseLogger - Using 'UTF-8' encoding to copy filtered resources.
2024-08-07 17:46:18,481 [Worker-112: Building] INFO  o.e.m.c.i.embedder.EclipseLogger - Using 'UTF-8' encoding to copy filtered properties files.
2024-08-07 17:46:18,481 [Worker-112: Building] INFO  o.e.m.c.i.embedder.EclipseLogger - skip non existing resourceDirectory D:\Sunbeam_Cdac\CDAC\FinalProject_J004\Project\Project\spring_boot_backend_security_jwt_template\src\test\resources
2024-08-07 17:47:28,199 [Worker-111: Building] INFO  o.e.m.c.i.embedder.EclipseLogger - Using 'UTF-8' encoding to copy filtered resources.
2024-08-07 17:47:28,199 [Worker-111: Building] INFO  o.e.m.c.i.embedder.EclipseLogger - Using 'UTF-8' encoding to copy filtered properties files.
2024-08-07 17:47:28,199 [Worker-111: Building] INFO  o.e.m.c.i.embedder.EclipseLogger - Copying 1 resource
2024-08-07 17:47:28,199 [Worker-111: Building] INFO  o.e.m.c.i.embedder.EclipseLogger - Copying 0 resource
2024-08-07 17:47:28,199 [Worker-111: Building] INFO  o.e.m.c.i.embedder.EclipseLogger - Using 'UTF-8' encoding to copy filtered resources.
2024-08-07 17:47:28,199 [Worker-111: Building] INFO  o.e.m.c.i.embedder.EclipseLogger - Using 'UTF-8' encoding to copy filtered properties files.
2024-08-07 17:47:28,199 [Worker-111: Building] INFO  o.e.m.c.i.embedder.EclipseLogger - skip non existing resourceDirectory D:\Sunbeam_Cdac\CDAC\FinalProject_J004\Project\Project\spring_boot_backend_security_jwt_template\src\test\resources
2024-08-07 17:49:00,937 [Worker-116: Building] INFO  o.e.m.c.i.embedder.EclipseLogger - Using 'UTF-8' encoding to copy filtered resources.
2024-08-07 17:49:00,937 [Worker-116: Building] INFO  o.e.m.c.i.embedder.EclipseLogger - Using 'UTF-8' encoding to copy filtered properties files.
2024-08-07 17:49:00,937 [Worker-116: Building] INFO  o.e.m.c.i.embedder.EclipseLogger - Copying 1 resource
2024-08-07 17:49:00,937 [Worker-116: Building] INFO  o.e.m.c.i.embedder.EclipseLogger - Copying 0 resource
2024-08-07 17:49:00,937 [Worker-116: Building] INFO  o.e.m.c.i.embedder.EclipseLogger - Using 'UTF-8' encoding to copy filtered resources.
2024-08-07 17:49:00,937 [Worker-116: Building] INFO  o.e.m.c.i.embedder.EclipseLogger - Using 'UTF-8' encoding to copy filtered properties files.
2024-08-07 17:49:00,937 [Worker-116: Building] INFO  o.e.m.c.i.embedder.EclipseLogger - skip non existing resourceDirectory D:\Sunbeam_Cdac\CDAC\FinalProject_J004\Project\Project\spring_boot_backend_security_jwt_template\src\test\resources
2024-08-07 17:49:02,000 [Worker-111: Building] INFO  o.e.m.c.i.embedder.EclipseLogger - Using 'UTF-8' encoding to copy filtered resources.
2024-08-07 17:49:02,000 [Worker-111: Building] INFO  o.e.m.c.i.embedder.EclipseLogger - Using 'UTF-8' encoding to copy filtered properties files.
2024-08-07 17:49:02,000 [Worker-111: Building] INFO  o.e.m.c.i.embedder.EclipseLogger - Copying 1 resource
2024-08-07 17:49:02,015 [Worker-111: Building] INFO  o.e.m.c.i.embedder.EclipseLogger - Copying 0 resource
2024-08-07 17:49:02,015 [Worker-111: Building] INFO  o.e.m.c.i.embedder.EclipseLogger - Using 'UTF-8' encoding to copy filtered resources.
2024-08-07 17:49:02,015 [Worker-111: Building] INFO  o.e.m.c.i.embedder.EclipseLogger - Using 'UTF-8' encoding to copy filtered properties files.
2024-08-07 17:49:02,015 [Worker-111: Building] INFO  o.e.m.c.i.embedder.EclipseLogger - skip non existing resourceDirectory D:\Sunbeam_Cdac\CDAC\FinalProject_J004\Project\Project\spring_boot_backend_security_jwt_template\src\test\resources
2024-08-07 17:50:18,716 [Worker-116: Building] INFO  o.e.m.c.i.embedder.EclipseLogger - Using 'UTF-8' encoding to copy filtered resources.
2024-08-07 17:50:18,716 [Worker-116: Building] INFO  o.e.m.c.i.embedder.EclipseLogger - Using 'UTF-8' encoding to copy filtered properties files.
2024-08-07 17:50:18,716 [Worker-116: Building] INFO  o.e.m.c.i.embedder.EclipseLogger - Copying 1 resource
2024-08-07 17:50:18,748 [Worker-116: Building] INFO  o.e.m.c.i.embedder.EclipseLogger - Copying 0 resource
2024-08-07 17:50:18,763 [Worker-116: Building] INFO  o.e.m.c.i.embedder.EclipseLogger - Using 'UTF-8' encoding to copy filtered resources.
2024-08-07 17:50:18,763 [Worker-116: Building] INFO  o.e.m.c.i.embedder.EclipseLogger - Using 'UTF-8' encoding to copy filtered properties files.
2024-08-07 17:50:18,763 [Worker-116: Building] INFO  o.e.m.c.i.embedder.EclipseLogger - skip non existing resourceDirectory D:\Sunbeam_Cdac\CDAC\FinalProject_J004\Project\Project\spring_boot_backend_security_jwt_template\src\test\resources
2024-08-07 17:50:44,537 [Worker-114: Building] INFO  o.e.m.c.i.embedder.EclipseLogger - Using 'UTF-8' encoding to copy filtered resources.
2024-08-07 17:50:44,537 [Worker-114: Building] INFO  o.e.m.c.i.embedder.EclipseLogger - Using 'UTF-8' encoding to copy filtered properties files.
2024-08-07 17:50:44,537 [Worker-114: Building] INFO  o.e.m.c.i.embedder.EclipseLogger - Copying 1 resource
2024-08-07 17:50:44,537 [Worker-114: Building] INFO  o.e.m.c.i.embedder.EclipseLogger - Copying 0 resource
2024-08-07 17:50:44,537 [Worker-114: Building] INFO  o.e.m.c.i.embedder.EclipseLogger - Using 'UTF-8' encoding to copy filtered resources.
2024-08-07 17:50:44,537 [Worker-114: Building] INFO  o.e.m.c.i.embedder.EclipseLogger - Using 'UTF-8' encoding to copy filtered properties files.
2024-08-07 17:50:44,537 [Worker-114: Building] INFO  o.e.m.c.i.embedder.EclipseLogger - skip non existing resourceDirectory D:\Sunbeam_Cdac\CDAC\FinalProject_J004\Project\Project\spring_boot_backend_security_jwt_template\src\test\resources
2024-08-07 17:51:16,471 [Worker-117: Building] INFO  o.e.m.c.i.embedder.EclipseLogger - Using 'UTF-8' encoding to copy filtered resources.
2024-08-07 17:51:16,471 [Worker-117: Building] INFO  o.e.m.c.i.embedder.EclipseLogger - Using 'UTF-8' encoding to copy filtered properties files.
2024-08-07 17:51:16,471 [Worker-117: Building] INFO  o.e.m.c.i.embedder.EclipseLogger - Copying 1 resource
2024-08-07 17:51:16,487 [Worker-117: Building] INFO  o.e.m.c.i.embedder.EclipseLogger - Copying 0 resource
2024-08-07 17:51:16,487 [Worker-117: Building] INFO  o.e.m.c.i.embedder.EclipseLogger - Using 'UTF-8' encoding to copy filtered resources.
2024-08-07 17:51:16,487 [Worker-117: Building] INFO  o.e.m.c.i.embedder.EclipseLogger - Using 'UTF-8' encoding to copy filtered properties files.
2024-08-07 17:51:16,487 [Worker-117: Building] INFO  o.e.m.c.i.embedder.EclipseLogger - skip non existing resourceDirectory D:\Sunbeam_Cdac\CDAC\FinalProject_J004\Project\Project\spring_boot_backend_security_jwt_template\src\test\resources
2024-08-07 17:51:30,386 [Worker-111: Building] INFO  o.e.m.c.i.embedder.EclipseLogger - Using 'UTF-8' encoding to copy filtered resources.
2024-08-07 17:51:30,386 [Worker-111: Building] INFO  o.e.m.c.i.embedder.EclipseLogger - Using 'UTF-8' encoding to copy filtered properties files.
2024-08-07 17:51:30,386 [Worker-111: Building] INFO  o.e.m.c.i.embedder.EclipseLogger - Copying 1 resource
2024-08-07 17:51:30,386 [Worker-111: Building] INFO  o.e.m.c.i.embedder.EclipseLogger - Copying 0 resource
2024-08-07 17:51:30,386 [Worker-111: Building] INFO  o.e.m.c.i.embedder.EclipseLogger - Using 'UTF-8' encoding to copy filtered resources.
2024-08-07 17:51:30,386 [Worker-111: Building] INFO  o.e.m.c.i.embedder.EclipseLogger - Using 'UTF-8' encoding to copy filtered properties files.
2024-08-07 17:51:30,386 [Worker-111: Building] INFO  o.e.m.c.i.embedder.EclipseLogger - skip non existing resourceDirectory D:\Sunbeam_Cdac\CDAC\FinalProject_J004\Project\Project\spring_boot_backend_security_jwt_template\src\test\resources
2024-08-07 17:51:37,593 [Worker-114: Building] INFO  o.e.m.c.i.embedder.EclipseLogger - Using 'UTF-8' encoding to copy filtered resources.
2024-08-07 17:51:37,593 [Worker-114: Building] INFO  o.e.m.c.i.embedder.EclipseLogger - Using 'UTF-8' encoding to copy filtered properties files.
2024-08-07 17:51:37,593 [Worker-114: Building] INFO  o.e.m.c.i.embedder.EclipseLogger - Copying 1 resource
2024-08-07 17:51:37,609 [Worker-114: Building] INFO  o.e.m.c.i.embedder.EclipseLogger - Copying 0 resource
2024-08-07 17:51:37,609 [Worker-114: Building] INFO  o.e.m.c.i.embedder.EclipseLogger - Using 'UTF-8' encoding to copy filtered resources.
2024-08-07 17:51:37,609 [Worker-114: Building] INFO  o.e.m.c.i.embedder.EclipseLogger - Using 'UTF-8' encoding to copy filtered properties files.
2024-08-07 17:51:37,609 [Worker-114: Building] INFO  o.e.m.c.i.embedder.EclipseLogger - skip non existing resourceDirectory D:\Sunbeam_Cdac\CDAC\FinalProject_J004\Project\Project\spring_boot_backend_security_jwt_template\src\test\resources
2024-08-07 17:51:56,883 [Worker-115: Building] INFO  o.e.m.c.i.embedder.EclipseLogger - Using 'UTF-8' encoding to copy filtered resources.
2024-08-07 17:51:56,883 [Worker-115: Building] INFO  o.e.m.c.i.embedder.EclipseLogger - Using 'UTF-8' encoding to copy filtered properties files.
2024-08-07 17:51:56,883 [Worker-115: Building] INFO  o.e.m.c.i.embedder.EclipseLogger - Copying 1 resource
2024-08-07 17:51:56,883 [Worker-115: Building] INFO  o.e.m.c.i.embedder.EclipseLogger - Copying 0 resource
2024-08-07 17:51:56,883 [Worker-115: Building] INFO  o.e.m.c.i.embedder.EclipseLogger - Using 'UTF-8' encoding to copy filtered resources.
2024-08-07 17:51:56,883 [Worker-115: Building] INFO  o.e.m.c.i.embedder.EclipseLogger - Using 'UTF-8' encoding to copy filtered properties files.
2024-08-07 17:51:56,883 [Worker-115: Building] INFO  o.e.m.c.i.embedder.EclipseLogger - skip non existing resourceDirectory D:\Sunbeam_Cdac\CDAC\FinalProject_J004\Project\Project\spring_boot_backend_security_jwt_template\src\test\resources
2024-08-07 17:52:18,066 [Worker-115: Building] INFO  o.e.m.c.i.embedder.EclipseLogger - Using 'UTF-8' encoding to copy filtered resources.
2024-08-07 17:52:18,066 [Worker-115: Building] INFO  o.e.m.c.i.embedder.EclipseLogger - Using 'UTF-8' encoding to copy filtered properties files.
2024-08-07 17:52:18,066 [Worker-115: Building] INFO  o.e.m.c.i.embedder.EclipseLogger - Copying 1 resource
2024-08-07 17:52:18,082 [Worker-115: Building] INFO  o.e.m.c.i.embedder.EclipseLogger - Copying 0 resource
2024-08-07 17:52:18,082 [Worker-115: Building] INFO  o.e.m.c.i.embedder.EclipseLogger - Using 'UTF-8' encoding to copy filtered resources.
2024-08-07 17:52:18,082 [Worker-115: Building] INFO  o.e.m.c.i.embedder.EclipseLogger - Using 'UTF-8' encoding to copy filtered properties files.
2024-08-07 17:52:18,082 [Worker-115: Building] INFO  o.e.m.c.i.embedder.EclipseLogger - skip non existing resourceDirectory D:\Sunbeam_Cdac\CDAC\FinalProject_J004\Project\Project\spring_boot_backend_security_jwt_template\src\test\resources
2024-08-07 17:52:39,362 [Worker-116: Building] INFO  o.e.m.c.i.embedder.EclipseLogger - Using 'UTF-8' encoding to copy filtered resources.
2024-08-07 17:52:39,362 [Worker-116: Building] INFO  o.e.m.c.i.embedder.EclipseLogger - Using 'UTF-8' encoding to copy filtered properties files.
2024-08-07 17:52:39,378 [Worker-116: Building] INFO  o.e.m.c.i.embedder.EclipseLogger - Copying 1 resource
2024-08-07 17:52:39,378 [Worker-116: Building] INFO  o.e.m.c.i.embedder.EclipseLogger - Copying 0 resource
2024-08-07 17:52:39,378 [Worker-116: Building] INFO  o.e.m.c.i.embedder.EclipseLogger - Using 'UTF-8' encoding to copy filtered resources.
2024-08-07 17:52:39,378 [Worker-116: Building] INFO  o.e.m.c.i.embedder.EclipseLogger - Using 'UTF-8' encoding to copy filtered properties files.
2024-08-07 17:52:39,378 [Worker-116: Building] INFO  o.e.m.c.i.embedder.EclipseLogger - skip non existing resourceDirectory D:\Sunbeam_Cdac\CDAC\FinalProject_J004\Project\Project\spring_boot_backend_security_jwt_template\src\test\resources
2024-08-07 18:57:59,137 [Worker-128: Building] INFO  o.e.m.c.i.embedder.EclipseLogger - Using 'UTF-8' encoding to copy filtered resources.
2024-08-07 18:57:59,137 [Worker-128: Building] INFO  o.e.m.c.i.embedder.EclipseLogger - Using 'UTF-8' encoding to copy filtered properties files.
2024-08-07 18:57:59,137 [Worker-128: Building] INFO  o.e.m.c.i.embedder.EclipseLogger - Copying 1 resource
2024-08-07 18:57:59,169 [Worker-128: Building] INFO  o.e.m.c.i.embedder.EclipseLogger - Copying 0 resource
2024-08-07 18:57:59,169 [Worker-128: Building] INFO  o.e.m.c.i.embedder.EclipseLogger - Using 'UTF-8' encoding to copy filtered resources.
2024-08-07 18:57:59,169 [Worker-128: Building] INFO  o.e.m.c.i.embedder.EclipseLogger - Using 'UTF-8' encoding to copy filtered properties files.
2024-08-07 18:57:59,169 [Worker-128: Building] INFO  o.e.m.c.i.embedder.EclipseLogger - skip non existing resourceDirectory D:\Sunbeam_Cdac\CDAC\FinalProject_J004\Project\Project\spring_boot_backend_security_jwt_template\src\test\resources
2024-08-07 18:59:36,808 [Worker-130: Building] INFO  o.e.m.c.i.embedder.EclipseLogger - Using 'UTF-8' encoding to copy filtered resources.
2024-08-07 18:59:36,808 [Worker-130: Building] INFO  o.e.m.c.i.embedder.EclipseLogger - Using 'UTF-8' encoding to copy filtered properties files.
2024-08-07 18:59:36,808 [Worker-130: Building] INFO  o.e.m.c.i.embedder.EclipseLogger - Copying 1 resource
2024-08-07 18:59:36,823 [Worker-130: Building] INFO  o.e.m.c.i.embedder.EclipseLogger - Copying 0 resource
2024-08-07 18:59:36,823 [Worker-130: Building] INFO  o.e.m.c.i.embedder.EclipseLogger - Using 'UTF-8' encoding to copy filtered resources.
2024-08-07 18:59:36,823 [Worker-130: Building] INFO  o.e.m.c.i.embedder.EclipseLogger - Using 'UTF-8' encoding to copy filtered properties files.
2024-08-07 18:59:36,823 [Worker-130: Building] INFO  o.e.m.c.i.embedder.EclipseLogger - skip non existing resourceDirectory D:\Sunbeam_Cdac\CDAC\FinalProject_J004\Project\Project\spring_boot_backend_security_jwt_template\src\test\resources
2024-08-07 19:03:30,653 [Worker-131: Building] INFO  o.e.m.c.i.embedder.EclipseLogger - Using 'UTF-8' encoding to copy filtered resources.
2024-08-07 19:03:30,653 [Worker-131: Building] INFO  o.e.m.c.i.embedder.EclipseLogger - Using 'UTF-8' encoding to copy filtered properties files.
2024-08-07 19:03:30,653 [Worker-131: Building] INFO  o.e.m.c.i.embedder.EclipseLogger - Copying 1 resource
2024-08-07 19:03:30,669 [Worker-131: Building] INFO  o.e.m.c.i.embedder.EclipseLogger - Copying 0 resource
2024-08-07 19:03:30,669 [Worker-131: Building] INFO  o.e.m.c.i.embedder.EclipseLogger - Using 'UTF-8' encoding to copy filtered resources.
2024-08-07 19:03:30,669 [Worker-131: Building] INFO  o.e.m.c.i.embedder.EclipseLogger - Using 'UTF-8' encoding to copy filtered properties files.
2024-08-07 19:03:30,669 [Worker-131: Building] INFO  o.e.m.c.i.embedder.EclipseLogger - skip non existing resourceDirectory D:\Sunbeam_Cdac\CDAC\FinalProject_J004\Project\Project\spring_boot_backend_security_jwt_template\src\test\resources
2024-08-07 19:03:53,899 [Worker-131: Building] INFO  o.e.m.c.i.embedder.EclipseLogger - Using 'UTF-8' encoding to copy filtered resources.
2024-08-07 19:03:53,899 [Worker-131: Building] INFO  o.e.m.c.i.embedder.EclipseLogger - Using 'UTF-8' encoding to copy filtered properties files.
2024-08-07 19:03:53,899 [Worker-131: Building] INFO  o.e.m.c.i.embedder.EclipseLogger - Copying 1 resource
2024-08-07 19:03:53,915 [Worker-131: Building] INFO  o.e.m.c.i.embedder.EclipseLogger - Copying 0 resource
2024-08-07 19:03:53,915 [Worker-131: Building] INFO  o.e.m.c.i.embedder.EclipseLogger - Using 'UTF-8' encoding to copy filtered resources.
2024-08-07 19:03:53,915 [Worker-131: Building] INFO  o.e.m.c.i.embedder.EclipseLogger - Using 'UTF-8' encoding to copy filtered properties files.
2024-08-07 19:03:53,915 [Worker-131: Building] INFO  o.e.m.c.i.embedder.EclipseLogger - skip non existing resourceDirectory D:\Sunbeam_Cdac\CDAC\FinalProject_J004\Project\Project\spring_boot_backend_security_jwt_template\src\test\resources
2024-08-07 19:05:30,177 [Worker-132: Building] INFO  o.e.m.c.i.embedder.EclipseLogger - Using 'UTF-8' encoding to copy filtered resources.
2024-08-07 19:05:30,177 [Worker-132: Building] INFO  o.e.m.c.i.embedder.EclipseLogger - Using 'UTF-8' encoding to copy filtered properties files.
2024-08-07 19:05:30,177 [Worker-132: Building] INFO  o.e.m.c.i.embedder.EclipseLogger - Copying 1 resource
2024-08-07 19:05:30,177 [Worker-132: Building] INFO  o.e.m.c.i.embedder.EclipseLogger - Copying 0 resource
2024-08-07 19:05:30,177 [Worker-132: Building] INFO  o.e.m.c.i.embedder.EclipseLogger - Using 'UTF-8' encoding to copy filtered resources.
2024-08-07 19:05:30,177 [Worker-132: Building] INFO  o.e.m.c.i.embedder.EclipseLogger - Using 'UTF-8' encoding to copy filtered properties files.
2024-08-07 19:05:30,177 [Worker-132: Building] INFO  o.e.m.c.i.embedder.EclipseLogger - skip non existing resourceDirectory D:\Sunbeam_Cdac\CDAC\FinalProject_J004\Project\Project\spring_boot_backend_security_jwt_template\src\test\resources
2024-08-07 19:06:18,876 [Worker-131: Building] INFO  o.e.m.c.i.embedder.EclipseLogger - Using 'UTF-8' encoding to copy filtered resources.
2024-08-07 19:06:18,876 [Worker-131: Building] INFO  o.e.m.c.i.embedder.EclipseLogger - Using 'UTF-8' encoding to copy filtered properties files.
2024-08-07 19:06:18,876 [Worker-131: Building] INFO  o.e.m.c.i.embedder.EclipseLogger - Copying 1 resource
2024-08-07 19:06:18,892 [Worker-131: Building] INFO  o.e.m.c.i.embedder.EclipseLogger - Copying 0 resource
2024-08-07 19:06:18,892 [Worker-131: Building] INFO  o.e.m.c.i.embedder.EclipseLogger - Using 'UTF-8' encoding to copy filtered resources.
2024-08-07 19:06:18,892 [Worker-131: Building] INFO  o.e.m.c.i.embedder.EclipseLogger - Using 'UTF-8' encoding to copy filtered properties files.
2024-08-07 19:06:18,892 [Worker-131: Building] INFO  o.e.m.c.i.embedder.EclipseLogger - skip non existing resourceDirectory D:\Sunbeam_Cdac\CDAC\FinalProject_J004\Project\Project\spring_boot_backend_security_jwt_template\src\test\resources
2024-08-07 19:08:16,303 [Worker-132: Building] INFO  o.e.m.c.i.embedder.EclipseLogger - Using 'UTF-8' encoding to copy filtered resources.
2024-08-07 19:08:16,303 [Worker-132: Building] INFO  o.e.m.c.i.embedder.EclipseLogger - Using 'UTF-8' encoding to copy filtered properties files.
2024-08-07 19:08:16,303 [Worker-132: Building] INFO  o.e.m.c.i.embedder.EclipseLogger - Copying 1 resource
2024-08-07 19:08:16,319 [Worker-132: Building] INFO  o.e.m.c.i.embedder.EclipseLogger - Copying 0 resource
2024-08-07 19:08:16,319 [Worker-132: Building] INFO  o.e.m.c.i.embedder.EclipseLogger - Using 'UTF-8' encoding to copy filtered resources.
2024-08-07 19:08:16,319 [Worker-132: Building] INFO  o.e.m.c.i.embedder.EclipseLogger - Using 'UTF-8' encoding to copy filtered properties files.
2024-08-07 19:08:16,319 [Worker-132: Building] INFO  o.e.m.c.i.embedder.EclipseLogger - skip non existing resourceDirectory D:\Sunbeam_Cdac\CDAC\FinalProject_J004\Project\Project\spring_boot_backend_security_jwt_template\src\test\resources
2024-08-07 19:08:38,393 [Worker-133: Building] INFO  o.e.m.c.i.embedder.EclipseLogger - Using 'UTF-8' encoding to copy filtered resources.
2024-08-07 19:08:38,393 [Worker-133: Building] INFO  o.e.m.c.i.embedder.EclipseLogger - Using 'UTF-8' encoding to copy filtered properties files.
2024-08-07 19:08:38,393 [Worker-133: Building] INFO  o.e.m.c.i.embedder.EclipseLogger - Copying 1 resource
2024-08-07 19:08:38,409 [Worker-133: Building] INFO  o.e.m.c.i.embedder.EclipseLogger - Copying 0 resource
2024-08-07 19:08:38,409 [Worker-133: Building] INFO  o.e.m.c.i.embedder.EclipseLogger - Using 'UTF-8' encoding to copy filtered resources.
2024-08-07 19:08:38,409 [Worker-133: Building] INFO  o.e.m.c.i.embedder.EclipseLogger - Using 'UTF-8' encoding to copy filtered properties files.
2024-08-07 19:08:38,409 [Worker-133: Building] INFO  o.e.m.c.i.embedder.EclipseLogger - skip non existing resourceDirectory D:\Sunbeam_Cdac\CDAC\FinalProject_J004\Project\Project\spring_boot_backend_security_jwt_template\src\test\resources
2024-08-07 19:09:46,995 [Worker-133: Building] INFO  o.e.m.c.i.embedder.EclipseLogger - Using 'UTF-8' encoding to copy filtered resources.
2024-08-07 19:09:46,995 [Worker-133: Building] INFO  o.e.m.c.i.embedder.EclipseLogger - Using 'UTF-8' encoding to copy filtered properties files.
2024-08-07 19:09:46,995 [Worker-133: Building] INFO  o.e.m.c.i.embedder.EclipseLogger - Copying 1 resource
2024-08-07 19:09:46,995 [Worker-133: Building] INFO  o.e.m.c.i.embedder.EclipseLogger - Copying 0 resource
2024-08-07 19:09:46,995 [Worker-133: Building] INFO  o.e.m.c.i.embedder.EclipseLogger - Using 'UTF-8' encoding to copy filtered resources.
2024-08-07 19:09:46,995 [Worker-133: Building] INFO  o.e.m.c.i.embedder.EclipseLogger - Using 'UTF-8' encoding to copy filtered properties files.
2024-08-07 19:09:46,995 [Worker-133: Building] INFO  o.e.m.c.i.embedder.EclipseLogger - skip non existing resourceDirectory D:\Sunbeam_Cdac\CDAC\FinalProject_J004\Project\Project\spring_boot_backend_security_jwt_template\src\test\resources
2024-08-07 19:11:48,902 [Worker-135: Building] INFO  o.e.m.c.i.embedder.EclipseLogger - Using 'UTF-8' encoding to copy filtered resources.
2024-08-07 19:11:48,902 [Worker-135: Building] INFO  o.e.m.c.i.embedder.EclipseLogger - Using 'UTF-8' encoding to copy filtered properties files.
2024-08-07 19:11:48,902 [Worker-135: Building] INFO  o.e.m.c.i.embedder.EclipseLogger - Copying 1 resource
2024-08-07 19:11:48,902 [Worker-135: Building] INFO  o.e.m.c.i.embedder.EclipseLogger - Copying 0 resource
2024-08-07 19:11:48,918 [Worker-135: Building] INFO  o.e.m.c.i.embedder.EclipseLogger - Using 'UTF-8' encoding to copy filtered resources.
2024-08-07 19:11:48,918 [Worker-135: Building] INFO  o.e.m.c.i.embedder.EclipseLogger - Using 'UTF-8' encoding to copy filtered properties files.
2024-08-07 19:11:48,918 [Worker-135: Building] INFO  o.e.m.c.i.embedder.EclipseLogger - skip non existing resourceDirectory D:\Sunbeam_Cdac\CDAC\FinalProject_J004\Project\Project\spring_boot_backend_security_jwt_template\src\test\resources
2024-08-07 19:12:22,964 [Worker-133: Building] INFO  o.e.m.c.i.embedder.EclipseLogger - Using 'UTF-8' encoding to copy filtered resources.
2024-08-07 19:12:22,964 [Worker-133: Building] INFO  o.e.m.c.i.embedder.EclipseLogger - Using 'UTF-8' encoding to copy filtered properties files.
2024-08-07 19:12:22,964 [Worker-133: Building] INFO  o.e.m.c.i.embedder.EclipseLogger - Copying 1 resource
2024-08-07 19:12:22,964 [Worker-133: Building] INFO  o.e.m.c.i.embedder.EclipseLogger - Copying 0 resource
2024-08-07 19:12:22,964 [Worker-133: Building] INFO  o.e.m.c.i.embedder.EclipseLogger - Using 'UTF-8' encoding to copy filtered resources.
2024-08-07 19:12:22,964 [Worker-133: Building] INFO  o.e.m.c.i.embedder.EclipseLogger - Using 'UTF-8' encoding to copy filtered properties files.
2024-08-07 19:12:22,964 [Worker-133: Building] INFO  o.e.m.c.i.embedder.EclipseLogger - skip non existing resourceDirectory D:\Sunbeam_Cdac\CDAC\FinalProject_J004\Project\Project\spring_boot_backend_security_jwt_template\src\test\resources
2024-08-07 19:13:06,816 [Worker-135: Building] INFO  o.e.m.c.i.embedder.EclipseLogger - Using 'UTF-8' encoding to copy filtered resources.
2024-08-07 19:13:06,816 [Worker-135: Building] INFO  o.e.m.c.i.embedder.EclipseLogger - Using 'UTF-8' encoding to copy filtered properties files.
2024-08-07 19:13:06,816 [Worker-135: Building] INFO  o.e.m.c.i.embedder.EclipseLogger - Copying 1 resource
2024-08-07 19:13:06,832 [Worker-135: Building] INFO  o.e.m.c.i.embedder.EclipseLogger - Copying 0 resource
2024-08-07 19:13:06,832 [Worker-135: Building] INFO  o.e.m.c.i.embedder.EclipseLogger - Using 'UTF-8' encoding to copy filtered resources.
2024-08-07 19:13:06,832 [Worker-135: Building] INFO  o.e.m.c.i.embedder.EclipseLogger - Using 'UTF-8' encoding to copy filtered properties files.
2024-08-07 19:13:06,832 [Worker-135: Building] INFO  o.e.m.c.i.embedder.EclipseLogger - skip non existing resourceDirectory D:\Sunbeam_Cdac\CDAC\FinalProject_J004\Project\Project\spring_boot_backend_security_jwt_template\src\test\resources
2024-08-07 19:13:17,150 [Worker-133: Building] INFO  o.e.m.c.i.embedder.EclipseLogger - Using 'UTF-8' encoding to copy filtered resources.
2024-08-07 19:13:17,150 [Worker-133: Building] INFO  o.e.m.c.i.embedder.EclipseLogger - Using 'UTF-8' encoding to copy filtered properties files.
2024-08-07 19:13:17,150 [Worker-133: Building] INFO  o.e.m.c.i.embedder.EclipseLogger - Copying 1 resource
2024-08-07 19:13:17,166 [Worker-133: Building] INFO  o.e.m.c.i.embedder.EclipseLogger - Copying 0 resource
2024-08-07 19:13:17,166 [Worker-133: Building] INFO  o.e.m.c.i.embedder.EclipseLogger - Using 'UTF-8' encoding to copy filtered resources.
2024-08-07 19:13:17,166 [Worker-133: Building] INFO  o.e.m.c.i.embedder.EclipseLogger - Using 'UTF-8' encoding to copy filtered properties files.
2024-08-07 19:13:17,166 [Worker-133: Building] INFO  o.e.m.c.i.embedder.EclipseLogger - skip non existing resourceDirectory D:\Sunbeam_Cdac\CDAC\FinalProject_J004\Project\Project\spring_boot_backend_security_jwt_template\src\test\resources
2024-08-07 19:13:25,739 [Worker-132: Building] INFO  o.e.m.c.i.embedder.EclipseLogger - Using 'UTF-8' encoding to copy filtered resources.
2024-08-07 19:13:25,739 [Worker-132: Building] INFO  o.e.m.c.i.embedder.EclipseLogger - Using 'UTF-8' encoding to copy filtered properties files.
2024-08-07 19:13:25,739 [Worker-132: Building] INFO  o.e.m.c.i.embedder.EclipseLogger - Copying 1 resource
2024-08-07 19:13:25,739 [Worker-132: Building] INFO  o.e.m.c.i.embedder.EclipseLogger - Copying 0 resource
2024-08-07 19:13:25,739 [Worker-132: Building] INFO  o.e.m.c.i.embedder.EclipseLogger - Using 'UTF-8' encoding to copy filtered resources.
2024-08-07 19:13:25,739 [Worker-132: Building] INFO  o.e.m.c.i.embedder.EclipseLogger - Using 'UTF-8' encoding to copy filtered properties files.
2024-08-07 19:13:25,739 [Worker-132: Building] INFO  o.e.m.c.i.embedder.EclipseLogger - skip non existing resourceDirectory D:\Sunbeam_Cdac\CDAC\FinalProject_J004\Project\Project\spring_boot_backend_security_jwt_template\src\test\resources
2024-08-07 19:13:45,745 [Worker-135: Building] INFO  o.e.m.c.i.embedder.EclipseLogger - Using 'UTF-8' encoding to copy filtered resources.
2024-08-07 19:13:45,745 [Worker-135: Building] INFO  o.e.m.c.i.embedder.EclipseLogger - Using 'UTF-8' encoding to copy filtered properties files.
2024-08-07 19:13:45,745 [Worker-135: Building] INFO  o.e.m.c.i.embedder.EclipseLogger - Copying 1 resource
2024-08-07 19:13:45,745 [Worker-135: Building] INFO  o.e.m.c.i.embedder.EclipseLogger - Copying 0 resource
2024-08-07 19:13:45,761 [Worker-135: Building] INFO  o.e.m.c.i.embedder.EclipseLogger - Using 'UTF-8' encoding to copy filtered resources.
2024-08-07 19:13:45,761 [Worker-135: Building] INFO  o.e.m.c.i.embedder.EclipseLogger - Using 'UTF-8' encoding to copy filtered properties files.
2024-08-07 19:13:45,761 [Worker-135: Building] INFO  o.e.m.c.i.embedder.EclipseLogger - skip non existing resourceDirectory D:\Sunbeam_Cdac\CDAC\FinalProject_J004\Project\Project\spring_boot_backend_security_jwt_template\src\test\resources
2024-08-07 19:17:16,301 [Worker-132: Building] INFO  o.e.m.c.i.embedder.EclipseLogger - Using 'UTF-8' encoding to copy filtered resources.
2024-08-07 19:17:16,301 [Worker-132: Building] INFO  o.e.m.c.i.embedder.EclipseLogger - Using 'UTF-8' encoding to copy filtered properties files.
2024-08-07 19:17:16,301 [Worker-132: Building] INFO  o.e.m.c.i.embedder.EclipseLogger - Copying 1 resource
2024-08-07 19:17:16,316 [Worker-132: Building] INFO  o.e.m.c.i.embedder.EclipseLogger - Copying 0 resource
2024-08-07 19:17:16,316 [Worker-132: Building] INFO  o.e.m.c.i.embedder.EclipseLogger - Using 'UTF-8' encoding to copy filtered resources.
2024-08-07 19:17:16,316 [Worker-132: Building] INFO  o.e.m.c.i.embedder.EclipseLogger - Using 'UTF-8' encoding to copy filtered properties files.
2024-08-07 19:17:16,316 [Worker-132: Building] INFO  o.e.m.c.i.embedder.EclipseLogger - skip non existing resourceDirectory D:\Sunbeam_Cdac\CDAC\FinalProject_J004\Project\Project\spring_boot_backend_security_jwt_template\src\test\resources
2024-08-07 19:17:39,271 [Worker-135: Building] INFO  o.e.m.c.i.embedder.EclipseLogger - Using 'UTF-8' encoding to copy filtered resources.
2024-08-07 19:17:39,271 [Worker-135: Building] INFO  o.e.m.c.i.embedder.EclipseLogger - Using 'UTF-8' encoding to copy filtered properties files.
2024-08-07 19:17:39,271 [Worker-135: Building] INFO  o.e.m.c.i.embedder.EclipseLogger - Copying 1 resource
2024-08-07 19:17:39,287 [Worker-135: Building] INFO  o.e.m.c.i.embedder.EclipseLogger - Copying 0 resource
2024-08-07 19:17:39,287 [Worker-135: Building] INFO  o.e.m.c.i.embedder.EclipseLogger - Using 'UTF-8' encoding to copy filtered resources.
2024-08-07 19:17:39,287 [Worker-135: Building] INFO  o.e.m.c.i.embedder.EclipseLogger - Using 'UTF-8' encoding to copy filtered properties files.
2024-08-07 19:17:39,287 [Worker-135: Building] INFO  o.e.m.c.i.embedder.EclipseLogger - skip non existing resourceDirectory D:\Sunbeam_Cdac\CDAC\FinalProject_J004\Project\Project\spring_boot_backend_security_jwt_template\src\test\resources
2024-08-07 19:18:03,469 [Worker-136: Building] INFO  o.e.m.c.i.embedder.EclipseLogger - Using 'UTF-8' encoding to copy filtered resources.
2024-08-07 19:18:03,469 [Worker-136: Building] INFO  o.e.m.c.i.embedder.EclipseLogger - Using 'UTF-8' encoding to copy filtered properties files.
2024-08-07 19:18:03,485 [Worker-136: Building] INFO  o.e.m.c.i.embedder.EclipseLogger - Copying 1 resource
2024-08-07 19:18:03,485 [Worker-136: Building] INFO  o.e.m.c.i.embedder.EclipseLogger - Copying 0 resource
2024-08-07 19:18:03,500 [Worker-136: Building] INFO  o.e.m.c.i.embedder.EclipseLogger - Using 'UTF-8' encoding to copy filtered resources.
2024-08-07 19:18:03,500 [Worker-136: Building] INFO  o.e.m.c.i.embedder.EclipseLogger - Using 'UTF-8' encoding to copy filtered properties files.
2024-08-07 19:18:03,500 [Worker-136: Building] INFO  o.e.m.c.i.embedder.EclipseLogger - skip non existing resourceDirectory D:\Sunbeam_Cdac\CDAC\FinalProject_J004\Project\Project\spring_boot_backend_security_jwt_template\src\test\resources
2024-08-07 19:18:46,812 [Worker-134: Building] INFO  o.e.m.c.i.embedder.EclipseLogger - Using 'UTF-8' encoding to copy filtered resources.
2024-08-07 19:18:46,812 [Worker-134: Building] INFO  o.e.m.c.i.embedder.EclipseLogger - Using 'UTF-8' encoding to copy filtered properties files.
2024-08-07 19:18:46,812 [Worker-134: Building] INFO  o.e.m.c.i.embedder.EclipseLogger - Copying 1 resource
2024-08-07 19:18:46,828 [Worker-134: Building] INFO  o.e.m.c.i.embedder.EclipseLogger - Copying 0 resource
2024-08-07 19:18:46,828 [Worker-134: Building] INFO  o.e.m.c.i.embedder.EclipseLogger - Using 'UTF-8' encoding to copy filtered resources.
2024-08-07 19:18:46,828 [Worker-134: Building] INFO  o.e.m.c.i.embedder.EclipseLogger - Using 'UTF-8' encoding to copy filtered properties files.
2024-08-07 19:18:46,828 [Worker-134: Building] INFO  o.e.m.c.i.embedder.EclipseLogger - skip non existing resourceDirectory D:\Sunbeam_Cdac\CDAC\FinalProject_J004\Project\Project\spring_boot_backend_security_jwt_template\src\test\resources
2024-08-07 19:18:54,706 [Worker-135: Building] INFO  o.e.m.c.i.embedder.EclipseLogger - Using 'UTF-8' encoding to copy filtered resources.
2024-08-07 19:18:54,706 [Worker-135: Building] INFO  o.e.m.c.i.embedder.EclipseLogger - Using 'UTF-8' encoding to copy filtered properties files.
2024-08-07 19:18:54,706 [Worker-135: Building] INFO  o.e.m.c.i.embedder.EclipseLogger - Copying 1 resource
2024-08-07 19:18:54,721 [Worker-135: Building] INFO  o.e.m.c.i.embedder.EclipseLogger - Copying 0 resource
2024-08-07 19:18:54,721 [Worker-135: Building] INFO  o.e.m.c.i.embedder.EclipseLogger - Using 'UTF-8' encoding to copy filtered resources.
2024-08-07 19:18:54,721 [Worker-135: Building] INFO  o.e.m.c.i.embedder.EclipseLogger - Using 'UTF-8' encoding to copy filtered properties files.
2024-08-07 19:18:54,721 [Worker-135: Building] INFO  o.e.m.c.i.embedder.EclipseLogger - skip non existing resourceDirectory D:\Sunbeam_Cdac\CDAC\FinalProject_J004\Project\Project\spring_boot_backend_security_jwt_template\src\test\resources
2024-08-07 19:19:34,773 [Worker-135: Building] INFO  o.e.m.c.i.embedder.EclipseLogger - Using 'UTF-8' encoding to copy filtered resources.
2024-08-07 19:19:34,773 [Worker-135: Building] INFO  o.e.m.c.i.embedder.EclipseLogger - Using 'UTF-8' encoding to copy filtered properties files.
2024-08-07 19:19:34,773 [Worker-135: Building] INFO  o.e.m.c.i.embedder.EclipseLogger - Copying 1 resource
2024-08-07 19:19:34,789 [Worker-135: Building] INFO  o.e.m.c.i.embedder.EclipseLogger - Copying 0 resource
2024-08-07 19:19:34,789 [Worker-135: Building] INFO  o.e.m.c.i.embedder.EclipseLogger - Using 'UTF-8' encoding to copy filtered resources.
2024-08-07 19:19:34,789 [Worker-135: Building] INFO  o.e.m.c.i.embedder.EclipseLogger - Using 'UTF-8' encoding to copy filtered properties files.
2024-08-07 19:19:34,789 [Worker-135: Building] INFO  o.e.m.c.i.embedder.EclipseLogger - skip non existing resourceDirectory D:\Sunbeam_Cdac\CDAC\FinalProject_J004\Project\Project\spring_boot_backend_security_jwt_template\src\test\resources
2024-08-07 19:19:42,092 [Worker-132: Building] INFO  o.e.m.c.i.embedder.EclipseLogger - Using 'UTF-8' encoding to copy filtered resources.
2024-08-07 19:19:42,092 [Worker-132: Building] INFO  o.e.m.c.i.embedder.EclipseLogger - Using 'UTF-8' encoding to copy filtered properties files.
2024-08-07 19:19:42,092 [Worker-132: Building] INFO  o.e.m.c.i.embedder.EclipseLogger - Copying 1 resource
2024-08-07 19:19:42,108 [Worker-132: Building] INFO  o.e.m.c.i.embedder.EclipseLogger - Copying 0 resource
2024-08-07 19:19:42,124 [Worker-132: Building] INFO  o.e.m.c.i.embedder.EclipseLogger - Using 'UTF-8' encoding to copy filtered resources.
2024-08-07 19:19:42,124 [Worker-132: Building] INFO  o.e.m.c.i.embedder.EclipseLogger - Using 'UTF-8' encoding to copy filtered properties files.
2024-08-07 19:19:42,124 [Worker-132: Building] INFO  o.e.m.c.i.embedder.EclipseLogger - skip non existing resourceDirectory D:\Sunbeam_Cdac\CDAC\FinalProject_J004\Project\Project\spring_boot_backend_security_jwt_template\src\test\resources
2024-08-07 19:20:33,492 [Worker-135: Building] INFO  o.e.m.c.i.embedder.EclipseLogger - Using 'UTF-8' encoding to copy filtered resources.
2024-08-07 19:20:33,492 [Worker-135: Building] INFO  o.e.m.c.i.embedder.EclipseLogger - Using 'UTF-8' encoding to copy filtered properties files.
2024-08-07 19:20:33,492 [Worker-135: Building] INFO  o.e.m.c.i.embedder.EclipseLogger - Copying 1 resource
2024-08-07 19:20:33,507 [Worker-135: Building] INFO  o.e.m.c.i.embedder.EclipseLogger - Copying 0 resource
2024-08-07 19:20:33,523 [Worker-135: Building] INFO  o.e.m.c.i.embedder.EclipseLogger - Using 'UTF-8' encoding to copy filtered resources.
2024-08-07 19:20:33,523 [Worker-135: Building] INFO  o.e.m.c.i.embedder.EclipseLogger - Using 'UTF-8' encoding to copy filtered properties files.
2024-08-07 19:20:33,523 [Worker-135: Building] INFO  o.e.m.c.i.embedder.EclipseLogger - skip non existing resourceDirectory D:\Sunbeam_Cdac\CDAC\FinalProject_J004\Project\Project\spring_boot_backend_security_jwt_template\src\test\resources
2024-08-07 19:20:35,572 [Worker-134: Building] INFO  o.e.m.c.i.embedder.EclipseLogger - Using 'UTF-8' encoding to copy filtered resources.
2024-08-07 19:20:35,572 [Worker-134: Building] INFO  o.e.m.c.i.embedder.EclipseLogger - Using 'UTF-8' encoding to copy filtered properties files.
2024-08-07 19:20:35,587 [Worker-134: Building] INFO  o.e.m.c.i.embedder.EclipseLogger - Copying 1 resource
2024-08-07 19:20:35,587 [Worker-134: Building] INFO  o.e.m.c.i.embedder.EclipseLogger - Copying 0 resource
2024-08-07 19:20:35,603 [Worker-134: Building] INFO  o.e.m.c.i.embedder.EclipseLogger - Using 'UTF-8' encoding to copy filtered resources.
2024-08-07 19:20:35,603 [Worker-134: Building] INFO  o.e.m.c.i.embedder.EclipseLogger - Using 'UTF-8' encoding to copy filtered properties files.
2024-08-07 19:20:35,603 [Worker-134: Building] INFO  o.e.m.c.i.embedder.EclipseLogger - skip non existing resourceDirectory D:\Sunbeam_Cdac\CDAC\FinalProject_J004\Project\Project\spring_boot_backend_security_jwt_template\src\test\resources
2024-08-07 19:21:00,853 [Worker-137: Building] INFO  o.e.m.c.i.embedder.EclipseLogger - Using 'UTF-8' encoding to copy filtered resources.
2024-08-07 19:21:00,869 [Worker-137: Building] INFO  o.e.m.c.i.embedder.EclipseLogger - Using 'UTF-8' encoding to copy filtered properties files.
2024-08-07 19:21:00,869 [Worker-137: Building] INFO  o.e.m.c.i.embedder.EclipseLogger - Copying 1 resource
2024-08-07 19:21:00,885 [Worker-137: Building] INFO  o.e.m.c.i.embedder.EclipseLogger - Copying 0 resource
2024-08-07 19:21:00,885 [Worker-137: Building] INFO  o.e.m.c.i.embedder.EclipseLogger - Using 'UTF-8' encoding to copy filtered resources.
2024-08-07 19:21:00,885 [Worker-137: Building] INFO  o.e.m.c.i.embedder.EclipseLogger - Using 'UTF-8' encoding to copy filtered properties files.
2024-08-07 19:21:00,885 [Worker-137: Building] INFO  o.e.m.c.i.embedder.EclipseLogger - skip non existing resourceDirectory D:\Sunbeam_Cdac\CDAC\FinalProject_J004\Project\Project\spring_boot_backend_security_jwt_template\src\test\resources
2024-08-07 19:21:05,796 [Worker-137: Building] INFO  o.e.m.c.i.embedder.EclipseLogger - Using 'UTF-8' encoding to copy filtered resources.
2024-08-07 19:21:05,796 [Worker-137: Building] INFO  o.e.m.c.i.embedder.EclipseLogger - Using 'UTF-8' encoding to copy filtered properties files.
2024-08-07 19:21:05,796 [Worker-137: Building] INFO  o.e.m.c.i.embedder.EclipseLogger - Copying 1 resource
2024-08-07 19:21:05,812 [Worker-137: Building] INFO  o.e.m.c.i.embedder.EclipseLogger - Copying 0 resource
2024-08-07 19:21:05,812 [Worker-137: Building] INFO  o.e.m.c.i.embedder.EclipseLogger - Using 'UTF-8' encoding to copy filtered resources.
2024-08-07 19:21:05,812 [Worker-137: Building] INFO  o.e.m.c.i.embedder.EclipseLogger - Using 'UTF-8' encoding to copy filtered properties files.
2024-08-07 19:21:05,812 [Worker-137: Building] INFO  o.e.m.c.i.embedder.EclipseLogger - skip non existing resourceDirectory D:\Sunbeam_Cdac\CDAC\FinalProject_J004\Project\Project\spring_boot_backend_security_jwt_template\src\test\resources
2024-08-07 19:23:24,201 [Worker-135: Building] INFO  o.e.m.c.i.embedder.EclipseLogger - Using 'UTF-8' encoding to copy filtered resources.
2024-08-07 19:23:24,201 [Worker-135: Building] INFO  o.e.m.c.i.embedder.EclipseLogger - Using 'UTF-8' encoding to copy filtered properties files.
2024-08-07 19:23:24,201 [Worker-135: Building] INFO  o.e.m.c.i.embedder.EclipseLogger - Copying 1 resource
2024-08-07 19:23:24,217 [Worker-135: Building] INFO  o.e.m.c.i.embedder.EclipseLogger - Copying 0 resource
2024-08-07 19:23:24,217 [Worker-135: Building] INFO  o.e.m.c.i.embedder.EclipseLogger - Using 'UTF-8' encoding to copy filtered resources.
2024-08-07 19:23:24,217 [Worker-135: Building] INFO  o.e.m.c.i.embedder.EclipseLogger - Using 'UTF-8' encoding to copy filtered properties files.
2024-08-07 19:23:24,217 [Worker-135: Building] INFO  o.e.m.c.i.embedder.EclipseLogger - skip non existing resourceDirectory D:\Sunbeam_Cdac\CDAC\FinalProject_J004\Project\Project\spring_boot_backend_security_jwt_template\src\test\resources
2024-08-07 19:24:01,144 [Worker-139: Building] INFO  o.e.m.c.i.embedder.EclipseLogger - Using 'UTF-8' encoding to copy filtered resources.
2024-08-07 19:24:01,144 [Worker-139: Building] INFO  o.e.m.c.i.embedder.EclipseLogger - Using 'UTF-8' encoding to copy filtered properties files.
2024-08-07 19:24:01,144 [Worker-139: Building] INFO  o.e.m.c.i.embedder.EclipseLogger - Copying 1 resource
2024-08-07 19:24:01,159 [Worker-139: Building] INFO  o.e.m.c.i.embedder.EclipseLogger - Copying 0 resource
2024-08-07 19:24:01,159 [Worker-139: Building] INFO  o.e.m.c.i.embedder.EclipseLogger - Using 'UTF-8' encoding to copy filtered resources.
2024-08-07 19:24:01,159 [Worker-139: Building] INFO  o.e.m.c.i.embedder.EclipseLogger - Using 'UTF-8' encoding to copy filtered properties files.
2024-08-07 19:24:01,159 [Worker-139: Building] INFO  o.e.m.c.i.embedder.EclipseLogger - skip non existing resourceDirectory D:\Sunbeam_Cdac\CDAC\FinalProject_J004\Project\Project\spring_boot_backend_security_jwt_template\src\test\resources
2024-08-07 19:24:58,189 [Worker-140: Building] INFO  o.e.m.c.i.embedder.EclipseLogger - Using 'UTF-8' encoding to copy filtered resources.
2024-08-07 19:24:58,189 [Worker-140: Building] INFO  o.e.m.c.i.embedder.EclipseLogger - Using 'UTF-8' encoding to copy filtered properties files.
2024-08-07 19:24:58,189 [Worker-140: Building] INFO  o.e.m.c.i.embedder.EclipseLogger - Copying 1 resource
2024-08-07 19:24:58,205 [Worker-140: Building] INFO  o.e.m.c.i.embedder.EclipseLogger - Copying 0 resource
2024-08-07 19:24:58,205 [Worker-140: Building] INFO  o.e.m.c.i.embedder.EclipseLogger - Using 'UTF-8' encoding to copy filtered resources.
2024-08-07 19:24:58,205 [Worker-140: Building] INFO  o.e.m.c.i.embedder.EclipseLogger - Using 'UTF-8' encoding to copy filtered properties files.
2024-08-07 19:24:58,205 [Worker-140: Building] INFO  o.e.m.c.i.embedder.EclipseLogger - skip non existing resourceDirectory D:\Sunbeam_Cdac\CDAC\FinalProject_J004\Project\Project\spring_boot_backend_security_jwt_template\src\test\resources
2024-08-07 19:25:30,690 [Worker-140: Building] INFO  o.e.m.c.i.embedder.EclipseLogger - Using 'UTF-8' encoding to copy filtered resources.
2024-08-07 19:25:30,690 [Worker-140: Building] INFO  o.e.m.c.i.embedder.EclipseLogger - Using 'UTF-8' encoding to copy filtered properties files.
2024-08-07 19:25:30,690 [Worker-140: Building] INFO  o.e.m.c.i.embedder.EclipseLogger - Copying 1 resource
2024-08-07 19:25:30,706 [Worker-140: Building] INFO  o.e.m.c.i.embedder.EclipseLogger - Copying 0 resource
2024-08-07 19:25:30,706 [Worker-140: Building] INFO  o.e.m.c.i.embedder.EclipseLogger - Using 'UTF-8' encoding to copy filtered resources.
2024-08-07 19:25:30,706 [Worker-140: Building] INFO  o.e.m.c.i.embedder.EclipseLogger - Using 'UTF-8' encoding to copy filtered properties files.
2024-08-07 19:25:30,706 [Worker-140: Building] INFO  o.e.m.c.i.embedder.EclipseLogger - skip non existing resourceDirectory D:\Sunbeam_Cdac\CDAC\FinalProject_J004\Project\Project\spring_boot_backend_security_jwt_template\src\test\resources
2024-08-07 19:25:43,288 [Worker-137: Building] INFO  o.e.m.c.i.embedder.EclipseLogger - Using 'UTF-8' encoding to copy filtered resources.
2024-08-07 19:25:43,288 [Worker-137: Building] INFO  o.e.m.c.i.embedder.EclipseLogger - Using 'UTF-8' encoding to copy filtered properties files.
2024-08-07 19:25:43,288 [Worker-137: Building] INFO  o.e.m.c.i.embedder.EclipseLogger - Copying 1 resource
2024-08-07 19:25:43,303 [Worker-137: Building] INFO  o.e.m.c.i.embedder.EclipseLogger - Copying 0 resource
2024-08-07 19:25:43,303 [Worker-137: Building] INFO  o.e.m.c.i.embedder.EclipseLogger - Using 'UTF-8' encoding to copy filtered resources.
2024-08-07 19:25:43,303 [Worker-137: Building] INFO  o.e.m.c.i.embedder.EclipseLogger - Using 'UTF-8' encoding to copy filtered properties files.
2024-08-07 19:25:43,303 [Worker-137: Building] INFO  o.e.m.c.i.embedder.EclipseLogger - skip non existing resourceDirectory D:\Sunbeam_Cdac\CDAC\FinalProject_J004\Project\Project\spring_boot_backend_security_jwt_template\src\test\resources
2024-08-07 19:29:41,229 [Worker-137: Building] INFO  o.e.m.c.i.embedder.EclipseLogger - Using 'UTF-8' encoding to copy filtered resources.
2024-08-07 19:29:41,229 [Worker-137: Building] INFO  o.e.m.c.i.embedder.EclipseLogger - Using 'UTF-8' encoding to copy filtered properties files.
2024-08-07 19:29:41,229 [Worker-137: Building] INFO  o.e.m.c.i.embedder.EclipseLogger - Copying 1 resource
2024-08-07 19:29:41,245 [Worker-137: Building] INFO  o.e.m.c.i.embedder.EclipseLogger - Copying 0 resource
2024-08-07 19:29:41,245 [Worker-137: Building] INFO  o.e.m.c.i.embedder.EclipseLogger - Using 'UTF-8' encoding to copy filtered resources.
2024-08-07 19:29:41,245 [Worker-137: Building] INFO  o.e.m.c.i.embedder.EclipseLogger - Using 'UTF-8' encoding to copy filtered properties files.
2024-08-07 19:29:41,245 [Worker-137: Building] INFO  o.e.m.c.i.embedder.EclipseLogger - skip non existing resourceDirectory D:\Sunbeam_Cdac\CDAC\FinalProject_J004\Project\Project\spring_boot_backend_security_jwt_template\src\test\resources
2024-08-07 19:29:43,685 [Worker-140: Building] INFO  o.e.m.c.i.embedder.EclipseLogger - Using 'UTF-8' encoding to copy filtered resources.
2024-08-07 19:29:43,685 [Worker-140: Building] INFO  o.e.m.c.i.embedder.EclipseLogger - Using 'UTF-8' encoding to copy filtered properties files.
2024-08-07 19:29:43,685 [Worker-140: Building] INFO  o.e.m.c.i.embedder.EclipseLogger - Copying 1 resource
2024-08-07 19:29:43,701 [Worker-140: Building] INFO  o.e.m.c.i.embedder.EclipseLogger - Copying 0 resource
2024-08-07 19:29:43,701 [Worker-140: Building] INFO  o.e.m.c.i.embedder.EclipseLogger - Using 'UTF-8' encoding to copy filtered resources.
2024-08-07 19:29:43,701 [Worker-140: Building] INFO  o.e.m.c.i.embedder.EclipseLogger - Using 'UTF-8' encoding to copy filtered properties files.
2024-08-07 19:29:43,701 [Worker-140: Building] INFO  o.e.m.c.i.embedder.EclipseLogger - skip non existing resourceDirectory D:\Sunbeam_Cdac\CDAC\FinalProject_J004\Project\Project\spring_boot_backend_security_jwt_template\src\test\resources
2024-08-07 19:30:08,832 [Worker-142: Building] INFO  o.e.m.c.i.embedder.EclipseLogger - Using 'UTF-8' encoding to copy filtered resources.
2024-08-07 19:30:08,832 [Worker-142: Building] INFO  o.e.m.c.i.embedder.EclipseLogger - Using 'UTF-8' encoding to copy filtered properties files.
2024-08-07 19:30:08,832 [Worker-142: Building] INFO  o.e.m.c.i.embedder.EclipseLogger - Copying 1 resource
2024-08-07 19:30:08,848 [Worker-142: Building] INFO  o.e.m.c.i.embedder.EclipseLogger - Copying 0 resource
2024-08-07 19:30:08,848 [Worker-142: Building] INFO  o.e.m.c.i.embedder.EclipseLogger - Using 'UTF-8' encoding to copy filtered resources.
2024-08-07 19:30:08,848 [Worker-142: Building] INFO  o.e.m.c.i.embedder.EclipseLogger - Using 'UTF-8' encoding to copy filtered properties files.
2024-08-07 19:30:08,848 [Worker-142: Building] INFO  o.e.m.c.i.embedder.EclipseLogger - skip non existing resourceDirectory D:\Sunbeam_Cdac\CDAC\FinalProject_J004\Project\Project\spring_boot_backend_security_jwt_template\src\test\resources
2024-08-07 19:30:21,497 [Worker-137: Building] INFO  o.e.m.c.i.embedder.EclipseLogger - Using 'UTF-8' encoding to copy filtered resources.
2024-08-07 19:30:21,497 [Worker-137: Building] INFO  o.e.m.c.i.embedder.EclipseLogger - Using 'UTF-8' encoding to copy filtered properties files.
2024-08-07 19:30:21,497 [Worker-137: Building] INFO  o.e.m.c.i.embedder.EclipseLogger - Copying 1 resource
2024-08-07 19:30:21,513 [Worker-137: Building] INFO  o.e.m.c.i.embedder.EclipseLogger - Copying 0 resource
2024-08-07 19:30:21,513 [Worker-137: Building] INFO  o.e.m.c.i.embedder.EclipseLogger - Using 'UTF-8' encoding to copy filtered resources.
2024-08-07 19:30:21,513 [Worker-137: Building] INFO  o.e.m.c.i.embedder.EclipseLogger - Using 'UTF-8' encoding to copy filtered properties files.
2024-08-07 19:30:21,513 [Worker-137: Building] INFO  o.e.m.c.i.embedder.EclipseLogger - skip non existing resourceDirectory D:\Sunbeam_Cdac\CDAC\FinalProject_J004\Project\Project\spring_boot_backend_security_jwt_template\src\test\resources
2024-08-07 19:30:40,237 [Worker-141: Building] INFO  o.e.m.c.i.embedder.EclipseLogger - Using 'UTF-8' encoding to copy filtered resources.
2024-08-07 19:30:40,237 [Worker-141: Building] INFO  o.e.m.c.i.embedder.EclipseLogger - Using 'UTF-8' encoding to copy filtered properties files.
2024-08-07 19:30:40,237 [Worker-141: Building] INFO  o.e.m.c.i.embedder.EclipseLogger - Copying 1 resource
2024-08-07 19:30:40,253 [Worker-141: Building] INFO  o.e.m.c.i.embedder.EclipseLogger - Copying 0 resource
2024-08-07 19:30:40,253 [Worker-141: Building] INFO  o.e.m.c.i.embedder.EclipseLogger - Using 'UTF-8' encoding to copy filtered resources.
2024-08-07 19:30:40,253 [Worker-141: Building] INFO  o.e.m.c.i.embedder.EclipseLogger - Using 'UTF-8' encoding to copy filtered properties files.
2024-08-07 19:30:40,253 [Worker-141: Building] INFO  o.e.m.c.i.embedder.EclipseLogger - skip non existing resourceDirectory D:\Sunbeam_Cdac\CDAC\FinalProject_J004\Project\Project\spring_boot_backend_security_jwt_template\src\test\resources
2024-08-07 19:30:50,292 [Worker-142: Building] INFO  o.e.m.c.i.embedder.EclipseLogger - Using 'UTF-8' encoding to copy filtered resources.
2024-08-07 19:30:50,292 [Worker-142: Building] INFO  o.e.m.c.i.embedder.EclipseLogger - Using 'UTF-8' encoding to copy filtered properties files.
2024-08-07 19:30:50,292 [Worker-142: Building] INFO  o.e.m.c.i.embedder.EclipseLogger - Copying 1 resource
2024-08-07 19:30:50,307 [Worker-142: Building] INFO  o.e.m.c.i.embedder.EclipseLogger - Copying 0 resource
2024-08-07 19:30:50,307 [Worker-142: Building] INFO  o.e.m.c.i.embedder.EclipseLogger - Using 'UTF-8' encoding to copy filtered resources.
2024-08-07 19:30:50,307 [Worker-142: Building] INFO  o.e.m.c.i.embedder.EclipseLogger - Using 'UTF-8' encoding to copy filtered properties files.
2024-08-07 19:30:50,307 [Worker-142: Building] INFO  o.e.m.c.i.embedder.EclipseLogger - skip non existing resourceDirectory D:\Sunbeam_Cdac\CDAC\FinalProject_J004\Project\Project\spring_boot_backend_security_jwt_template\src\test\resources
2024-08-07 19:30:54,906 [Worker-142: Building] INFO  o.e.m.c.i.embedder.EclipseLogger - Using 'UTF-8' encoding to copy filtered resources.
2024-08-07 19:30:54,906 [Worker-142: Building] INFO  o.e.m.c.i.embedder.EclipseLogger - Using 'UTF-8' encoding to copy filtered properties files.
2024-08-07 19:30:54,906 [Worker-142: Building] INFO  o.e.m.c.i.embedder.EclipseLogger - Copying 1 resource
2024-08-07 19:30:54,922 [Worker-142: Building] INFO  o.e.m.c.i.embedder.EclipseLogger - Copying 0 resource
2024-08-07 19:30:54,922 [Worker-142: Building] INFO  o.e.m.c.i.embedder.EclipseLogger - Using 'UTF-8' encoding to copy filtered resources.
2024-08-07 19:30:54,922 [Worker-142: Building] INFO  o.e.m.c.i.embedder.EclipseLogger - Using 'UTF-8' encoding to copy filtered properties files.
2024-08-07 19:30:54,922 [Worker-142: Building] INFO  o.e.m.c.i.embedder.EclipseLogger - skip non existing resourceDirectory D:\Sunbeam_Cdac\CDAC\FinalProject_J004\Project\Project\spring_boot_backend_security_jwt_template\src\test\resources
2024-08-07 19:31:11,042 [Worker-137: Building] INFO  o.e.m.c.i.embedder.EclipseLogger - Using 'UTF-8' encoding to copy filtered resources.
2024-08-07 19:31:11,042 [Worker-137: Building] INFO  o.e.m.c.i.embedder.EclipseLogger - Using 'UTF-8' encoding to copy filtered properties files.
2024-08-07 19:31:11,042 [Worker-137: Building] INFO  o.e.m.c.i.embedder.EclipseLogger - Copying 1 resource
2024-08-07 19:31:11,057 [Worker-137: Building] INFO  o.e.m.c.i.embedder.EclipseLogger - Copying 0 resource
2024-08-07 19:31:11,057 [Worker-137: Building] INFO  o.e.m.c.i.embedder.EclipseLogger - Using 'UTF-8' encoding to copy filtered resources.
2024-08-07 19:31:11,057 [Worker-137: Building] INFO  o.e.m.c.i.embedder.EclipseLogger - Using 'UTF-8' encoding to copy filtered properties files.
2024-08-07 19:31:11,057 [Worker-137: Building] INFO  o.e.m.c.i.embedder.EclipseLogger - skip non existing resourceDirectory D:\Sunbeam_Cdac\CDAC\FinalProject_J004\Project\Project\spring_boot_backend_security_jwt_template\src\test\resources
2024-08-07 19:31:34,767 [Worker-142: Building] INFO  o.e.m.c.i.embedder.EclipseLogger - Using 'UTF-8' encoding to copy filtered resources.
2024-08-07 19:31:34,767 [Worker-142: Building] INFO  o.e.m.c.i.embedder.EclipseLogger - Using 'UTF-8' encoding to copy filtered properties files.
2024-08-07 19:31:34,783 [Worker-142: Building] INFO  o.e.m.c.i.embedder.EclipseLogger - Copying 1 resource
2024-08-07 19:31:34,783 [Worker-142: Building] INFO  o.e.m.c.i.embedder.EclipseLogger - Copying 0 resource
2024-08-07 19:31:34,799 [Worker-142: Building] INFO  o.e.m.c.i.embedder.EclipseLogger - Using 'UTF-8' encoding to copy filtered resources.
2024-08-07 19:31:34,799 [Worker-142: Building] INFO  o.e.m.c.i.embedder.EclipseLogger - Using 'UTF-8' encoding to copy filtered properties files.
2024-08-07 19:31:34,799 [Worker-142: Building] INFO  o.e.m.c.i.embedder.EclipseLogger - skip non existing resourceDirectory D:\Sunbeam_Cdac\CDAC\FinalProject_J004\Project\Project\spring_boot_backend_security_jwt_template\src\test\resources
2024-08-07 19:31:42,268 [Worker-140: Building] INFO  o.e.m.c.i.embedder.EclipseLogger - Using 'UTF-8' encoding to copy filtered resources.
2024-08-07 19:31:42,268 [Worker-140: Building] INFO  o.e.m.c.i.embedder.EclipseLogger - Using 'UTF-8' encoding to copy filtered properties files.
2024-08-07 19:31:42,268 [Worker-140: Building] INFO  o.e.m.c.i.embedder.EclipseLogger - Copying 1 resource
2024-08-07 19:31:42,284 [Worker-140: Building] INFO  o.e.m.c.i.embedder.EclipseLogger - Copying 0 resource
2024-08-07 19:31:42,299 [Worker-140: Building] INFO  o.e.m.c.i.embedder.EclipseLogger - Using 'UTF-8' encoding to copy filtered resources.
2024-08-07 19:31:42,299 [Worker-140: Building] INFO  o.e.m.c.i.embedder.EclipseLogger - Using 'UTF-8' encoding to copy filtered properties files.
2024-08-07 19:31:42,299 [Worker-140: Building] INFO  o.e.m.c.i.embedder.EclipseLogger - skip non existing resourceDirectory D:\Sunbeam_Cdac\CDAC\FinalProject_J004\Project\Project\spring_boot_backend_security_jwt_template\src\test\resources
2024-08-07 19:31:53,201 [Worker-143: Building] INFO  o.e.m.c.i.embedder.EclipseLogger - Using 'UTF-8' encoding to copy filtered resources.
2024-08-07 19:31:53,201 [Worker-143: Building] INFO  o.e.m.c.i.embedder.EclipseLogger - Using 'UTF-8' encoding to copy filtered properties files.
2024-08-07 19:31:53,201 [Worker-143: Building] INFO  o.e.m.c.i.embedder.EclipseLogger - Copying 1 resource
2024-08-07 19:31:53,216 [Worker-143: Building] INFO  o.e.m.c.i.embedder.EclipseLogger - Copying 0 resource
2024-08-07 19:31:53,216 [Worker-143: Building] INFO  o.e.m.c.i.embedder.EclipseLogger - Using 'UTF-8' encoding to copy filtered resources.
2024-08-07 19:31:53,216 [Worker-143: Building] INFO  o.e.m.c.i.embedder.EclipseLogger - Using 'UTF-8' encoding to copy filtered properties files.
2024-08-07 19:31:53,216 [Worker-143: Building] INFO  o.e.m.c.i.embedder.EclipseLogger - skip non existing resourceDirectory D:\Sunbeam_Cdac\CDAC\FinalProject_J004\Project\Project\spring_boot_backend_security_jwt_template\src\test\resources
2024-08-07 19:32:24,140 [Worker-142: Building] INFO  o.e.m.c.i.embedder.EclipseLogger - Using 'UTF-8' encoding to copy filtered resources.
2024-08-07 19:32:24,140 [Worker-142: Building] INFO  o.e.m.c.i.embedder.EclipseLogger - Using 'UTF-8' encoding to copy filtered properties files.
2024-08-07 19:32:24,140 [Worker-142: Building] INFO  o.e.m.c.i.embedder.EclipseLogger - Copying 1 resource
2024-08-07 19:32:24,156 [Worker-142: Building] INFO  o.e.m.c.i.embedder.EclipseLogger - Copying 0 resource
2024-08-07 19:32:24,156 [Worker-142: Building] INFO  o.e.m.c.i.embedder.EclipseLogger - Using 'UTF-8' encoding to copy filtered resources.
2024-08-07 19:32:24,156 [Worker-142: Building] INFO  o.e.m.c.i.embedder.EclipseLogger - Using 'UTF-8' encoding to copy filtered properties files.
2024-08-07 19:32:24,156 [Worker-142: Building] INFO  o.e.m.c.i.embedder.EclipseLogger - skip non existing resourceDirectory D:\Sunbeam_Cdac\CDAC\FinalProject_J004\Project\Project\spring_boot_backend_security_jwt_template\src\test\resources
2024-08-07 19:32:30,646 [Worker-140: Building] INFO  o.e.m.c.i.embedder.EclipseLogger - Using 'UTF-8' encoding to copy filtered resources.
2024-08-07 19:32:30,646 [Worker-140: Building] INFO  o.e.m.c.i.embedder.EclipseLogger - Using 'UTF-8' encoding to copy filtered properties files.
2024-08-07 19:32:30,646 [Worker-140: Building] INFO  o.e.m.c.i.embedder.EclipseLogger - Copying 1 resource
2024-08-07 19:32:30,662 [Worker-140: Building] INFO  o.e.m.c.i.embedder.EclipseLogger - Copying 0 resource
2024-08-07 19:32:30,662 [Worker-140: Building] INFO  o.e.m.c.i.embedder.EclipseLogger - Using 'UTF-8' encoding to copy filtered resources.
2024-08-07 19:32:30,662 [Worker-140: Building] INFO  o.e.m.c.i.embedder.EclipseLogger - Using 'UTF-8' encoding to copy filtered properties files.
2024-08-07 19:32:30,662 [Worker-140: Building] INFO  o.e.m.c.i.embedder.EclipseLogger - skip non existing resourceDirectory D:\Sunbeam_Cdac\CDAC\FinalProject_J004\Project\Project\spring_boot_backend_security_jwt_template\src\test\resources
2024-08-07 19:32:33,977 [Worker-141: Building] INFO  o.e.m.c.i.embedder.EclipseLogger - Using 'UTF-8' encoding to copy filtered resources.
2024-08-07 19:32:33,977 [Worker-141: Building] INFO  o.e.m.c.i.embedder.EclipseLogger - Using 'UTF-8' encoding to copy filtered properties files.
2024-08-07 19:32:33,977 [Worker-141: Building] INFO  o.e.m.c.i.embedder.EclipseLogger - Copying 1 resource
2024-08-07 19:32:33,993 [Worker-141: Building] INFO  o.e.m.c.i.embedder.EclipseLogger - Copying 0 resource
2024-08-07 19:32:33,993 [Worker-141: Building] INFO  o.e.m.c.i.embedder.EclipseLogger - Using 'UTF-8' encoding to copy filtered resources.
2024-08-07 19:32:33,993 [Worker-141: Building] INFO  o.e.m.c.i.embedder.EclipseLogger - Using 'UTF-8' encoding to copy filtered properties files.
2024-08-07 19:32:33,993 [Worker-141: Building] INFO  o.e.m.c.i.embedder.EclipseLogger - skip non existing resourceDirectory D:\Sunbeam_Cdac\CDAC\FinalProject_J004\Project\Project\spring_boot_backend_security_jwt_template\src\test\resources
2024-08-07 19:32:43,168 [Worker-141: Building] INFO  o.e.m.c.i.embedder.EclipseLogger - Using 'UTF-8' encoding to copy filtered resources.
2024-08-07 19:32:43,168 [Worker-141: Building] INFO  o.e.m.c.i.embedder.EclipseLogger - Using 'UTF-8' encoding to copy filtered properties files.
2024-08-07 19:32:43,174 [Worker-141: Building] INFO  o.e.m.c.i.embedder.EclipseLogger - Copying 1 resource
2024-08-07 19:32:43,206 [Worker-141: Building] INFO  o.e.m.c.i.embedder.EclipseLogger - Copying 0 resource
2024-08-07 19:32:43,206 [Worker-141: Building] INFO  o.e.m.c.i.embedder.EclipseLogger - Using 'UTF-8' encoding to copy filtered resources.
2024-08-07 19:32:43,206 [Worker-141: Building] INFO  o.e.m.c.i.embedder.EclipseLogger - Using 'UTF-8' encoding to copy filtered properties files.
2024-08-07 19:32:43,206 [Worker-141: Building] INFO  o.e.m.c.i.embedder.EclipseLogger - skip non existing resourceDirectory D:\Sunbeam_Cdac\CDAC\FinalProject_J004\Project\Project\spring_boot_backend_security_jwt_template\src\test\resources
2024-08-07 19:35:00,801 [Worker-144: Building] INFO  o.e.m.c.i.embedder.EclipseLogger - Using 'UTF-8' encoding to copy filtered resources.
2024-08-07 19:35:00,801 [Worker-144: Building] INFO  o.e.m.c.i.embedder.EclipseLogger - Using 'UTF-8' encoding to copy filtered properties files.
2024-08-07 19:35:00,801 [Worker-144: Building] INFO  o.e.m.c.i.embedder.EclipseLogger - Copying 1 resource
2024-08-07 19:35:00,817 [Worker-144: Building] INFO  o.e.m.c.i.embedder.EclipseLogger - Copying 0 resource
2024-08-07 19:35:00,817 [Worker-144: Building] INFO  o.e.m.c.i.embedder.EclipseLogger - Using 'UTF-8' encoding to copy filtered resources.
2024-08-07 19:35:00,817 [Worker-144: Building] INFO  o.e.m.c.i.embedder.EclipseLogger - Using 'UTF-8' encoding to copy filtered properties files.
2024-08-07 19:35:00,817 [Worker-144: Building] INFO  o.e.m.c.i.embedder.EclipseLogger - skip non existing resourceDirectory D:\Sunbeam_Cdac\CDAC\FinalProject_J004\Project\Project\spring_boot_backend_security_jwt_template\src\test\resources
2024-08-07 19:35:25,380 [Worker-137: Building] INFO  o.e.m.c.i.embedder.EclipseLogger - Using 'UTF-8' encoding to copy filtered resources.
2024-08-07 19:35:25,380 [Worker-137: Building] INFO  o.e.m.c.i.embedder.EclipseLogger - Using 'UTF-8' encoding to copy filtered properties files.
2024-08-07 19:35:25,380 [Worker-137: Building] INFO  o.e.m.c.i.embedder.EclipseLogger - Copying 1 resource
2024-08-07 19:35:25,396 [Worker-137: Building] INFO  o.e.m.c.i.embedder.EclipseLogger - Copying 0 resource
2024-08-07 19:35:25,396 [Worker-137: Building] INFO  o.e.m.c.i.embedder.EclipseLogger - Using 'UTF-8' encoding to copy filtered resources.
2024-08-07 19:35:25,396 [Worker-137: Building] INFO  o.e.m.c.i.embedder.EclipseLogger - Using 'UTF-8' encoding to copy filtered properties files.
2024-08-07 19:35:25,396 [Worker-137: Building] INFO  o.e.m.c.i.embedder.EclipseLogger - skip non existing resourceDirectory D:\Sunbeam_Cdac\CDAC\FinalProject_J004\Project\Project\spring_boot_backend_security_jwt_template\src\test\resources
2024-08-07 19:35:42,615 [Worker-145: Building] INFO  o.e.m.c.i.embedder.EclipseLogger - Using 'UTF-8' encoding to copy filtered resources.
2024-08-07 19:35:42,615 [Worker-145: Building] INFO  o.e.m.c.i.embedder.EclipseLogger - Using 'UTF-8' encoding to copy filtered properties files.
2024-08-07 19:35:42,615 [Worker-145: Building] INFO  o.e.m.c.i.embedder.EclipseLogger - Copying 1 resource
2024-08-07 19:35:42,674 [Worker-145: Building] INFO  o.e.m.c.i.embedder.EclipseLogger - Copying 0 resource
2024-08-07 19:35:42,674 [Worker-145: Building] INFO  o.e.m.c.i.embedder.EclipseLogger - Using 'UTF-8' encoding to copy filtered resources.
2024-08-07 19:35:42,674 [Worker-145: Building] INFO  o.e.m.c.i.embedder.EclipseLogger - Using 'UTF-8' encoding to copy filtered properties files.
2024-08-07 19:35:42,674 [Worker-145: Building] INFO  o.e.m.c.i.embedder.EclipseLogger - skip non existing resourceDirectory D:\Sunbeam_Cdac\CDAC\FinalProject_J004\Project\Project\spring_boot_backend_security_jwt_template\src\test\resources
2024-08-07 19:36:04,898 [Worker-137: Building] INFO  o.e.m.c.i.embedder.EclipseLogger - Using 'UTF-8' encoding to copy filtered resources.
2024-08-07 19:36:04,898 [Worker-137: Building] INFO  o.e.m.c.i.embedder.EclipseLogger - Using 'UTF-8' encoding to copy filtered properties files.
2024-08-07 19:36:04,898 [Worker-137: Building] INFO  o.e.m.c.i.embedder.EclipseLogger - Copying 1 resource
2024-08-07 19:36:04,914 [Worker-137: Building] INFO  o.e.m.c.i.embedder.EclipseLogger - Copying 0 resource
2024-08-07 19:36:04,914 [Worker-137: Building] INFO  o.e.m.c.i.embedder.EclipseLogger - Using 'UTF-8' encoding to copy filtered resources.
2024-08-07 19:36:04,914 [Worker-137: Building] INFO  o.e.m.c.i.embedder.EclipseLogger - Using 'UTF-8' encoding to copy filtered properties files.
2024-08-07 19:36:04,914 [Worker-137: Building] INFO  o.e.m.c.i.embedder.EclipseLogger - skip non existing resourceDirectory D:\Sunbeam_Cdac\CDAC\FinalProject_J004\Project\Project\spring_boot_backend_security_jwt_template\src\test\resources
2024-08-07 19:36:19,327 [Worker-145: Building] INFO  o.e.m.c.i.embedder.EclipseLogger - Using 'UTF-8' encoding to copy filtered resources.
2024-08-07 19:36:19,343 [Worker-145: Building] INFO  o.e.m.c.i.embedder.EclipseLogger - Using 'UTF-8' encoding to copy filtered properties files.
2024-08-07 19:36:19,343 [Worker-145: Building] INFO  o.e.m.c.i.embedder.EclipseLogger - Copying 1 resource
2024-08-07 19:36:19,358 [Worker-145: Building] INFO  o.e.m.c.i.embedder.EclipseLogger - Copying 0 resource
2024-08-07 19:36:19,358 [Worker-145: Building] INFO  o.e.m.c.i.embedder.EclipseLogger - Using 'UTF-8' encoding to copy filtered resources.
2024-08-07 19:36:19,358 [Worker-145: Building] INFO  o.e.m.c.i.embedder.EclipseLogger - Using 'UTF-8' encoding to copy filtered properties files.
2024-08-07 19:36:19,358 [Worker-145: Building] INFO  o.e.m.c.i.embedder.EclipseLogger - skip non existing resourceDirectory D:\Sunbeam_Cdac\CDAC\FinalProject_J004\Project\Project\spring_boot_backend_security_jwt_template\src\test\resources
2024-08-07 19:36:51,131 [Worker-137: Building] INFO  o.e.m.c.i.embedder.EclipseLogger - Using 'UTF-8' encoding to copy filtered resources.
2024-08-07 19:36:51,131 [Worker-137: Building] INFO  o.e.m.c.i.embedder.EclipseLogger - Using 'UTF-8' encoding to copy filtered properties files.
2024-08-07 19:36:51,131 [Worker-137: Building] INFO  o.e.m.c.i.embedder.EclipseLogger - Copying 1 resource
2024-08-07 19:36:51,147 [Worker-137: Building] INFO  o.e.m.c.i.embedder.EclipseLogger - Copying 0 resource
2024-08-07 19:36:51,147 [Worker-137: Building] INFO  o.e.m.c.i.embedder.EclipseLogger - Using 'UTF-8' encoding to copy filtered resources.
2024-08-07 19:36:51,147 [Worker-137: Building] INFO  o.e.m.c.i.embedder.EclipseLogger - Using 'UTF-8' encoding to copy filtered properties files.
2024-08-07 19:36:51,147 [Worker-137: Building] INFO  o.e.m.c.i.embedder.EclipseLogger - skip non existing resourceDirectory D:\Sunbeam_Cdac\CDAC\FinalProject_J004\Project\Project\spring_boot_backend_security_jwt_template\src\test\resources
2024-08-07 19:37:27,713 [Worker-144: Building] INFO  o.e.m.c.i.embedder.EclipseLogger - Using 'UTF-8' encoding to copy filtered resources.
2024-08-07 19:37:27,713 [Worker-144: Building] INFO  o.e.m.c.i.embedder.EclipseLogger - Using 'UTF-8' encoding to copy filtered properties files.
2024-08-07 19:37:27,713 [Worker-144: Building] INFO  o.e.m.c.i.embedder.EclipseLogger - Copying 1 resource
2024-08-07 19:37:27,729 [Worker-144: Building] INFO  o.e.m.c.i.embedder.EclipseLogger - Copying 0 resource
2024-08-07 19:37:27,729 [Worker-144: Building] INFO  o.e.m.c.i.embedder.EclipseLogger - Using 'UTF-8' encoding to copy filtered resources.
2024-08-07 19:37:27,729 [Worker-144: Building] INFO  o.e.m.c.i.embedder.EclipseLogger - Using 'UTF-8' encoding to copy filtered properties files.
2024-08-07 19:37:27,729 [Worker-144: Building] INFO  o.e.m.c.i.embedder.EclipseLogger - skip non existing resourceDirectory D:\Sunbeam_Cdac\CDAC\FinalProject_J004\Project\Project\spring_boot_backend_security_jwt_template\src\test\resources
2024-08-07 19:38:02,796 [Worker-142: Building] INFO  o.e.m.c.i.embedder.EclipseLogger - Using 'UTF-8' encoding to copy filtered resources.
2024-08-07 19:38:02,812 [Worker-142: Building] INFO  o.e.m.c.i.embedder.EclipseLogger - Using 'UTF-8' encoding to copy filtered properties files.
2024-08-07 19:38:02,812 [Worker-142: Building] INFO  o.e.m.c.i.embedder.EclipseLogger - Copying 1 resource
2024-08-07 19:38:02,828 [Worker-142: Building] INFO  o.e.m.c.i.embedder.EclipseLogger - Copying 0 resource
2024-08-07 19:38:02,828 [Worker-142: Building] INFO  o.e.m.c.i.embedder.EclipseLogger - Using 'UTF-8' encoding to copy filtered resources.
2024-08-07 19:38:02,828 [Worker-142: Building] INFO  o.e.m.c.i.embedder.EclipseLogger - Using 'UTF-8' encoding to copy filtered properties files.
2024-08-07 19:38:02,828 [Worker-142: Building] INFO  o.e.m.c.i.embedder.EclipseLogger - skip non existing resourceDirectory D:\Sunbeam_Cdac\CDAC\FinalProject_J004\Project\Project\spring_boot_backend_security_jwt_template\src\test\resources
2024-08-07 19:39:11,453 [Worker-142: Building] INFO  o.e.m.c.i.embedder.EclipseLogger - Using 'UTF-8' encoding to copy filtered resources.
2024-08-07 19:39:11,453 [Worker-142: Building] INFO  o.e.m.c.i.embedder.EclipseLogger - Using 'UTF-8' encoding to copy filtered properties files.
2024-08-07 19:39:11,453 [Worker-142: Building] INFO  o.e.m.c.i.embedder.EclipseLogger - Copying 1 resource
2024-08-07 19:39:11,468 [Worker-142: Building] INFO  o.e.m.c.i.embedder.EclipseLogger - Copying 0 resource
2024-08-07 19:39:11,484 [Worker-142: Building] INFO  o.e.m.c.i.embedder.EclipseLogger - Using 'UTF-8' encoding to copy filtered resources.
2024-08-07 19:39:11,484 [Worker-142: Building] INFO  o.e.m.c.i.embedder.EclipseLogger - Using 'UTF-8' encoding to copy filtered properties files.
2024-08-07 19:39:11,484 [Worker-142: Building] INFO  o.e.m.c.i.embedder.EclipseLogger - skip non existing resourceDirectory D:\Sunbeam_Cdac\CDAC\FinalProject_J004\Project\Project\spring_boot_backend_security_jwt_template\src\test\resources
2024-08-07 19:39:24,737 [Worker-137: Building] INFO  o.e.m.c.i.embedder.EclipseLogger - Using 'UTF-8' encoding to copy filtered resources.
2024-08-07 19:39:24,737 [Worker-137: Building] INFO  o.e.m.c.i.embedder.EclipseLogger - Using 'UTF-8' encoding to copy filtered properties files.
2024-08-07 19:39:24,737 [Worker-137: Building] INFO  o.e.m.c.i.embedder.EclipseLogger - Copying 1 resource
2024-08-07 19:39:24,753 [Worker-137: Building] INFO  o.e.m.c.i.embedder.EclipseLogger - Copying 0 resource
2024-08-07 19:39:24,753 [Worker-137: Building] INFO  o.e.m.c.i.embedder.EclipseLogger - Using 'UTF-8' encoding to copy filtered resources.
2024-08-07 19:39:24,753 [Worker-137: Building] INFO  o.e.m.c.i.embedder.EclipseLogger - Using 'UTF-8' encoding to copy filtered properties files.
2024-08-07 19:39:24,753 [Worker-137: Building] INFO  o.e.m.c.i.embedder.EclipseLogger - skip non existing resourceDirectory D:\Sunbeam_Cdac\CDAC\FinalProject_J004\Project\Project\spring_boot_backend_security_jwt_template\src\test\resources
2024-08-07 19:42:45,102 [Worker-147: Building] INFO  o.e.m.c.i.embedder.EclipseLogger - Using 'UTF-8' encoding to copy filtered resources.
2024-08-07 19:42:45,102 [Worker-147: Building] INFO  o.e.m.c.i.embedder.EclipseLogger - Using 'UTF-8' encoding to copy filtered properties files.
2024-08-07 19:42:45,102 [Worker-147: Building] INFO  o.e.m.c.i.embedder.EclipseLogger - Copying 1 resource
2024-08-07 19:42:45,118 [Worker-147: Building] INFO  o.e.m.c.i.embedder.EclipseLogger - Copying 0 resource
2024-08-07 19:42:45,118 [Worker-147: Building] INFO  o.e.m.c.i.embedder.EclipseLogger - Using 'UTF-8' encoding to copy filtered resources.
2024-08-07 19:42:45,118 [Worker-147: Building] INFO  o.e.m.c.i.embedder.EclipseLogger - Using 'UTF-8' encoding to copy filtered properties files.
2024-08-07 19:42:45,118 [Worker-147: Building] INFO  o.e.m.c.i.embedder.EclipseLogger - skip non existing resourceDirectory D:\Sunbeam_Cdac\CDAC\FinalProject_J004\Project\Project\spring_boot_backend_security_jwt_template\src\test\resources
2024-08-07 19:44:27,972 [Worker-144: Building] INFO  o.e.m.c.i.embedder.EclipseLogger - Using 'UTF-8' encoding to copy filtered resources.
2024-08-07 19:44:27,972 [Worker-144: Building] INFO  o.e.m.c.i.embedder.EclipseLogger - Using 'UTF-8' encoding to copy filtered properties files.
2024-08-07 19:44:27,972 [Worker-144: Building] INFO  o.e.m.c.i.embedder.EclipseLogger - Copying 1 resource
2024-08-07 19:44:27,987 [Worker-144: Building] INFO  o.e.m.c.i.embedder.EclipseLogger - Copying 0 resource
2024-08-07 19:44:27,987 [Worker-144: Building] INFO  o.e.m.c.i.embedder.EclipseLogger - Using 'UTF-8' encoding to copy filtered resources.
2024-08-07 19:44:27,987 [Worker-144: Building] INFO  o.e.m.c.i.embedder.EclipseLogger - Using 'UTF-8' encoding to copy filtered properties files.
2024-08-07 19:44:27,987 [Worker-144: Building] INFO  o.e.m.c.i.embedder.EclipseLogger - skip non existing resourceDirectory D:\Sunbeam_Cdac\CDAC\FinalProject_J004\Project\Project\spring_boot_backend_security_jwt_template\src\test\resources
2024-08-07 19:45:28,590 [Worker-148: Building] INFO  o.e.m.c.i.embedder.EclipseLogger - Using 'UTF-8' encoding to copy filtered resources.
2024-08-07 19:45:28,590 [Worker-148: Building] INFO  o.e.m.c.i.embedder.EclipseLogger - Using 'UTF-8' encoding to copy filtered properties files.
2024-08-07 19:45:28,590 [Worker-148: Building] INFO  o.e.m.c.i.embedder.EclipseLogger - Copying 1 resource
2024-08-07 19:45:28,605 [Worker-148: Building] INFO  o.e.m.c.i.embedder.EclipseLogger - Copying 0 resource
2024-08-07 19:45:28,605 [Worker-148: Building] INFO  o.e.m.c.i.embedder.EclipseLogger - Using 'UTF-8' encoding to copy filtered resources.
2024-08-07 19:45:28,605 [Worker-148: Building] INFO  o.e.m.c.i.embedder.EclipseLogger - Using 'UTF-8' encoding to copy filtered properties files.
2024-08-07 19:45:28,605 [Worker-148: Building] INFO  o.e.m.c.i.embedder.EclipseLogger - skip non existing resourceDirectory D:\Sunbeam_Cdac\CDAC\FinalProject_J004\Project\Project\spring_boot_backend_security_jwt_template\src\test\resources
2024-08-07 19:45:36,437 [Worker-146: Building] INFO  o.e.m.c.i.embedder.EclipseLogger - Using 'UTF-8' encoding to copy filtered resources.
2024-08-07 19:45:36,437 [Worker-146: Building] INFO  o.e.m.c.i.embedder.EclipseLogger - Using 'UTF-8' encoding to copy filtered properties files.
2024-08-07 19:45:36,437 [Worker-146: Building] INFO  o.e.m.c.i.embedder.EclipseLogger - Copying 1 resource
2024-08-07 19:45:36,452 [Worker-146: Building] INFO  o.e.m.c.i.embedder.EclipseLogger - Copying 0 resource
2024-08-07 19:45:36,452 [Worker-146: Building] INFO  o.e.m.c.i.embedder.EclipseLogger - Using 'UTF-8' encoding to copy filtered resources.
2024-08-07 19:45:36,452 [Worker-146: Building] INFO  o.e.m.c.i.embedder.EclipseLogger - Using 'UTF-8' encoding to copy filtered properties files.
2024-08-07 19:45:36,452 [Worker-146: Building] INFO  o.e.m.c.i.embedder.EclipseLogger - skip non existing resourceDirectory D:\Sunbeam_Cdac\CDAC\FinalProject_J004\Project\Project\spring_boot_backend_security_jwt_template\src\test\resources
2024-08-07 19:45:49,209 [Worker-147: Building] INFO  o.e.m.c.i.embedder.EclipseLogger - Using 'UTF-8' encoding to copy filtered resources.
2024-08-07 19:45:49,209 [Worker-147: Building] INFO  o.e.m.c.i.embedder.EclipseLogger - Using 'UTF-8' encoding to copy filtered properties files.
2024-08-07 19:45:49,209 [Worker-147: Building] INFO  o.e.m.c.i.embedder.EclipseLogger - Copying 1 resource
2024-08-07 19:45:49,225 [Worker-147: Building] INFO  o.e.m.c.i.embedder.EclipseLogger - Copying 0 resource
2024-08-07 19:45:49,225 [Worker-147: Building] INFO  o.e.m.c.i.embedder.EclipseLogger - Using 'UTF-8' encoding to copy filtered resources.
2024-08-07 19:45:49,225 [Worker-147: Building] INFO  o.e.m.c.i.embedder.EclipseLogger - Using 'UTF-8' encoding to copy filtered properties files.
2024-08-07 19:45:49,225 [Worker-147: Building] INFO  o.e.m.c.i.embedder.EclipseLogger - skip non existing resourceDirectory D:\Sunbeam_Cdac\CDAC\FinalProject_J004\Project\Project\spring_boot_backend_security_jwt_template\src\test\resources
2024-08-07 19:46:41,615 [Worker-144: Building] INFO  o.e.m.c.i.embedder.EclipseLogger - Using 'UTF-8' encoding to copy filtered resources.
2024-08-07 19:46:41,615 [Worker-144: Building] INFO  o.e.m.c.i.embedder.EclipseLogger - Using 'UTF-8' encoding to copy filtered properties files.
2024-08-07 19:46:41,615 [Worker-144: Building] INFO  o.e.m.c.i.embedder.EclipseLogger - Copying 1 resource
2024-08-07 19:46:41,631 [Worker-144: Building] INFO  o.e.m.c.i.embedder.EclipseLogger - Copying 0 resource
2024-08-07 19:46:41,631 [Worker-144: Building] INFO  o.e.m.c.i.embedder.EclipseLogger - Using 'UTF-8' encoding to copy filtered resources.
2024-08-07 19:46:41,631 [Worker-144: Building] INFO  o.e.m.c.i.embedder.EclipseLogger - Using 'UTF-8' encoding to copy filtered properties files.
2024-08-07 19:46:41,631 [Worker-144: Building] INFO  o.e.m.c.i.embedder.EclipseLogger - skip non existing resourceDirectory D:\Sunbeam_Cdac\CDAC\FinalProject_J004\Project\Project\spring_boot_backend_security_jwt_template\src\test\resources
2024-08-07 19:47:55,289 [Worker-148: Building] INFO  o.e.m.c.i.embedder.EclipseLogger - Using 'UTF-8' encoding to copy filtered resources.
2024-08-07 19:47:55,289 [Worker-148: Building] INFO  o.e.m.c.i.embedder.EclipseLogger - Using 'UTF-8' encoding to copy filtered properties files.
2024-08-07 19:47:55,289 [Worker-148: Building] INFO  o.e.m.c.i.embedder.EclipseLogger - Copying 1 resource
2024-08-07 19:47:55,305 [Worker-148: Building] INFO  o.e.m.c.i.embedder.EclipseLogger - Copying 0 resource
2024-08-07 19:47:55,305 [Worker-148: Building] INFO  o.e.m.c.i.embedder.EclipseLogger - Using 'UTF-8' encoding to copy filtered resources.
2024-08-07 19:47:55,305 [Worker-148: Building] INFO  o.e.m.c.i.embedder.EclipseLogger - Using 'UTF-8' encoding to copy filtered properties files.
2024-08-07 19:47:55,305 [Worker-148: Building] INFO  o.e.m.c.i.embedder.EclipseLogger - skip non existing resourceDirectory D:\Sunbeam_Cdac\CDAC\FinalProject_J004\Project\Project\spring_boot_backend_security_jwt_template\src\test\resources
2024-08-07 19:48:25,702 [Worker-149: Building] INFO  o.e.m.c.i.embedder.EclipseLogger - Using 'UTF-8' encoding to copy filtered resources.
2024-08-07 19:48:25,702 [Worker-149: Building] INFO  o.e.m.c.i.embedder.EclipseLogger - Using 'UTF-8' encoding to copy filtered properties files.
2024-08-07 19:48:25,702 [Worker-149: Building] INFO  o.e.m.c.i.embedder.EclipseLogger - Copying 1 resource
2024-08-07 19:48:25,718 [Worker-149: Building] INFO  o.e.m.c.i.embedder.EclipseLogger - Copying 0 resource
2024-08-07 19:48:25,718 [Worker-149: Building] INFO  o.e.m.c.i.embedder.EclipseLogger - Using 'UTF-8' encoding to copy filtered resources.
2024-08-07 19:48:25,718 [Worker-149: Building] INFO  o.e.m.c.i.embedder.EclipseLogger - Using 'UTF-8' encoding to copy filtered properties files.
2024-08-07 19:48:25,718 [Worker-149: Building] INFO  o.e.m.c.i.embedder.EclipseLogger - skip non existing resourceDirectory D:\Sunbeam_Cdac\CDAC\FinalProject_J004\Project\Project\spring_boot_backend_security_jwt_template\src\test\resources
2024-08-07 19:49:37,191 [Worker-150: Building] INFO  o.e.m.c.i.embedder.EclipseLogger - Using 'UTF-8' encoding to copy filtered resources.
2024-08-07 19:49:37,191 [Worker-150: Building] INFO  o.e.m.c.i.embedder.EclipseLogger - Using 'UTF-8' encoding to copy filtered properties files.
2024-08-07 19:49:37,191 [Worker-150: Building] INFO  o.e.m.c.i.embedder.EclipseLogger - Copying 1 resource
2024-08-07 19:49:37,206 [Worker-150: Building] INFO  o.e.m.c.i.embedder.EclipseLogger - Copying 0 resource
2024-08-07 19:49:37,206 [Worker-150: Building] INFO  o.e.m.c.i.embedder.EclipseLogger - Using 'UTF-8' encoding to copy filtered resources.
2024-08-07 19:49:37,206 [Worker-150: Building] INFO  o.e.m.c.i.embedder.EclipseLogger - Using 'UTF-8' encoding to copy filtered properties files.
2024-08-07 19:49:37,206 [Worker-150: Building] INFO  o.e.m.c.i.embedder.EclipseLogger - skip non existing resourceDirectory D:\Sunbeam_Cdac\CDAC\FinalProject_J004\Project\Project\spring_boot_backend_security_jwt_template\src\test\resources
2024-08-07 19:50:09,187 [Worker-148: Building] INFO  o.e.m.c.i.embedder.EclipseLogger - Using 'UTF-8' encoding to copy filtered resources.
2024-08-07 19:50:09,187 [Worker-148: Building] INFO  o.e.m.c.i.embedder.EclipseLogger - Using 'UTF-8' encoding to copy filtered properties files.
2024-08-07 19:50:09,187 [Worker-148: Building] INFO  o.e.m.c.i.embedder.EclipseLogger - Copying 1 resource
2024-08-07 19:50:09,202 [Worker-148: Building] INFO  o.e.m.c.i.embedder.EclipseLogger - Copying 0 resource
2024-08-07 19:50:09,202 [Worker-148: Building] INFO  o.e.m.c.i.embedder.EclipseLogger - Using 'UTF-8' encoding to copy filtered resources.
2024-08-07 19:50:09,202 [Worker-148: Building] INFO  o.e.m.c.i.embedder.EclipseLogger - Using 'UTF-8' encoding to copy filtered properties files.
2024-08-07 19:50:09,202 [Worker-148: Building] INFO  o.e.m.c.i.embedder.EclipseLogger - skip non existing resourceDirectory D:\Sunbeam_Cdac\CDAC\FinalProject_J004\Project\Project\spring_boot_backend_security_jwt_template\src\test\resources
2024-08-07 19:50:32,909 [Worker-149: Building] INFO  o.e.m.c.i.embedder.EclipseLogger - Using 'UTF-8' encoding to copy filtered resources.
2024-08-07 19:50:32,909 [Worker-149: Building] INFO  o.e.m.c.i.embedder.EclipseLogger - Using 'UTF-8' encoding to copy filtered properties files.
2024-08-07 19:50:32,909 [Worker-149: Building] INFO  o.e.m.c.i.embedder.EclipseLogger - Copying 1 resource
2024-08-07 19:50:32,925 [Worker-149: Building] INFO  o.e.m.c.i.embedder.EclipseLogger - Copying 0 resource
2024-08-07 19:50:32,925 [Worker-149: Building] INFO  o.e.m.c.i.embedder.EclipseLogger - Using 'UTF-8' encoding to copy filtered resources.
2024-08-07 19:50:32,925 [Worker-149: Building] INFO  o.e.m.c.i.embedder.EclipseLogger - Using 'UTF-8' encoding to copy filtered properties files.
2024-08-07 19:50:32,925 [Worker-149: Building] INFO  o.e.m.c.i.embedder.EclipseLogger - skip non existing resourceDirectory D:\Sunbeam_Cdac\CDAC\FinalProject_J004\Project\Project\spring_boot_backend_security_jwt_template\src\test\resources
2024-08-07 19:50:47,030 [Worker-149: Building] INFO  o.e.m.c.i.embedder.EclipseLogger - Using 'UTF-8' encoding to copy filtered resources.
2024-08-07 19:50:47,030 [Worker-149: Building] INFO  o.e.m.c.i.embedder.EclipseLogger - Using 'UTF-8' encoding to copy filtered properties files.
2024-08-07 19:50:47,030 [Worker-149: Building] INFO  o.e.m.c.i.embedder.EclipseLogger - Copying 1 resource
2024-08-07 19:50:47,217 [Worker-149: Building] INFO  o.e.m.c.i.embedder.EclipseLogger - Copying 0 resource
2024-08-07 19:50:47,217 [Worker-149: Building] INFO  o.e.m.c.i.embedder.EclipseLogger - Using 'UTF-8' encoding to copy filtered resources.
2024-08-07 19:50:47,217 [Worker-149: Building] INFO  o.e.m.c.i.embedder.EclipseLogger - Using 'UTF-8' encoding to copy filtered properties files.
2024-08-07 19:50:47,217 [Worker-149: Building] INFO  o.e.m.c.i.embedder.EclipseLogger - skip non existing resourceDirectory D:\Sunbeam_Cdac\CDAC\FinalProject_J004\Project\Project\spring_boot_backend_security_jwt_template\src\test\resources
2024-08-07 19:51:51,047 [Worker-148: Building] INFO  o.e.m.c.i.embedder.EclipseLogger - Using 'UTF-8' encoding to copy filtered resources.
2024-08-07 19:51:51,047 [Worker-148: Building] INFO  o.e.m.c.i.embedder.EclipseLogger - Using 'UTF-8' encoding to copy filtered properties files.
2024-08-07 19:51:51,047 [Worker-148: Building] INFO  o.e.m.c.i.embedder.EclipseLogger - Copying 1 resource
2024-08-07 19:51:51,063 [Worker-148: Building] INFO  o.e.m.c.i.embedder.EclipseLogger - Copying 0 resource
2024-08-07 19:51:51,063 [Worker-148: Building] INFO  o.e.m.c.i.embedder.EclipseLogger - Using 'UTF-8' encoding to copy filtered resources.
2024-08-07 19:51:51,063 [Worker-148: Building] INFO  o.e.m.c.i.embedder.EclipseLogger - Using 'UTF-8' encoding to copy filtered properties files.
2024-08-07 19:51:51,063 [Worker-148: Building] INFO  o.e.m.c.i.embedder.EclipseLogger - skip non existing resourceDirectory D:\Sunbeam_Cdac\CDAC\FinalProject_J004\Project\Project\spring_boot_backend_security_jwt_template\src\test\resources
2024-08-07 19:51:59,542 [Worker-149: Building] INFO  o.e.m.c.i.embedder.EclipseLogger - Using 'UTF-8' encoding to copy filtered resources.
2024-08-07 19:51:59,542 [Worker-149: Building] INFO  o.e.m.c.i.embedder.EclipseLogger - Using 'UTF-8' encoding to copy filtered properties files.
2024-08-07 19:51:59,542 [Worker-149: Building] INFO  o.e.m.c.i.embedder.EclipseLogger - Copying 1 resource
2024-08-07 19:51:59,557 [Worker-149: Building] INFO  o.e.m.c.i.embedder.EclipseLogger - Copying 0 resource
2024-08-07 19:51:59,557 [Worker-149: Building] INFO  o.e.m.c.i.embedder.EclipseLogger - Using 'UTF-8' encoding to copy filtered resources.
2024-08-07 19:51:59,557 [Worker-149: Building] INFO  o.e.m.c.i.embedder.EclipseLogger - Using 'UTF-8' encoding to copy filtered properties files.
2024-08-07 19:51:59,557 [Worker-149: Building] INFO  o.e.m.c.i.embedder.EclipseLogger - skip non existing resourceDirectory D:\Sunbeam_Cdac\CDAC\FinalProject_J004\Project\Project\spring_boot_backend_security_jwt_template\src\test\resources
2024-08-07 19:52:03,455 [Worker-152: Building] INFO  o.e.m.c.i.embedder.EclipseLogger - Using 'UTF-8' encoding to copy filtered resources.
2024-08-07 19:52:03,455 [Worker-152: Building] INFO  o.e.m.c.i.embedder.EclipseLogger - Using 'UTF-8' encoding to copy filtered properties files.
2024-08-07 19:52:03,455 [Worker-152: Building] INFO  o.e.m.c.i.embedder.EclipseLogger - Copying 1 resource
2024-08-07 19:52:03,471 [Worker-152: Building] INFO  o.e.m.c.i.embedder.EclipseLogger - Copying 0 resource
2024-08-07 19:52:03,471 [Worker-152: Building] INFO  o.e.m.c.i.embedder.EclipseLogger - Using 'UTF-8' encoding to copy filtered resources.
2024-08-07 19:52:03,471 [Worker-152: Building] INFO  o.e.m.c.i.embedder.EclipseLogger - Using 'UTF-8' encoding to copy filtered properties files.
2024-08-07 19:52:03,471 [Worker-152: Building] INFO  o.e.m.c.i.embedder.EclipseLogger - skip non existing resourceDirectory D:\Sunbeam_Cdac\CDAC\FinalProject_J004\Project\Project\spring_boot_backend_security_jwt_template\src\test\resources
2024-08-07 19:54:16,847 [Worker-144: Building] INFO  o.e.m.c.i.embedder.EclipseLogger - Using 'UTF-8' encoding to copy filtered resources.
2024-08-07 19:54:16,847 [Worker-144: Building] INFO  o.e.m.c.i.embedder.EclipseLogger - Using 'UTF-8' encoding to copy filtered properties files.
2024-08-07 19:54:16,847 [Worker-144: Building] INFO  o.e.m.c.i.embedder.EclipseLogger - Copying 1 resource
2024-08-07 19:54:16,862 [Worker-144: Building] INFO  o.e.m.c.i.embedder.EclipseLogger - Copying 0 resource
2024-08-07 19:54:16,862 [Worker-144: Building] INFO  o.e.m.c.i.embedder.EclipseLogger - Using 'UTF-8' encoding to copy filtered resources.
2024-08-07 19:54:16,862 [Worker-144: Building] INFO  o.e.m.c.i.embedder.EclipseLogger - Using 'UTF-8' encoding to copy filtered properties files.
2024-08-07 19:54:16,862 [Worker-144: Building] INFO  o.e.m.c.i.embedder.EclipseLogger - skip non existing resourceDirectory D:\Sunbeam_Cdac\CDAC\FinalProject_J004\Project\Project\spring_boot_backend_security_jwt_template\src\test\resources
2024-08-07 19:54:28,332 [Worker-153: Building] INFO  o.e.m.c.i.embedder.EclipseLogger - Using 'UTF-8' encoding to copy filtered resources.
2024-08-07 19:54:28,332 [Worker-153: Building] INFO  o.e.m.c.i.embedder.EclipseLogger - Using 'UTF-8' encoding to copy filtered properties files.
2024-08-07 19:54:28,332 [Worker-153: Building] INFO  o.e.m.c.i.embedder.EclipseLogger - Copying 1 resource
2024-08-07 19:54:28,348 [Worker-153: Building] INFO  o.e.m.c.i.embedder.EclipseLogger - Copying 0 resource
2024-08-07 19:54:28,348 [Worker-153: Building] INFO  o.e.m.c.i.embedder.EclipseLogger - Using 'UTF-8' encoding to copy filtered resources.
2024-08-07 19:54:28,348 [Worker-153: Building] INFO  o.e.m.c.i.embedder.EclipseLogger - Using 'UTF-8' encoding to copy filtered properties files.
2024-08-07 19:54:28,348 [Worker-153: Building] INFO  o.e.m.c.i.embedder.EclipseLogger - skip non existing resourceDirectory D:\Sunbeam_Cdac\CDAC\FinalProject_J004\Project\Project\spring_boot_backend_security_jwt_template\src\test\resources
2024-08-07 19:55:53,612 [Worker-153: Building] INFO  o.e.m.c.i.embedder.EclipseLogger - Using 'UTF-8' encoding to copy filtered resources.
2024-08-07 19:55:53,612 [Worker-153: Building] INFO  o.e.m.c.i.embedder.EclipseLogger - Using 'UTF-8' encoding to copy filtered properties files.
2024-08-07 19:55:53,612 [Worker-153: Building] INFO  o.e.m.c.i.embedder.EclipseLogger - Copying 1 resource
2024-08-07 19:55:53,628 [Worker-153: Building] INFO  o.e.m.c.i.embedder.EclipseLogger - Copying 0 resource
2024-08-07 19:55:53,628 [Worker-153: Building] INFO  o.e.m.c.i.embedder.EclipseLogger - Using 'UTF-8' encoding to copy filtered resources.
2024-08-07 19:55:53,628 [Worker-153: Building] INFO  o.e.m.c.i.embedder.EclipseLogger - Using 'UTF-8' encoding to copy filtered properties files.
2024-08-07 19:55:53,628 [Worker-153: Building] INFO  o.e.m.c.i.embedder.EclipseLogger - skip non existing resourceDirectory D:\Sunbeam_Cdac\CDAC\FinalProject_J004\Project\Project\spring_boot_backend_security_jwt_template\src\test\resources
2024-08-07 19:56:20,620 [Worker-152: Building] INFO  o.e.m.c.i.embedder.EclipseLogger - Using 'UTF-8' encoding to copy filtered resources.
2024-08-07 19:56:20,620 [Worker-152: Building] INFO  o.e.m.c.i.embedder.EclipseLogger - Using 'UTF-8' encoding to copy filtered properties files.
2024-08-07 19:56:20,620 [Worker-152: Building] INFO  o.e.m.c.i.embedder.EclipseLogger - Copying 1 resource
2024-08-07 19:56:20,636 [Worker-152: Building] INFO  o.e.m.c.i.embedder.EclipseLogger - Copying 0 resource
2024-08-07 19:56:20,636 [Worker-152: Building] INFO  o.e.m.c.i.embedder.EclipseLogger - Using 'UTF-8' encoding to copy filtered resources.
2024-08-07 19:56:20,636 [Worker-152: Building] INFO  o.e.m.c.i.embedder.EclipseLogger - Using 'UTF-8' encoding to copy filtered properties files.
2024-08-07 19:56:20,636 [Worker-152: Building] INFO  o.e.m.c.i.embedder.EclipseLogger - skip non existing resourceDirectory D:\Sunbeam_Cdac\CDAC\FinalProject_J004\Project\Project\spring_boot_backend_security_jwt_template\src\test\resources
2024-08-07 19:57:05,691 [Worker-150: Building] INFO  o.e.m.c.i.embedder.EclipseLogger - Using 'UTF-8' encoding to copy filtered resources.
2024-08-07 19:57:05,691 [Worker-150: Building] INFO  o.e.m.c.i.embedder.EclipseLogger - Using 'UTF-8' encoding to copy filtered properties files.
2024-08-07 19:57:05,691 [Worker-150: Building] INFO  o.e.m.c.i.embedder.EclipseLogger - Copying 1 resource
2024-08-07 19:57:05,707 [Worker-150: Building] INFO  o.e.m.c.i.embedder.EclipseLogger - Copying 0 resource
2024-08-07 19:57:05,707 [Worker-150: Building] INFO  o.e.m.c.i.embedder.EclipseLogger - Using 'UTF-8' encoding to copy filtered resources.
2024-08-07 19:57:05,707 [Worker-150: Building] INFO  o.e.m.c.i.embedder.EclipseLogger - Using 'UTF-8' encoding to copy filtered properties files.
2024-08-07 19:57:05,707 [Worker-150: Building] INFO  o.e.m.c.i.embedder.EclipseLogger - skip non existing resourceDirectory D:\Sunbeam_Cdac\CDAC\FinalProject_J004\Project\Project\spring_boot_backend_security_jwt_template\src\test\resources
2024-08-07 19:57:19,518 [Worker-144: Building] INFO  o.e.m.c.i.embedder.EclipseLogger - Using 'UTF-8' encoding to copy filtered resources.
2024-08-07 19:57:19,518 [Worker-144: Building] INFO  o.e.m.c.i.embedder.EclipseLogger - Using 'UTF-8' encoding to copy filtered properties files.
2024-08-07 19:57:19,533 [Worker-144: Building] INFO  o.e.m.c.i.embedder.EclipseLogger - Copying 1 resource
2024-08-07 19:57:19,549 [Worker-144: Building] INFO  o.e.m.c.i.embedder.EclipseLogger - Copying 0 resource
2024-08-07 19:57:19,549 [Worker-144: Building] INFO  o.e.m.c.i.embedder.EclipseLogger - Using 'UTF-8' encoding to copy filtered resources.
2024-08-07 19:57:19,549 [Worker-144: Building] INFO  o.e.m.c.i.embedder.EclipseLogger - Using 'UTF-8' encoding to copy filtered properties files.
2024-08-07 19:57:19,549 [Worker-144: Building] INFO  o.e.m.c.i.embedder.EclipseLogger - skip non existing resourceDirectory D:\Sunbeam_Cdac\CDAC\FinalProject_J004\Project\Project\spring_boot_backend_security_jwt_template\src\test\resources
2024-08-07 19:57:32,429 [Worker-154: Building] INFO  o.e.m.c.i.embedder.EclipseLogger - Using 'UTF-8' encoding to copy filtered resources.
2024-08-07 19:57:32,429 [Worker-154: Building] INFO  o.e.m.c.i.embedder.EclipseLogger - Using 'UTF-8' encoding to copy filtered properties files.
2024-08-07 19:57:32,429 [Worker-154: Building] INFO  o.e.m.c.i.embedder.EclipseLogger - Copying 1 resource
2024-08-07 19:57:32,460 [Worker-154: Building] INFO  o.e.m.c.i.embedder.EclipseLogger - Copying 0 resource
2024-08-07 19:57:32,460 [Worker-154: Building] INFO  o.e.m.c.i.embedder.EclipseLogger - Using 'UTF-8' encoding to copy filtered resources.
2024-08-07 19:57:32,460 [Worker-154: Building] INFO  o.e.m.c.i.embedder.EclipseLogger - Using 'UTF-8' encoding to copy filtered properties files.
2024-08-07 19:57:32,460 [Worker-154: Building] INFO  o.e.m.c.i.embedder.EclipseLogger - skip non existing resourceDirectory D:\Sunbeam_Cdac\CDAC\FinalProject_J004\Project\Project\spring_boot_backend_security_jwt_template\src\test\resources
2024-08-07 19:58:07,535 [Worker-154: Building] INFO  o.e.m.c.i.embedder.EclipseLogger - Using 'UTF-8' encoding to copy filtered resources.
2024-08-07 19:58:07,535 [Worker-154: Building] INFO  o.e.m.c.i.embedder.EclipseLogger - Using 'UTF-8' encoding to copy filtered properties files.
2024-08-07 19:58:07,535 [Worker-154: Building] INFO  o.e.m.c.i.embedder.EclipseLogger - Copying 1 resource
2024-08-07 19:58:07,551 [Worker-154: Building] INFO  o.e.m.c.i.embedder.EclipseLogger - Copying 0 resource
2024-08-07 19:58:07,551 [Worker-154: Building] INFO  o.e.m.c.i.embedder.EclipseLogger - Using 'UTF-8' encoding to copy filtered resources.
2024-08-07 19:58:07,551 [Worker-154: Building] INFO  o.e.m.c.i.embedder.EclipseLogger - Using 'UTF-8' encoding to copy filtered properties files.
2024-08-07 19:58:07,551 [Worker-154: Building] INFO  o.e.m.c.i.embedder.EclipseLogger - skip non existing resourceDirectory D:\Sunbeam_Cdac\CDAC\FinalProject_J004\Project\Project\spring_boot_backend_security_jwt_template\src\test\resources
2024-08-07 19:59:11,364 [Worker-150: Building] INFO  o.e.m.c.i.embedder.EclipseLogger - Using 'UTF-8' encoding to copy filtered resources.
2024-08-07 19:59:11,364 [Worker-150: Building] INFO  o.e.m.c.i.embedder.EclipseLogger - Using 'UTF-8' encoding to copy filtered properties files.
2024-08-07 19:59:11,364 [Worker-150: Building] INFO  o.e.m.c.i.embedder.EclipseLogger - Copying 1 resource
2024-08-07 19:59:11,517 [Worker-150: Building] INFO  o.e.m.c.i.embedder.EclipseLogger - Copying 0 resource
2024-08-07 19:59:11,517 [Worker-150: Building] INFO  o.e.m.c.i.embedder.EclipseLogger - Using 'UTF-8' encoding to copy filtered resources.
2024-08-07 19:59:11,517 [Worker-150: Building] INFO  o.e.m.c.i.embedder.EclipseLogger - Using 'UTF-8' encoding to copy filtered properties files.
2024-08-07 19:59:11,517 [Worker-150: Building] INFO  o.e.m.c.i.embedder.EclipseLogger - skip non existing resourceDirectory D:\Sunbeam_Cdac\CDAC\FinalProject_J004\Project\Project\spring_boot_backend_security_jwt_template\src\test\resources
2024-08-07 20:01:51,954 [Worker-144: Building] INFO  o.e.m.c.i.embedder.EclipseLogger - Using 'UTF-8' encoding to copy filtered resources.
2024-08-07 20:01:51,954 [Worker-144: Building] INFO  o.e.m.c.i.embedder.EclipseLogger - Using 'UTF-8' encoding to copy filtered properties files.
2024-08-07 20:01:51,954 [Worker-144: Building] INFO  o.e.m.c.i.embedder.EclipseLogger - Copying 1 resource
2024-08-07 20:01:52,001 [Worker-144: Building] INFO  o.e.m.c.i.embedder.EclipseLogger - Copying 0 resource
2024-08-07 20:01:52,001 [Worker-144: Building] INFO  o.e.m.c.i.embedder.EclipseLogger - Using 'UTF-8' encoding to copy filtered resources.
2024-08-07 20:01:52,001 [Worker-144: Building] INFO  o.e.m.c.i.embedder.EclipseLogger - Using 'UTF-8' encoding to copy filtered properties files.
2024-08-07 20:01:52,001 [Worker-144: Building] INFO  o.e.m.c.i.embedder.EclipseLogger - skip non existing resourceDirectory D:\Sunbeam_Cdac\CDAC\FinalProject_J004\Project\Project\spring_boot_backend_security_jwt_template\src\test\resources
2024-08-07 22:34:59,416 [Worker-164: Building] INFO  o.e.m.c.i.embedder.EclipseLogger - Using 'UTF-8' encoding to copy filtered resources.
2024-08-07 22:34:59,416 [Worker-164: Building] INFO  o.e.m.c.i.embedder.EclipseLogger - Using 'UTF-8' encoding to copy filtered properties files.
2024-08-07 22:34:59,416 [Worker-164: Building] INFO  o.e.m.c.i.embedder.EclipseLogger - Copying 1 resource
2024-08-07 22:34:59,436 [Worker-164: Building] INFO  o.e.m.c.i.embedder.EclipseLogger - Copying 0 resource
2024-08-07 22:34:59,437 [Worker-164: Building] INFO  o.e.m.c.i.embedder.EclipseLogger - Using 'UTF-8' encoding to copy filtered resources.
2024-08-07 22:34:59,438 [Worker-164: Building] INFO  o.e.m.c.i.embedder.EclipseLogger - Using 'UTF-8' encoding to copy filtered properties files.
2024-08-07 22:34:59,438 [Worker-164: Building] INFO  o.e.m.c.i.embedder.EclipseLogger - skip non existing resourceDirectory D:\Sunbeam_Cdac\CDAC\FinalProject_J004\Project\Project\spring_boot_backend_security_jwt_template\src\test\resources
2024-08-07 22:37:07,975 [Worker-167: Building] INFO  o.e.m.c.i.embedder.EclipseLogger - Using 'UTF-8' encoding to copy filtered resources.
2024-08-07 22:37:07,975 [Worker-167: Building] INFO  o.e.m.c.i.embedder.EclipseLogger - Using 'UTF-8' encoding to copy filtered properties files.
2024-08-07 22:37:07,975 [Worker-167: Building] INFO  o.e.m.c.i.embedder.EclipseLogger - Copying 1 resource
2024-08-07 22:37:07,991 [Worker-167: Building] INFO  o.e.m.c.i.embedder.EclipseLogger - Copying 0 resource
2024-08-07 22:37:07,991 [Worker-167: Building] INFO  o.e.m.c.i.embedder.EclipseLogger - Using 'UTF-8' encoding to copy filtered resources.
2024-08-07 22:37:07,991 [Worker-167: Building] INFO  o.e.m.c.i.embedder.EclipseLogger - Using 'UTF-8' encoding to copy filtered properties files.
2024-08-07 22:37:07,991 [Worker-167: Building] INFO  o.e.m.c.i.embedder.EclipseLogger - skip non existing resourceDirectory D:\Sunbeam_Cdac\CDAC\FinalProject_J004\Project\Project\spring_boot_backend_security_jwt_template\src\test\resources
2024-08-07 22:39:14,765 [Worker-165: Building] INFO  o.e.m.c.i.embedder.EclipseLogger - Using 'UTF-8' encoding to copy filtered resources.
2024-08-07 22:39:14,765 [Worker-165: Building] INFO  o.e.m.c.i.embedder.EclipseLogger - Using 'UTF-8' encoding to copy filtered properties files.
2024-08-07 22:39:14,765 [Worker-165: Building] INFO  o.e.m.c.i.embedder.EclipseLogger - Copying 1 resource
2024-08-07 22:39:14,765 [Worker-165: Building] INFO  o.e.m.c.i.embedder.EclipseLogger - Copying 0 resource
2024-08-07 22:39:14,781 [Worker-165: Building] INFO  o.e.m.c.i.embedder.EclipseLogger - Using 'UTF-8' encoding to copy filtered resources.
2024-08-07 22:39:14,781 [Worker-165: Building] INFO  o.e.m.c.i.embedder.EclipseLogger - Using 'UTF-8' encoding to copy filtered properties files.
2024-08-07 22:39:14,781 [Worker-165: Building] INFO  o.e.m.c.i.embedder.EclipseLogger - skip non existing resourceDirectory D:\Sunbeam_Cdac\CDAC\FinalProject_J004\Project\Project\spring_boot_backend_security_jwt_template\src\test\resources
2024-08-07 22:39:57,109 [Worker-169: Building] INFO  o.e.m.c.i.embedder.EclipseLogger - Using 'UTF-8' encoding to copy filtered resources.
2024-08-07 22:39:57,109 [Worker-169: Building] INFO  o.e.m.c.i.embedder.EclipseLogger - Using 'UTF-8' encoding to copy filtered properties files.
2024-08-07 22:39:57,109 [Worker-169: Building] INFO  o.e.m.c.i.embedder.EclipseLogger - Copying 1 resource
2024-08-07 22:39:57,124 [Worker-169: Building] INFO  o.e.m.c.i.embedder.EclipseLogger - Copying 0 resource
2024-08-07 22:39:57,124 [Worker-169: Building] INFO  o.e.m.c.i.embedder.EclipseLogger - Using 'UTF-8' encoding to copy filtered resources.
2024-08-07 22:39:57,124 [Worker-169: Building] INFO  o.e.m.c.i.embedder.EclipseLogger - Using 'UTF-8' encoding to copy filtered properties files.
2024-08-07 22:39:57,124 [Worker-169: Building] INFO  o.e.m.c.i.embedder.EclipseLogger - skip non existing resourceDirectory D:\Sunbeam_Cdac\CDAC\FinalProject_J004\Project\Project\spring_boot_backend_security_jwt_template\src\test\resources
2024-08-07 22:40:08,862 [Worker-165: Building] INFO  o.e.m.c.i.embedder.EclipseLogger - Using 'UTF-8' encoding to copy filtered resources.
2024-08-07 22:40:08,862 [Worker-165: Building] INFO  o.e.m.c.i.embedder.EclipseLogger - Using 'UTF-8' encoding to copy filtered properties files.
2024-08-07 22:40:08,862 [Worker-165: Building] INFO  o.e.m.c.i.embedder.EclipseLogger - Copying 1 resource
2024-08-07 22:40:08,862 [Worker-165: Building] INFO  o.e.m.c.i.embedder.EclipseLogger - Copying 0 resource
2024-08-07 22:40:08,862 [Worker-165: Building] INFO  o.e.m.c.i.embedder.EclipseLogger - Using 'UTF-8' encoding to copy filtered resources.
2024-08-07 22:40:08,862 [Worker-165: Building] INFO  o.e.m.c.i.embedder.EclipseLogger - Using 'UTF-8' encoding to copy filtered properties files.
2024-08-07 22:40:08,862 [Worker-165: Building] INFO  o.e.m.c.i.embedder.EclipseLogger - skip non existing resourceDirectory D:\Sunbeam_Cdac\CDAC\FinalProject_J004\Project\Project\spring_boot_backend_security_jwt_template\src\test\resources
2024-08-07 22:40:26,887 [Worker-170: Building] INFO  o.e.m.c.i.embedder.EclipseLogger - Using 'UTF-8' encoding to copy filtered resources.
2024-08-07 22:40:26,887 [Worker-170: Building] INFO  o.e.m.c.i.embedder.EclipseLogger - Using 'UTF-8' encoding to copy filtered properties files.
2024-08-07 22:40:26,887 [Worker-170: Building] INFO  o.e.m.c.i.embedder.EclipseLogger - Copying 1 resource
2024-08-07 22:40:26,902 [Worker-170: Building] INFO  o.e.m.c.i.embedder.EclipseLogger - Copying 0 resource
2024-08-07 22:40:26,902 [Worker-170: Building] INFO  o.e.m.c.i.embedder.EclipseLogger - Using 'UTF-8' encoding to copy filtered resources.
2024-08-07 22:40:26,902 [Worker-170: Building] INFO  o.e.m.c.i.embedder.EclipseLogger - Using 'UTF-8' encoding to copy filtered properties files.
2024-08-07 22:40:26,902 [Worker-170: Building] INFO  o.e.m.c.i.embedder.EclipseLogger - skip non existing resourceDirectory D:\Sunbeam_Cdac\CDAC\FinalProject_J004\Project\Project\spring_boot_backend_security_jwt_template\src\test\resources
2024-08-07 22:40:59,949 [Worker-165: Building] INFO  o.e.m.c.i.embedder.EclipseLogger - Using 'UTF-8' encoding to copy filtered resources.
2024-08-07 22:40:59,949 [Worker-165: Building] INFO  o.e.m.c.i.embedder.EclipseLogger - Using 'UTF-8' encoding to copy filtered properties files.
2024-08-07 22:40:59,949 [Worker-165: Building] INFO  o.e.m.c.i.embedder.EclipseLogger - Copying 1 resource
2024-08-07 22:40:59,949 [Worker-165: Building] INFO  o.e.m.c.i.embedder.EclipseLogger - Copying 0 resource
2024-08-07 22:40:59,964 [Worker-165: Building] INFO  o.e.m.c.i.embedder.EclipseLogger - Using 'UTF-8' encoding to copy filtered resources.
2024-08-07 22:40:59,964 [Worker-165: Building] INFO  o.e.m.c.i.embedder.EclipseLogger - Using 'UTF-8' encoding to copy filtered properties files.
2024-08-07 22:40:59,964 [Worker-165: Building] INFO  o.e.m.c.i.embedder.EclipseLogger - skip non existing resourceDirectory D:\Sunbeam_Cdac\CDAC\FinalProject_J004\Project\Project\spring_boot_backend_security_jwt_template\src\test\resources
2024-08-07 22:42:05,940 [Worker-167: Building] INFO  o.e.m.c.i.embedder.EclipseLogger - Using 'UTF-8' encoding to copy filtered resources.
2024-08-07 22:42:05,940 [Worker-167: Building] INFO  o.e.m.c.i.embedder.EclipseLogger - Using 'UTF-8' encoding to copy filtered properties files.
2024-08-07 22:42:05,940 [Worker-167: Building] INFO  o.e.m.c.i.embedder.EclipseLogger - Copying 1 resource
2024-08-07 22:42:05,956 [Worker-167: Building] INFO  o.e.m.c.i.embedder.EclipseLogger - Copying 0 resource
2024-08-07 22:42:05,956 [Worker-167: Building] INFO  o.e.m.c.i.embedder.EclipseLogger - Using 'UTF-8' encoding to copy filtered resources.
2024-08-07 22:42:05,956 [Worker-167: Building] INFO  o.e.m.c.i.embedder.EclipseLogger - Using 'UTF-8' encoding to copy filtered properties files.
2024-08-07 22:42:05,956 [Worker-167: Building] INFO  o.e.m.c.i.embedder.EclipseLogger - skip non existing resourceDirectory D:\Sunbeam_Cdac\CDAC\FinalProject_J004\Project\Project\spring_boot_backend_security_jwt_template\src\test\resources
2024-08-07 22:42:47,596 [Worker-170: Building] INFO  o.e.m.c.i.embedder.EclipseLogger - Using 'UTF-8' encoding to copy filtered resources.
2024-08-07 22:42:47,596 [Worker-170: Building] INFO  o.e.m.c.i.embedder.EclipseLogger - Using 'UTF-8' encoding to copy filtered properties files.
2024-08-07 22:42:47,596 [Worker-170: Building] INFO  o.e.m.c.i.embedder.EclipseLogger - Copying 1 resource
2024-08-07 22:42:47,596 [Worker-170: Building] INFO  o.e.m.c.i.embedder.EclipseLogger - Copying 0 resource
2024-08-07 22:42:47,596 [Worker-170: Building] INFO  o.e.m.c.i.embedder.EclipseLogger - Using 'UTF-8' encoding to copy filtered resources.
2024-08-07 22:42:47,596 [Worker-170: Building] INFO  o.e.m.c.i.embedder.EclipseLogger - Using 'UTF-8' encoding to copy filtered properties files.
2024-08-07 22:42:47,596 [Worker-170: Building] INFO  o.e.m.c.i.embedder.EclipseLogger - skip non existing resourceDirectory D:\Sunbeam_Cdac\CDAC\FinalProject_J004\Project\Project\spring_boot_backend_security_jwt_template\src\test\resources
2024-08-07 22:43:05,241 [Worker-165: Building] INFO  o.e.m.c.i.embedder.EclipseLogger - Using 'UTF-8' encoding to copy filtered resources.
2024-08-07 22:43:05,241 [Worker-165: Building] INFO  o.e.m.c.i.embedder.EclipseLogger - Using 'UTF-8' encoding to copy filtered properties files.
2024-08-07 22:43:05,241 [Worker-165: Building] INFO  o.e.m.c.i.embedder.EclipseLogger - Copying 1 resource
2024-08-07 22:43:05,257 [Worker-165: Building] INFO  o.e.m.c.i.embedder.EclipseLogger - Copying 0 resource
2024-08-07 22:43:05,257 [Worker-165: Building] INFO  o.e.m.c.i.embedder.EclipseLogger - Using 'UTF-8' encoding to copy filtered resources.
2024-08-07 22:43:05,257 [Worker-165: Building] INFO  o.e.m.c.i.embedder.EclipseLogger - Using 'UTF-8' encoding to copy filtered properties files.
2024-08-07 22:43:05,257 [Worker-165: Building] INFO  o.e.m.c.i.embedder.EclipseLogger - skip non existing resourceDirectory D:\Sunbeam_Cdac\CDAC\FinalProject_J004\Project\Project\spring_boot_backend_security_jwt_template\src\test\resources
2024-08-07 22:43:16,921 [Worker-165: Building] INFO  o.e.m.c.i.embedder.EclipseLogger - Using 'UTF-8' encoding to copy filtered resources.
2024-08-07 22:43:16,921 [Worker-165: Building] INFO  o.e.m.c.i.embedder.EclipseLogger - Using 'UTF-8' encoding to copy filtered properties files.
2024-08-07 22:43:16,921 [Worker-165: Building] INFO  o.e.m.c.i.embedder.EclipseLogger - Copying 1 resource
2024-08-07 22:43:16,921 [Worker-165: Building] INFO  o.e.m.c.i.embedder.EclipseLogger - Copying 0 resource
2024-08-07 22:43:16,921 [Worker-165: Building] INFO  o.e.m.c.i.embedder.EclipseLogger - Using 'UTF-8' encoding to copy filtered resources.
2024-08-07 22:43:16,921 [Worker-165: Building] INFO  o.e.m.c.i.embedder.EclipseLogger - Using 'UTF-8' encoding to copy filtered properties files.
2024-08-07 22:43:16,921 [Worker-165: Building] INFO  o.e.m.c.i.embedder.EclipseLogger - skip non existing resourceDirectory D:\Sunbeam_Cdac\CDAC\FinalProject_J004\Project\Project\spring_boot_backend_security_jwt_template\src\test\resources
2024-08-07 22:43:23,703 [Worker-169: Building] INFO  o.e.m.c.i.embedder.EclipseLogger - Using 'UTF-8' encoding to copy filtered resources.
2024-08-07 22:43:23,703 [Worker-169: Building] INFO  o.e.m.c.i.embedder.EclipseLogger - Using 'UTF-8' encoding to copy filtered properties files.
2024-08-07 22:43:23,703 [Worker-169: Building] INFO  o.e.m.c.i.embedder.EclipseLogger - Copying 1 resource
2024-08-07 22:43:23,703 [Worker-169: Building] INFO  o.e.m.c.i.embedder.EclipseLogger - Copying 0 resource
2024-08-07 22:43:23,703 [Worker-169: Building] INFO  o.e.m.c.i.embedder.EclipseLogger - Using 'UTF-8' encoding to copy filtered resources.
2024-08-07 22:43:23,703 [Worker-169: Building] INFO  o.e.m.c.i.embedder.EclipseLogger - Using 'UTF-8' encoding to copy filtered properties files.
2024-08-07 22:43:23,703 [Worker-169: Building] INFO  o.e.m.c.i.embedder.EclipseLogger - skip non existing resourceDirectory D:\Sunbeam_Cdac\CDAC\FinalProject_J004\Project\Project\spring_boot_backend_security_jwt_template\src\test\resources
2024-08-07 22:43:25,283 [Worker-165: Building] INFO  o.e.m.c.i.embedder.EclipseLogger - Using 'UTF-8' encoding to copy filtered resources.
2024-08-07 22:43:25,283 [Worker-165: Building] INFO  o.e.m.c.i.embedder.EclipseLogger - Using 'UTF-8' encoding to copy filtered properties files.
2024-08-07 22:43:25,283 [Worker-165: Building] INFO  o.e.m.c.i.embedder.EclipseLogger - Copying 1 resource
2024-08-07 22:43:25,283 [Worker-165: Building] INFO  o.e.m.c.i.embedder.EclipseLogger - Copying 0 resource
2024-08-07 22:43:25,283 [Worker-165: Building] INFO  o.e.m.c.i.embedder.EclipseLogger - Using 'UTF-8' encoding to copy filtered resources.
2024-08-07 22:43:25,283 [Worker-165: Building] INFO  o.e.m.c.i.embedder.EclipseLogger - Using 'UTF-8' encoding to copy filtered properties files.
2024-08-07 22:43:25,283 [Worker-165: Building] INFO  o.e.m.c.i.embedder.EclipseLogger - skip non existing resourceDirectory D:\Sunbeam_Cdac\CDAC\FinalProject_J004\Project\Project\spring_boot_backend_security_jwt_template\src\test\resources
2024-08-07 22:43:30,425 [Worker-167: Building] INFO  o.e.m.c.i.embedder.EclipseLogger - Using 'UTF-8' encoding to copy filtered resources.
2024-08-07 22:43:30,425 [Worker-167: Building] INFO  o.e.m.c.i.embedder.EclipseLogger - Using 'UTF-8' encoding to copy filtered properties files.
2024-08-07 22:43:30,425 [Worker-167: Building] INFO  o.e.m.c.i.embedder.EclipseLogger - Copying 1 resource
2024-08-07 22:43:30,425 [Worker-167: Building] INFO  o.e.m.c.i.embedder.EclipseLogger - Copying 0 resource
2024-08-07 22:43:30,425 [Worker-167: Building] INFO  o.e.m.c.i.embedder.EclipseLogger - Using 'UTF-8' encoding to copy filtered resources.
2024-08-07 22:43:30,425 [Worker-167: Building] INFO  o.e.m.c.i.embedder.EclipseLogger - Using 'UTF-8' encoding to copy filtered properties files.
2024-08-07 22:43:30,425 [Worker-167: Building] INFO  o.e.m.c.i.embedder.EclipseLogger - skip non existing resourceDirectory D:\Sunbeam_Cdac\CDAC\FinalProject_J004\Project\Project\spring_boot_backend_security_jwt_template\src\test\resources
2024-08-07 22:43:36,761 [Worker-169: Building] INFO  o.e.m.c.i.embedder.EclipseLogger - Using 'UTF-8' encoding to copy filtered resources.
2024-08-07 22:43:36,761 [Worker-169: Building] INFO  o.e.m.c.i.embedder.EclipseLogger - Using 'UTF-8' encoding to copy filtered properties files.
2024-08-07 22:43:36,761 [Worker-169: Building] INFO  o.e.m.c.i.embedder.EclipseLogger - Copying 1 resource
2024-08-07 22:43:36,761 [Worker-169: Building] INFO  o.e.m.c.i.embedder.EclipseLogger - Copying 0 resource
2024-08-07 22:43:36,761 [Worker-169: Building] INFO  o.e.m.c.i.embedder.EclipseLogger - Using 'UTF-8' encoding to copy filtered resources.
2024-08-07 22:43:36,761 [Worker-169: Building] INFO  o.e.m.c.i.embedder.EclipseLogger - Using 'UTF-8' encoding to copy filtered properties files.
2024-08-07 22:43:36,761 [Worker-169: Building] INFO  o.e.m.c.i.embedder.EclipseLogger - skip non existing resourceDirectory D:\Sunbeam_Cdac\CDAC\FinalProject_J004\Project\Project\spring_boot_backend_security_jwt_template\src\test\resources
2024-08-07 22:43:44,347 [Worker-170: Building] INFO  o.e.m.c.i.embedder.EclipseLogger - Using 'UTF-8' encoding to copy filtered resources.
2024-08-07 22:43:44,347 [Worker-170: Building] INFO  o.e.m.c.i.embedder.EclipseLogger - Using 'UTF-8' encoding to copy filtered properties files.
2024-08-07 22:43:44,347 [Worker-170: Building] INFO  o.e.m.c.i.embedder.EclipseLogger - Copying 1 resource
2024-08-07 22:43:44,363 [Worker-170: Building] INFO  o.e.m.c.i.embedder.EclipseLogger - Copying 0 resource
2024-08-07 22:43:44,363 [Worker-170: Building] INFO  o.e.m.c.i.embedder.EclipseLogger - Using 'UTF-8' encoding to copy filtered resources.
2024-08-07 22:43:44,363 [Worker-170: Building] INFO  o.e.m.c.i.embedder.EclipseLogger - Using 'UTF-8' encoding to copy filtered properties files.
2024-08-07 22:43:44,363 [Worker-170: Building] INFO  o.e.m.c.i.embedder.EclipseLogger - skip non existing resourceDirectory D:\Sunbeam_Cdac\CDAC\FinalProject_J004\Project\Project\spring_boot_backend_security_jwt_template\src\test\resources
2024-08-07 22:43:59,192 [Worker-167: Building] INFO  o.e.m.c.i.embedder.EclipseLogger - Using 'UTF-8' encoding to copy filtered resources.
2024-08-07 22:43:59,192 [Worker-167: Building] INFO  o.e.m.c.i.embedder.EclipseLogger - Using 'UTF-8' encoding to copy filtered properties files.
2024-08-07 22:43:59,192 [Worker-167: Building] INFO  o.e.m.c.i.embedder.EclipseLogger - Copying 1 resource
2024-08-07 22:43:59,208 [Worker-167: Building] INFO  o.e.m.c.i.embedder.EclipseLogger - Copying 0 resource
2024-08-07 22:43:59,208 [Worker-167: Building] INFO  o.e.m.c.i.embedder.EclipseLogger - Using 'UTF-8' encoding to copy filtered resources.
2024-08-07 22:43:59,208 [Worker-167: Building] INFO  o.e.m.c.i.embedder.EclipseLogger - Using 'UTF-8' encoding to copy filtered properties files.
2024-08-07 22:43:59,208 [Worker-167: Building] INFO  o.e.m.c.i.embedder.EclipseLogger - skip non existing resourceDirectory D:\Sunbeam_Cdac\CDAC\FinalProject_J004\Project\Project\spring_boot_backend_security_jwt_template\src\test\resources
2024-08-07 22:44:09,325 [Worker-170: Building] INFO  o.e.m.c.i.embedder.EclipseLogger - Using 'UTF-8' encoding to copy filtered resources.
2024-08-07 22:44:09,325 [Worker-170: Building] INFO  o.e.m.c.i.embedder.EclipseLogger - Using 'UTF-8' encoding to copy filtered properties files.
2024-08-07 22:44:09,325 [Worker-170: Building] INFO  o.e.m.c.i.embedder.EclipseLogger - Copying 1 resource
2024-08-07 22:44:09,340 [Worker-170: Building] INFO  o.e.m.c.i.embedder.EclipseLogger - Copying 0 resource
2024-08-07 22:44:09,340 [Worker-170: Building] INFO  o.e.m.c.i.embedder.EclipseLogger - Using 'UTF-8' encoding to copy filtered resources.
2024-08-07 22:44:09,340 [Worker-170: Building] INFO  o.e.m.c.i.embedder.EclipseLogger - Using 'UTF-8' encoding to copy filtered properties files.
2024-08-07 22:44:09,340 [Worker-170: Building] INFO  o.e.m.c.i.embedder.EclipseLogger - skip non existing resourceDirectory D:\Sunbeam_Cdac\CDAC\FinalProject_J004\Project\Project\spring_boot_backend_security_jwt_template\src\test\resources
2024-08-07 22:44:47,885 [Worker-167: Building] INFO  o.e.m.c.i.embedder.EclipseLogger - Using 'UTF-8' encoding to copy filtered resources.
2024-08-07 22:44:47,885 [Worker-167: Building] INFO  o.e.m.c.i.embedder.EclipseLogger - Using 'UTF-8' encoding to copy filtered properties files.
2024-08-07 22:44:47,885 [Worker-167: Building] INFO  o.e.m.c.i.embedder.EclipseLogger - Copying 1 resource
2024-08-07 22:44:47,901 [Worker-167: Building] INFO  o.e.m.c.i.embedder.EclipseLogger - Copying 0 resource
2024-08-07 22:44:47,901 [Worker-167: Building] INFO  o.e.m.c.i.embedder.EclipseLogger - Using 'UTF-8' encoding to copy filtered resources.
2024-08-07 22:44:47,901 [Worker-167: Building] INFO  o.e.m.c.i.embedder.EclipseLogger - Using 'UTF-8' encoding to copy filtered properties files.
2024-08-07 22:44:47,901 [Worker-167: Building] INFO  o.e.m.c.i.embedder.EclipseLogger - skip non existing resourceDirectory D:\Sunbeam_Cdac\CDAC\FinalProject_J004\Project\Project\spring_boot_backend_security_jwt_template\src\test\resources
2024-08-07 22:46:44,033 [Worker-165: Building] INFO  o.e.m.c.i.embedder.EclipseLogger - Using 'UTF-8' encoding to copy filtered resources.
2024-08-07 22:46:44,033 [Worker-165: Building] INFO  o.e.m.c.i.embedder.EclipseLogger - Using 'UTF-8' encoding to copy filtered properties files.
2024-08-07 22:46:44,033 [Worker-165: Building] INFO  o.e.m.c.i.embedder.EclipseLogger - Copying 1 resource
2024-08-07 22:46:44,048 [Worker-165: Building] INFO  o.e.m.c.i.embedder.EclipseLogger - Copying 0 resource
2024-08-07 22:46:44,048 [Worker-165: Building] INFO  o.e.m.c.i.embedder.EclipseLogger - Using 'UTF-8' encoding to copy filtered resources.
2024-08-07 22:46:44,048 [Worker-165: Building] INFO  o.e.m.c.i.embedder.EclipseLogger - Using 'UTF-8' encoding to copy filtered properties files.
2024-08-07 22:46:44,048 [Worker-165: Building] INFO  o.e.m.c.i.embedder.EclipseLogger - skip non existing resourceDirectory D:\Sunbeam_Cdac\CDAC\FinalProject_J004\Project\Project\spring_boot_backend_security_jwt_template\src\test\resources
2024-08-07 22:46:50,237 [Worker-170: Building] INFO  o.e.m.c.i.embedder.EclipseLogger - Using 'UTF-8' encoding to copy filtered resources.
2024-08-07 22:46:50,237 [Worker-170: Building] INFO  o.e.m.c.i.embedder.EclipseLogger - Using 'UTF-8' encoding to copy filtered properties files.
2024-08-07 22:46:50,237 [Worker-170: Building] INFO  o.e.m.c.i.embedder.EclipseLogger - Copying 1 resource
2024-08-07 22:46:50,237 [Worker-170: Building] INFO  o.e.m.c.i.embedder.EclipseLogger - Copying 0 resource
2024-08-07 22:46:50,237 [Worker-170: Building] INFO  o.e.m.c.i.embedder.EclipseLogger - Using 'UTF-8' encoding to copy filtered resources.
2024-08-07 22:46:50,237 [Worker-170: Building] INFO  o.e.m.c.i.embedder.EclipseLogger - Using 'UTF-8' encoding to copy filtered properties files.
2024-08-07 22:46:50,237 [Worker-170: Building] INFO  o.e.m.c.i.embedder.EclipseLogger - skip non existing resourceDirectory D:\Sunbeam_Cdac\CDAC\FinalProject_J004\Project\Project\spring_boot_backend_security_jwt_template\src\test\resources
2024-08-07 22:47:03,651 [Worker-171: Building] INFO  o.e.m.c.i.embedder.EclipseLogger - Using 'UTF-8' encoding to copy filtered resources.
2024-08-07 22:47:03,651 [Worker-171: Building] INFO  o.e.m.c.i.embedder.EclipseLogger - Using 'UTF-8' encoding to copy filtered properties files.
2024-08-07 22:47:03,651 [Worker-171: Building] INFO  o.e.m.c.i.embedder.EclipseLogger - Copying 1 resource
2024-08-07 22:47:03,651 [Worker-171: Building] INFO  o.e.m.c.i.embedder.EclipseLogger - Copying 0 resource
2024-08-07 22:47:03,651 [Worker-171: Building] INFO  o.e.m.c.i.embedder.EclipseLogger - Using 'UTF-8' encoding to copy filtered resources.
2024-08-07 22:47:03,651 [Worker-171: Building] INFO  o.e.m.c.i.embedder.EclipseLogger - Using 'UTF-8' encoding to copy filtered properties files.
2024-08-07 22:47:03,651 [Worker-171: Building] INFO  o.e.m.c.i.embedder.EclipseLogger - skip non existing resourceDirectory D:\Sunbeam_Cdac\CDAC\FinalProject_J004\Project\Project\spring_boot_backend_security_jwt_template\src\test\resources
2024-08-07 22:47:16,021 [Worker-170: Building] INFO  o.e.m.c.i.embedder.EclipseLogger - Using 'UTF-8' encoding to copy filtered resources.
2024-08-07 22:47:16,021 [Worker-170: Building] INFO  o.e.m.c.i.embedder.EclipseLogger - Using 'UTF-8' encoding to copy filtered properties files.
2024-08-07 22:47:16,021 [Worker-170: Building] INFO  o.e.m.c.i.embedder.EclipseLogger - Copying 1 resource
2024-08-07 22:47:16,021 [Worker-170: Building] INFO  o.e.m.c.i.embedder.EclipseLogger - Copying 0 resource
2024-08-07 22:47:16,021 [Worker-170: Building] INFO  o.e.m.c.i.embedder.EclipseLogger - Using 'UTF-8' encoding to copy filtered resources.
2024-08-07 22:47:16,021 [Worker-170: Building] INFO  o.e.m.c.i.embedder.EclipseLogger - Using 'UTF-8' encoding to copy filtered properties files.
2024-08-07 22:47:16,021 [Worker-170: Building] INFO  o.e.m.c.i.embedder.EclipseLogger - skip non existing resourceDirectory D:\Sunbeam_Cdac\CDAC\FinalProject_J004\Project\Project\spring_boot_backend_security_jwt_template\src\test\resources
2024-08-07 22:47:46,911 [Worker-170: Building] INFO  o.e.m.c.i.embedder.EclipseLogger - Using 'UTF-8' encoding to copy filtered resources.
2024-08-07 22:47:46,911 [Worker-170: Building] INFO  o.e.m.c.i.embedder.EclipseLogger - Using 'UTF-8' encoding to copy filtered properties files.
2024-08-07 22:47:46,911 [Worker-170: Building] INFO  o.e.m.c.i.embedder.EclipseLogger - Copying 1 resource
2024-08-07 22:47:46,911 [Worker-170: Building] INFO  o.e.m.c.i.embedder.EclipseLogger - Copying 0 resource
2024-08-07 22:47:46,911 [Worker-170: Building] INFO  o.e.m.c.i.embedder.EclipseLogger - Using 'UTF-8' encoding to copy filtered resources.
2024-08-07 22:47:46,911 [Worker-170: Building] INFO  o.e.m.c.i.embedder.EclipseLogger - Using 'UTF-8' encoding to copy filtered properties files.
2024-08-07 22:47:46,911 [Worker-170: Building] INFO  o.e.m.c.i.embedder.EclipseLogger - skip non existing resourceDirectory D:\Sunbeam_Cdac\CDAC\FinalProject_J004\Project\Project\spring_boot_backend_security_jwt_template\src\test\resources
2024-08-07 22:47:59,417 [Worker-165: Building] INFO  o.e.m.c.i.embedder.EclipseLogger - Using 'UTF-8' encoding to copy filtered resources.
2024-08-07 22:47:59,417 [Worker-165: Building] INFO  o.e.m.c.i.embedder.EclipseLogger - Using 'UTF-8' encoding to copy filtered properties files.
2024-08-07 22:47:59,417 [Worker-165: Building] INFO  o.e.m.c.i.embedder.EclipseLogger - Copying 1 resource
2024-08-07 22:47:59,417 [Worker-165: Building] INFO  o.e.m.c.i.embedder.EclipseLogger - Copying 0 resource
2024-08-07 22:47:59,433 [Worker-165: Building] INFO  o.e.m.c.i.embedder.EclipseLogger - Using 'UTF-8' encoding to copy filtered resources.
2024-08-07 22:47:59,433 [Worker-165: Building] INFO  o.e.m.c.i.embedder.EclipseLogger - Using 'UTF-8' encoding to copy filtered properties files.
2024-08-07 22:47:59,433 [Worker-165: Building] INFO  o.e.m.c.i.embedder.EclipseLogger - skip non existing resourceDirectory D:\Sunbeam_Cdac\CDAC\FinalProject_J004\Project\Project\spring_boot_backend_security_jwt_template\src\test\resources
2024-08-07 22:48:28,202 [Worker-165: Building] INFO  o.e.m.c.i.embedder.EclipseLogger - Using 'UTF-8' encoding to copy filtered resources.
2024-08-07 22:48:28,202 [Worker-165: Building] INFO  o.e.m.c.i.embedder.EclipseLogger - Using 'UTF-8' encoding to copy filtered properties files.
2024-08-07 22:48:28,202 [Worker-165: Building] INFO  o.e.m.c.i.embedder.EclipseLogger - Copying 1 resource
2024-08-07 22:48:28,218 [Worker-165: Building] INFO  o.e.m.c.i.embedder.EclipseLogger - Copying 0 resource
2024-08-07 22:48:28,218 [Worker-165: Building] INFO  o.e.m.c.i.embedder.EclipseLogger - Using 'UTF-8' encoding to copy filtered resources.
2024-08-07 22:48:28,218 [Worker-165: Building] INFO  o.e.m.c.i.embedder.EclipseLogger - Using 'UTF-8' encoding to copy filtered properties files.
2024-08-07 22:48:28,218 [Worker-165: Building] INFO  o.e.m.c.i.embedder.EclipseLogger - skip non existing resourceDirectory D:\Sunbeam_Cdac\CDAC\FinalProject_J004\Project\Project\spring_boot_backend_security_jwt_template\src\test\resources
2024-08-07 22:48:49,302 [Worker-167: Building] INFO  o.e.m.c.i.embedder.EclipseLogger - Using 'UTF-8' encoding to copy filtered resources.
2024-08-07 22:48:49,302 [Worker-167: Building] INFO  o.e.m.c.i.embedder.EclipseLogger - Using 'UTF-8' encoding to copy filtered properties files.
2024-08-07 22:48:49,302 [Worker-167: Building] INFO  o.e.m.c.i.embedder.EclipseLogger - Copying 1 resource
2024-08-07 22:48:49,302 [Worker-167: Building] INFO  o.e.m.c.i.embedder.EclipseLogger - Copying 0 resource
2024-08-07 22:48:49,302 [Worker-167: Building] INFO  o.e.m.c.i.embedder.EclipseLogger - Using 'UTF-8' encoding to copy filtered resources.
2024-08-07 22:48:49,302 [Worker-167: Building] INFO  o.e.m.c.i.embedder.EclipseLogger - Using 'UTF-8' encoding to copy filtered properties files.
2024-08-07 22:48:49,302 [Worker-167: Building] INFO  o.e.m.c.i.embedder.EclipseLogger - skip non existing resourceDirectory D:\Sunbeam_Cdac\CDAC\FinalProject_J004\Project\Project\spring_boot_backend_security_jwt_template\src\test\resources
2024-08-07 22:49:06,814 [Worker-170: Building] INFO  o.e.m.c.i.embedder.EclipseLogger - Using 'UTF-8' encoding to copy filtered resources.
2024-08-07 22:49:06,814 [Worker-170: Building] INFO  o.e.m.c.i.embedder.EclipseLogger - Using 'UTF-8' encoding to copy filtered properties files.
2024-08-07 22:49:06,814 [Worker-170: Building] INFO  o.e.m.c.i.embedder.EclipseLogger - Copying 1 resource
2024-08-07 22:49:06,829 [Worker-170: Building] INFO  o.e.m.c.i.embedder.EclipseLogger - Copying 0 resource
2024-08-07 22:49:06,829 [Worker-170: Building] INFO  o.e.m.c.i.embedder.EclipseLogger - Using 'UTF-8' encoding to copy filtered resources.
2024-08-07 22:49:06,829 [Worker-170: Building] INFO  o.e.m.c.i.embedder.EclipseLogger - Using 'UTF-8' encoding to copy filtered properties files.
2024-08-07 22:49:06,829 [Worker-170: Building] INFO  o.e.m.c.i.embedder.EclipseLogger - skip non existing resourceDirectory D:\Sunbeam_Cdac\CDAC\FinalProject_J004\Project\Project\spring_boot_backend_security_jwt_template\src\test\resources
2024-08-07 22:50:36,810 [Worker-171: Building] INFO  o.e.m.c.i.embedder.EclipseLogger - Using 'UTF-8' encoding to copy filtered resources.
2024-08-07 22:50:36,810 [Worker-171: Building] INFO  o.e.m.c.i.embedder.EclipseLogger - Using 'UTF-8' encoding to copy filtered properties files.
2024-08-07 22:50:36,810 [Worker-171: Building] INFO  o.e.m.c.i.embedder.EclipseLogger - Copying 1 resource
2024-08-07 22:50:36,841 [Worker-171: Building] INFO  o.e.m.c.i.embedder.EclipseLogger - Copying 0 resource
2024-08-07 22:50:36,841 [Worker-171: Building] INFO  o.e.m.c.i.embedder.EclipseLogger - Using 'UTF-8' encoding to copy filtered resources.
2024-08-07 22:50:36,841 [Worker-171: Building] INFO  o.e.m.c.i.embedder.EclipseLogger - Using 'UTF-8' encoding to copy filtered properties files.
2024-08-07 22:50:36,841 [Worker-171: Building] INFO  o.e.m.c.i.embedder.EclipseLogger - skip non existing resourceDirectory D:\Sunbeam_Cdac\CDAC\FinalProject_J004\Project\Project\spring_boot_backend_security_jwt_template\src\test\resources
2024-08-07 22:54:17,952 [Worker-167: Building] INFO  o.e.m.c.i.embedder.EclipseLogger - Using 'UTF-8' encoding to copy filtered resources.
2024-08-07 22:54:17,952 [Worker-167: Building] INFO  o.e.m.c.i.embedder.EclipseLogger - Using 'UTF-8' encoding to copy filtered properties files.
2024-08-07 22:54:17,952 [Worker-167: Building] INFO  o.e.m.c.i.embedder.EclipseLogger - Copying 1 resource
2024-08-07 22:54:17,968 [Worker-167: Building] INFO  o.e.m.c.i.embedder.EclipseLogger - Copying 0 resource
2024-08-07 22:54:17,968 [Worker-167: Building] INFO  o.e.m.c.i.embedder.EclipseLogger - Using 'UTF-8' encoding to copy filtered resources.
2024-08-07 22:54:17,968 [Worker-167: Building] INFO  o.e.m.c.i.embedder.EclipseLogger - Using 'UTF-8' encoding to copy filtered properties files.
2024-08-07 22:54:17,968 [Worker-167: Building] INFO  o.e.m.c.i.embedder.EclipseLogger - skip non existing resourceDirectory D:\Sunbeam_Cdac\CDAC\FinalProject_J004\Project\Project\spring_boot_backend_security_jwt_template\src\test\resources
2024-08-07 22:54:59,225 [Worker-167: Building] INFO  o.e.m.c.i.embedder.EclipseLogger - Using 'UTF-8' encoding to copy filtered resources.
2024-08-07 22:54:59,225 [Worker-167: Building] INFO  o.e.m.c.i.embedder.EclipseLogger - Using 'UTF-8' encoding to copy filtered properties files.
2024-08-07 22:54:59,225 [Worker-167: Building] INFO  o.e.m.c.i.embedder.EclipseLogger - Copying 1 resource
2024-08-07 22:54:59,225 [Worker-167: Building] INFO  o.e.m.c.i.embedder.EclipseLogger - Copying 0 resource
2024-08-07 22:54:59,225 [Worker-167: Building] INFO  o.e.m.c.i.embedder.EclipseLogger - Using 'UTF-8' encoding to copy filtered resources.
2024-08-07 22:54:59,225 [Worker-167: Building] INFO  o.e.m.c.i.embedder.EclipseLogger - Using 'UTF-8' encoding to copy filtered properties files.
2024-08-07 22:54:59,225 [Worker-167: Building] INFO  o.e.m.c.i.embedder.EclipseLogger - skip non existing resourceDirectory D:\Sunbeam_Cdac\CDAC\FinalProject_J004\Project\Project\spring_boot_backend_security_jwt_template\src\test\resources
2024-08-07 22:55:27,281 [Worker-173: Building] INFO  o.e.m.c.i.embedder.EclipseLogger - Using 'UTF-8' encoding to copy filtered resources.
2024-08-07 22:55:27,281 [Worker-173: Building] INFO  o.e.m.c.i.embedder.EclipseLogger - Using 'UTF-8' encoding to copy filtered properties files.
2024-08-07 22:55:27,297 [Worker-173: Building] INFO  o.e.m.c.i.embedder.EclipseLogger - Copying 1 resource
2024-08-07 22:55:27,297 [Worker-173: Building] INFO  o.e.m.c.i.embedder.EclipseLogger - Copying 0 resource
2024-08-07 22:55:27,297 [Worker-173: Building] INFO  o.e.m.c.i.embedder.EclipseLogger - Using 'UTF-8' encoding to copy filtered resources.
2024-08-07 22:55:27,297 [Worker-173: Building] INFO  o.e.m.c.i.embedder.EclipseLogger - Using 'UTF-8' encoding to copy filtered properties files.
2024-08-07 22:55:27,297 [Worker-173: Building] INFO  o.e.m.c.i.embedder.EclipseLogger - skip non existing resourceDirectory D:\Sunbeam_Cdac\CDAC\FinalProject_J004\Project\Project\spring_boot_backend_security_jwt_template\src\test\resources
2024-08-07 22:56:03,090 [Worker-167: Building] INFO  o.e.m.c.i.embedder.EclipseLogger - Using 'UTF-8' encoding to copy filtered resources.
2024-08-07 22:56:03,090 [Worker-167: Building] INFO  o.e.m.c.i.embedder.EclipseLogger - Using 'UTF-8' encoding to copy filtered properties files.
2024-08-07 22:56:03,090 [Worker-167: Building] INFO  o.e.m.c.i.embedder.EclipseLogger - Copying 1 resource
2024-08-07 22:56:03,105 [Worker-167: Building] INFO  o.e.m.c.i.embedder.EclipseLogger - Copying 0 resource
2024-08-07 22:56:03,105 [Worker-167: Building] INFO  o.e.m.c.i.embedder.EclipseLogger - Using 'UTF-8' encoding to copy filtered resources.
2024-08-07 22:56:03,105 [Worker-167: Building] INFO  o.e.m.c.i.embedder.EclipseLogger - Using 'UTF-8' encoding to copy filtered properties files.
2024-08-07 22:56:03,105 [Worker-167: Building] INFO  o.e.m.c.i.embedder.EclipseLogger - skip non existing resourceDirectory D:\Sunbeam_Cdac\CDAC\FinalProject_J004\Project\Project\spring_boot_backend_security_jwt_template\src\test\resources
2024-08-07 22:56:53,649 [Worker-174: Building] INFO  o.e.m.c.i.embedder.EclipseLogger - Using 'UTF-8' encoding to copy filtered resources.
2024-08-07 22:56:53,649 [Worker-174: Building] INFO  o.e.m.c.i.embedder.EclipseLogger - Using 'UTF-8' encoding to copy filtered properties files.
2024-08-07 22:56:53,649 [Worker-174: Building] INFO  o.e.m.c.i.embedder.EclipseLogger - Copying 1 resource
2024-08-07 22:56:53,649 [Worker-174: Building] INFO  o.e.m.c.i.embedder.EclipseLogger - Copying 0 resource
2024-08-07 22:56:53,665 [Worker-174: Building] INFO  o.e.m.c.i.embedder.EclipseLogger - Using 'UTF-8' encoding to copy filtered resources.
2024-08-07 22:56:53,665 [Worker-174: Building] INFO  o.e.m.c.i.embedder.EclipseLogger - Using 'UTF-8' encoding to copy filtered properties files.
2024-08-07 22:56:53,665 [Worker-174: Building] INFO  o.e.m.c.i.embedder.EclipseLogger - skip non existing resourceDirectory D:\Sunbeam_Cdac\CDAC\FinalProject_J004\Project\Project\spring_boot_backend_security_jwt_template\src\test\resources
2024-08-07 22:57:07,708 [Worker-174: Updating Maven Project] INFO  o.e.m.c.i.p.ProjectConfigurationManager - Update started
2024-08-07 22:57:08,130 [Worker-174: Updating Maven Project] INFO  o.e.m.c.i.l.LifecycleMappingFactory - Using org.eclipse.m2e.jdt.JarLifecycleMapping lifecycle mapping for MavenProject: com.example:spring_boot_backend_security_jwt_template:0.0.1 @ D:\Sunbeam_Cdac\CDAC\FinalProject_J004\Project\Project\spring_boot_backend_security_jwt_template\pom.xml.
2024-08-07 22:57:08,991 [Worker-174: Updating Maven Project] INFO  o.e.m.j.i.AbstractJavaProjectConfigurator - Adding source folder /spring_boot_backend_security_jwt_template/src/main/java
2024-08-07 22:57:08,991 [Worker-174: Updating Maven Project] INFO  o.e.m.j.i.AbstractJavaProjectConfigurator - Adding resource folder /spring_boot_backend_security_jwt_template/src/main/resources
2024-08-07 22:57:08,991 [Worker-174: Updating Maven Project] INFO  o.e.m.j.i.AbstractJavaProjectConfigurator - Adding resource folder /spring_boot_backend_security_jwt_template/src/main/resources
2024-08-07 22:57:08,991 [Worker-174: Updating Maven Project] INFO  o.e.m.j.i.AbstractJavaProjectConfigurator - Adding source folder /spring_boot_backend_security_jwt_template/src/test/java
2024-08-07 22:57:09,209 [Worker-174: Updating Maven Project] INFO  o.e.m.c.i.p.ProjectConfigurationManager - Update completed: 1 sec
2024-08-07 22:57:10,346 [Worker-167: Building] INFO  o.e.m.c.i.embedder.EclipseLogger - Using 'UTF-8' encoding to copy filtered resources.
2024-08-07 22:57:10,346 [Worker-167: Building] INFO  o.e.m.c.i.embedder.EclipseLogger - Using 'UTF-8' encoding to copy filtered properties files.
2024-08-07 22:57:10,346 [Worker-167: Building] INFO  o.e.m.c.i.embedder.EclipseLogger - Copying 1 resource
2024-08-07 22:57:10,362 [Worker-167: Building] INFO  o.e.m.c.i.embedder.EclipseLogger - Copying 0 resource
2024-08-07 22:57:10,362 [Worker-167: Building] INFO  o.e.m.c.i.embedder.EclipseLogger - Using 'UTF-8' encoding to copy filtered resources.
2024-08-07 22:57:10,362 [Worker-167: Building] INFO  o.e.m.c.i.embedder.EclipseLogger - Using 'UTF-8' encoding to copy filtered properties files.
2024-08-07 22:57:10,362 [Worker-167: Building] INFO  o.e.m.c.i.embedder.EclipseLogger - skip non existing resourceDirectory D:\Sunbeam_Cdac\CDAC\FinalProject_J004\Project\Project\spring_boot_backend_security_jwt_template\src\test\resources
2024-08-07 22:59:39,190 [Worker-174: Updating Maven Project] INFO  o.e.m.c.i.p.ProjectConfigurationManager - Update started
2024-08-07 22:59:42,013 [Worker-174: Updating Maven Project] INFO  o.e.m.c.i.l.LifecycleMappingFactory - Using org.eclipse.m2e.jdt.JarLifecycleMapping lifecycle mapping for MavenProject: com.example:spring_boot_backend_security_jwt_template:0.0.1 @ D:\Sunbeam_Cdac\CDAC\FinalProject_J004\Project\Project\spring_boot_backend_security_jwt_template\pom.xml.
2024-08-07 22:59:42,544 [Worker-174: Updating Maven Project] INFO  o.e.m.j.i.AbstractJavaProjectConfigurator - Adding source folder /spring_boot_backend_security_jwt_template/src/main/java
2024-08-07 22:59:42,544 [Worker-174: Updating Maven Project] INFO  o.e.m.j.i.AbstractJavaProjectConfigurator - Adding resource folder /spring_boot_backend_security_jwt_template/src/main/resources
2024-08-07 22:59:42,544 [Worker-174: Updating Maven Project] INFO  o.e.m.j.i.AbstractJavaProjectConfigurator - Adding resource folder /spring_boot_backend_security_jwt_template/src/main/resources
2024-08-07 22:59:42,544 [Worker-174: Updating Maven Project] INFO  o.e.m.j.i.AbstractJavaProjectConfigurator - Adding source folder /spring_boot_backend_security_jwt_template/src/test/java
2024-08-07 22:59:42,684 [Worker-174: Updating Maven Project] INFO  o.e.m.c.i.p.ProjectConfigurationManager - Update completed: 3 sec
2024-08-07 22:59:43,465 [Worker-173: Building] INFO  o.e.m.c.i.embedder.EclipseLogger - Using 'UTF-8' encoding to copy filtered resources.
2024-08-07 22:59:43,465 [Worker-173: Building] INFO  o.e.m.c.i.embedder.EclipseLogger - Using 'UTF-8' encoding to copy filtered properties files.
2024-08-07 22:59:43,465 [Worker-173: Building] INFO  o.e.m.c.i.embedder.EclipseLogger - Copying 1 resource
2024-08-07 22:59:43,481 [Worker-173: Building] INFO  o.e.m.c.i.embedder.EclipseLogger - Copying 0 resource
2024-08-07 22:59:43,481 [Worker-173: Building] INFO  o.e.m.c.i.embedder.EclipseLogger - Using 'UTF-8' encoding to copy filtered resources.
2024-08-07 22:59:43,481 [Worker-173: Building] INFO  o.e.m.c.i.embedder.EclipseLogger - Using 'UTF-8' encoding to copy filtered properties files.
2024-08-07 22:59:43,481 [Worker-173: Building] INFO  o.e.m.c.i.embedder.EclipseLogger - skip non existing resourceDirectory D:\Sunbeam_Cdac\CDAC\FinalProject_J004\Project\Project\spring_boot_backend_security_jwt_template\src\test\resources
2024-08-07 23:01:34,099 [Worker-167: Building] INFO  o.e.m.c.i.l.LifecycleMappingFactory - Using org.eclipse.m2e.jdt.JarLifecycleMapping lifecycle mapping for MavenProject: com.example:spring_boot_backend_security_jwt_template:0.0.1 @ D:\Sunbeam_Cdac\CDAC\FinalProject_J004\Project\Project\spring_boot_backend_security_jwt_template\pom.xml.
2024-08-07 23:01:34,567 [Worker-167: Building] INFO  o.e.m.c.i.embedder.EclipseLogger - Using 'UTF-8' encoding to copy filtered resources.
2024-08-07 23:01:34,567 [Worker-167: Building] INFO  o.e.m.c.i.embedder.EclipseLogger - Using 'UTF-8' encoding to copy filtered properties files.
2024-08-07 23:01:34,567 [Worker-167: Building] INFO  o.e.m.c.i.embedder.EclipseLogger - Copying 0 resource
2024-08-07 23:01:34,567 [Worker-167: Building] INFO  o.e.m.c.i.embedder.EclipseLogger - Copying 0 resource
2024-08-07 23:01:34,567 [Worker-167: Building] INFO  o.e.m.c.i.embedder.EclipseLogger - Using 'UTF-8' encoding to copy filtered resources.
2024-08-07 23:01:34,567 [Worker-167: Building] INFO  o.e.m.c.i.embedder.EclipseLogger - Using 'UTF-8' encoding to copy filtered properties files.
2024-08-07 23:01:34,567 [Worker-167: Building] INFO  o.e.m.c.i.embedder.EclipseLogger - skip non existing resourceDirectory D:\Sunbeam_Cdac\CDAC\FinalProject_J004\Project\Project\spring_boot_backend_security_jwt_template\src\test\resources
2024-08-07 23:01:36,506 [Worker-174: Building] INFO  o.e.m.c.i.embedder.EclipseLogger - Using 'UTF-8' encoding to copy filtered resources.
2024-08-07 23:01:36,506 [Worker-174: Building] INFO  o.e.m.c.i.embedder.EclipseLogger - Using 'UTF-8' encoding to copy filtered properties files.
2024-08-07 23:01:36,506 [Worker-174: Building] INFO  o.e.m.c.i.embedder.EclipseLogger - Copying 1 resource
2024-08-07 23:01:36,521 [Worker-174: Building] INFO  o.e.m.c.i.embedder.EclipseLogger - Copying 0 resource
2024-08-07 23:01:36,521 [Worker-174: Building] INFO  o.e.m.c.i.embedder.EclipseLogger - Using 'UTF-8' encoding to copy filtered resources.
2024-08-07 23:01:36,521 [Worker-174: Building] INFO  o.e.m.c.i.embedder.EclipseLogger - Using 'UTF-8' encoding to copy filtered properties files.
2024-08-07 23:01:36,521 [Worker-174: Building] INFO  o.e.m.c.i.embedder.EclipseLogger - skip non existing resourceDirectory D:\Sunbeam_Cdac\CDAC\FinalProject_J004\Project\Project\spring_boot_backend_security_jwt_template\src\test\resources
2024-08-07 23:01:43,884 [Worker-174: Updating Maven Project] INFO  o.e.m.c.i.p.ProjectConfigurationManager - Update started
2024-08-07 23:01:44,197 [Worker-174: Updating Maven Project] INFO  o.e.m.c.i.l.LifecycleMappingFactory - Using org.eclipse.m2e.jdt.JarLifecycleMapping lifecycle mapping for MavenProject: com.example:spring_boot_backend_security_jwt_template:0.0.1 @ D:\Sunbeam_Cdac\CDAC\FinalProject_J004\Project\Project\spring_boot_backend_security_jwt_template\pom.xml.
2024-08-07 23:01:44,650 [Worker-174: Updating Maven Project] INFO  o.e.m.j.i.AbstractJavaProjectConfigurator - Adding source folder /spring_boot_backend_security_jwt_template/src/main/java
2024-08-07 23:01:44,650 [Worker-174: Updating Maven Project] INFO  o.e.m.j.i.AbstractJavaProjectConfigurator - Adding resource folder /spring_boot_backend_security_jwt_template/src/main/resources
2024-08-07 23:01:44,650 [Worker-174: Updating Maven Project] INFO  o.e.m.j.i.AbstractJavaProjectConfigurator - Adding resource folder /spring_boot_backend_security_jwt_template/src/main/resources
2024-08-07 23:01:44,650 [Worker-174: Updating Maven Project] INFO  o.e.m.j.i.AbstractJavaProjectConfigurator - Adding source folder /spring_boot_backend_security_jwt_template/src/test/java
2024-08-07 23:01:44,759 [Worker-174: Updating Maven Project] INFO  o.e.m.c.i.p.ProjectConfigurationManager - Update completed: 0 sec
2024-08-07 23:01:45,556 [Worker-174: Building] INFO  o.e.m.c.i.embedder.EclipseLogger - Using 'UTF-8' encoding to copy filtered resources.
2024-08-07 23:01:45,556 [Worker-174: Building] INFO  o.e.m.c.i.embedder.EclipseLogger - Using 'UTF-8' encoding to copy filtered properties files.
2024-08-07 23:01:45,556 [Worker-174: Building] INFO  o.e.m.c.i.embedder.EclipseLogger - Copying 1 resource
2024-08-07 23:01:45,572 [Worker-174: Building] INFO  o.e.m.c.i.embedder.EclipseLogger - Copying 0 resource
2024-08-07 23:01:45,572 [Worker-174: Building] INFO  o.e.m.c.i.embedder.EclipseLogger - Using 'UTF-8' encoding to copy filtered resources.
2024-08-07 23:01:45,572 [Worker-174: Building] INFO  o.e.m.c.i.embedder.EclipseLogger - Using 'UTF-8' encoding to copy filtered properties files.
2024-08-07 23:01:45,572 [Worker-174: Building] INFO  o.e.m.c.i.embedder.EclipseLogger - skip non existing resourceDirectory D:\Sunbeam_Cdac\CDAC\FinalProject_J004\Project\Project\spring_boot_backend_security_jwt_template\src\test\resources
2024-08-07 23:04:50,408 [Worker-179: Building] INFO  o.e.m.c.i.embedder.EclipseLogger - Using 'UTF-8' encoding to copy filtered resources.
2024-08-07 23:04:50,408 [Worker-179: Building] INFO  o.e.m.c.i.embedder.EclipseLogger - Using 'UTF-8' encoding to copy filtered properties files.
2024-08-07 23:04:50,408 [Worker-179: Building] INFO  o.e.m.c.i.embedder.EclipseLogger - Copying 1 resource
2024-08-07 23:04:50,408 [Worker-179: Building] INFO  o.e.m.c.i.embedder.EclipseLogger - Copying 0 resource
2024-08-07 23:04:50,408 [Worker-179: Building] INFO  o.e.m.c.i.embedder.EclipseLogger - Using 'UTF-8' encoding to copy filtered resources.
2024-08-07 23:04:50,408 [Worker-179: Building] INFO  o.e.m.c.i.embedder.EclipseLogger - Using 'UTF-8' encoding to copy filtered properties files.
2024-08-07 23:04:50,408 [Worker-179: Building] INFO  o.e.m.c.i.embedder.EclipseLogger - skip non existing resourceDirectory D:\Sunbeam_Cdac\CDAC\FinalProject_J004\Project\Project\spring_boot_backend_security_jwt_template\src\test\resources
2024-08-07 23:06:05,358 [Worker-174: Updating Maven Project] INFO  o.e.m.c.i.p.ProjectConfigurationManager - Update started
2024-08-07 23:06:05,671 [Worker-174: Updating Maven Project] INFO  o.e.m.c.i.l.LifecycleMappingFactory - Using org.eclipse.m2e.jdt.JarLifecycleMapping lifecycle mapping for MavenProject: com.example:spring_boot_backend_security_jwt_template:0.0.1 @ D:\Sunbeam_Cdac\CDAC\FinalProject_J004\Project\Project\spring_boot_backend_security_jwt_template\pom.xml.
2024-08-07 23:06:06,249 [Worker-174: Updating Maven Project] INFO  o.e.m.j.i.AbstractJavaProjectConfigurator - Adding source folder /spring_boot_backend_security_jwt_template/src/main/java
2024-08-07 23:06:06,249 [Worker-174: Updating Maven Project] INFO  o.e.m.j.i.AbstractJavaProjectConfigurator - Adding resource folder /spring_boot_backend_security_jwt_template/src/main/resources
2024-08-07 23:06:06,249 [Worker-174: Updating Maven Project] INFO  o.e.m.j.i.AbstractJavaProjectConfigurator - Adding resource folder /spring_boot_backend_security_jwt_template/src/main/resources
2024-08-07 23:06:06,249 [Worker-174: Updating Maven Project] INFO  o.e.m.j.i.AbstractJavaProjectConfigurator - Adding source folder /spring_boot_backend_security_jwt_template/src/test/java
2024-08-07 23:06:06,374 [Worker-174: Updating Maven Project] INFO  o.e.m.c.i.p.ProjectConfigurationManager - Update completed: 1 sec
2024-08-07 23:06:07,249 [Worker-174: Building] INFO  o.e.m.c.i.embedder.EclipseLogger - Using 'UTF-8' encoding to copy filtered resources.
2024-08-07 23:06:07,249 [Worker-174: Building] INFO  o.e.m.c.i.embedder.EclipseLogger - Using 'UTF-8' encoding to copy filtered properties files.
2024-08-07 23:06:07,249 [Worker-174: Building] INFO  o.e.m.c.i.embedder.EclipseLogger - Copying 1 resource
2024-08-07 23:06:07,265 [Worker-174: Building] INFO  o.e.m.c.i.embedder.EclipseLogger - Copying 0 resource
2024-08-07 23:06:07,265 [Worker-174: Building] INFO  o.e.m.c.i.embedder.EclipseLogger - Using 'UTF-8' encoding to copy filtered resources.
2024-08-07 23:06:07,265 [Worker-174: Building] INFO  o.e.m.c.i.embedder.EclipseLogger - Using 'UTF-8' encoding to copy filtered properties files.
2024-08-07 23:06:07,265 [Worker-174: Building] INFO  o.e.m.c.i.embedder.EclipseLogger - skip non existing resourceDirectory D:\Sunbeam_Cdac\CDAC\FinalProject_J004\Project\Project\spring_boot_backend_security_jwt_template\src\test\resources
2024-08-07 23:07:37,699 [Worker-184: Building] INFO  o.e.m.c.i.embedder.EclipseLogger - Using 'UTF-8' encoding to copy filtered resources.
2024-08-07 23:07:37,699 [Worker-184: Building] INFO  o.e.m.c.i.embedder.EclipseLogger - Using 'UTF-8' encoding to copy filtered properties files.
2024-08-07 23:07:37,700 [Worker-184: Building] INFO  o.e.m.c.i.embedder.EclipseLogger - Copying 1 resource
2024-08-07 23:07:37,708 [Worker-184: Building] INFO  o.e.m.c.i.embedder.EclipseLogger - Copying 0 resource
2024-08-07 23:07:37,710 [Worker-184: Building] INFO  o.e.m.c.i.embedder.EclipseLogger - Using 'UTF-8' encoding to copy filtered resources.
2024-08-07 23:07:37,710 [Worker-184: Building] INFO  o.e.m.c.i.embedder.EclipseLogger - Using 'UTF-8' encoding to copy filtered properties files.
2024-08-07 23:07:37,710 [Worker-184: Building] INFO  o.e.m.c.i.embedder.EclipseLogger - skip non existing resourceDirectory D:\Sunbeam_Cdac\CDAC\FinalProject_J004\Project\Project\spring_boot_backend_security_jwt_template\src\test\resources
2024-08-07 23:09:17,383 [Worker-178: Building] INFO  o.e.m.c.i.embedder.EclipseLogger - Using 'UTF-8' encoding to copy filtered resources.
2024-08-07 23:09:17,383 [Worker-178: Building] INFO  o.e.m.c.i.embedder.EclipseLogger - Using 'UTF-8' encoding to copy filtered properties files.
2024-08-07 23:09:17,383 [Worker-178: Building] INFO  o.e.m.c.i.embedder.EclipseLogger - Copying 1 resource
2024-08-07 23:09:17,383 [Worker-178: Building] INFO  o.e.m.c.i.embedder.EclipseLogger - Copying 0 resource
2024-08-07 23:09:17,398 [Worker-178: Building] INFO  o.e.m.c.i.embedder.EclipseLogger - Using 'UTF-8' encoding to copy filtered resources.
2024-08-07 23:09:17,398 [Worker-178: Building] INFO  o.e.m.c.i.embedder.EclipseLogger - Using 'UTF-8' encoding to copy filtered properties files.
2024-08-07 23:09:17,398 [Worker-178: Building] INFO  o.e.m.c.i.embedder.EclipseLogger - skip non existing resourceDirectory D:\Sunbeam_Cdac\CDAC\FinalProject_J004\Project\Project\spring_boot_backend_security_jwt_template\src\test\resources
2024-08-07 23:10:00,078 [Worker-185: Updating Maven Project] INFO  o.e.m.c.i.p.ProjectConfigurationManager - Update started
2024-08-07 23:10:00,407 [Worker-185: Updating Maven Project] INFO  o.e.m.c.i.l.LifecycleMappingFactory - Using org.eclipse.m2e.jdt.JarLifecycleMapping lifecycle mapping for MavenProject: com.example:spring_boot_backend_security_jwt_template:0.0.1 @ D:\Sunbeam_Cdac\CDAC\FinalProject_J004\Project\Project\spring_boot_backend_security_jwt_template\pom.xml.
2024-08-07 23:10:00,938 [Worker-185: Updating Maven Project] INFO  o.e.m.j.i.AbstractJavaProjectConfigurator - Adding source folder /spring_boot_backend_security_jwt_template/src/main/java
2024-08-07 23:10:00,938 [Worker-185: Updating Maven Project] INFO  o.e.m.j.i.AbstractJavaProjectConfigurator - Adding resource folder /spring_boot_backend_security_jwt_template/src/main/resources
2024-08-07 23:10:00,938 [Worker-185: Updating Maven Project] INFO  o.e.m.j.i.AbstractJavaProjectConfigurator - Adding resource folder /spring_boot_backend_security_jwt_template/src/main/resources
2024-08-07 23:10:00,938 [Worker-185: Updating Maven Project] INFO  o.e.m.j.i.AbstractJavaProjectConfigurator - Adding source folder /spring_boot_backend_security_jwt_template/src/test/java
2024-08-07 23:10:01,063 [Worker-185: Updating Maven Project] INFO  o.e.m.c.i.p.ProjectConfigurationManager - Update completed: 0 sec
2024-08-07 23:10:01,954 [Worker-184: Building] INFO  o.e.m.c.i.embedder.EclipseLogger - Using 'UTF-8' encoding to copy filtered resources.
2024-08-07 23:10:01,954 [Worker-184: Building] INFO  o.e.m.c.i.embedder.EclipseLogger - Using 'UTF-8' encoding to copy filtered properties files.
2024-08-07 23:10:01,954 [Worker-184: Building] INFO  o.e.m.c.i.embedder.EclipseLogger - Copying 1 resource
2024-08-07 23:10:01,969 [Worker-184: Building] INFO  o.e.m.c.i.embedder.EclipseLogger - Copying 0 resource
2024-08-07 23:10:01,969 [Worker-184: Building] INFO  o.e.m.c.i.embedder.EclipseLogger - Using 'UTF-8' encoding to copy filtered resources.
2024-08-07 23:10:01,969 [Worker-184: Building] INFO  o.e.m.c.i.embedder.EclipseLogger - Using 'UTF-8' encoding to copy filtered properties files.
2024-08-07 23:10:01,969 [Worker-184: Building] INFO  o.e.m.c.i.embedder.EclipseLogger - skip non existing resourceDirectory D:\Sunbeam_Cdac\CDAC\FinalProject_J004\Project\Project\spring_boot_backend_security_jwt_template\src\test\resources
2024-08-07 23:12:02,358 [Worker-187: Building] INFO  o.e.m.c.i.embedder.EclipseLogger - Using 'UTF-8' encoding to copy filtered resources.
2024-08-07 23:12:02,358 [Worker-187: Building] INFO  o.e.m.c.i.embedder.EclipseLogger - Using 'UTF-8' encoding to copy filtered properties files.
2024-08-07 23:12:02,358 [Worker-187: Building] INFO  o.e.m.c.i.embedder.EclipseLogger - Copying 1 resource
2024-08-07 23:12:02,373 [Worker-187: Building] INFO  o.e.m.c.i.embedder.EclipseLogger - Copying 0 resource
2024-08-07 23:12:02,373 [Worker-187: Building] INFO  o.e.m.c.i.embedder.EclipseLogger - Using 'UTF-8' encoding to copy filtered resources.
2024-08-07 23:12:02,373 [Worker-187: Building] INFO  o.e.m.c.i.embedder.EclipseLogger - Using 'UTF-8' encoding to copy filtered properties files.
2024-08-07 23:12:02,373 [Worker-187: Building] INFO  o.e.m.c.i.embedder.EclipseLogger - skip non existing resourceDirectory D:\Sunbeam_Cdac\CDAC\FinalProject_J004\Project\Project\spring_boot_backend_security_jwt_template\src\test\resources
2024-08-07 23:12:24,219 [Worker-185: Building] INFO  o.e.m.c.i.embedder.EclipseLogger - Using 'UTF-8' encoding to copy filtered resources.
2024-08-07 23:12:24,219 [Worker-185: Building] INFO  o.e.m.c.i.embedder.EclipseLogger - Using 'UTF-8' encoding to copy filtered properties files.
2024-08-07 23:12:24,219 [Worker-185: Building] INFO  o.e.m.c.i.embedder.EclipseLogger - Copying 1 resource
2024-08-07 23:12:24,235 [Worker-185: Building] INFO  o.e.m.c.i.embedder.EclipseLogger - Copying 0 resource
2024-08-07 23:12:24,235 [Worker-185: Building] INFO  o.e.m.c.i.embedder.EclipseLogger - Using 'UTF-8' encoding to copy filtered resources.
2024-08-07 23:12:24,235 [Worker-185: Building] INFO  o.e.m.c.i.embedder.EclipseLogger - Using 'UTF-8' encoding to copy filtered properties files.
2024-08-07 23:12:24,235 [Worker-185: Building] INFO  o.e.m.c.i.embedder.EclipseLogger - skip non existing resourceDirectory D:\Sunbeam_Cdac\CDAC\FinalProject_J004\Project\Project\spring_boot_backend_security_jwt_template\src\test\resources
2024-08-07 23:13:10,679 [Worker-178: Updating Maven Project] INFO  o.e.m.c.i.p.ProjectConfigurationManager - Update started
2024-08-07 23:13:10,991 [Worker-178: Updating Maven Project] INFO  o.e.m.c.i.l.LifecycleMappingFactory - Using org.eclipse.m2e.jdt.JarLifecycleMapping lifecycle mapping for MavenProject: com.example:spring_boot_backend_security_jwt_template:0.0.1 @ D:\Sunbeam_Cdac\CDAC\FinalProject_J004\Project\Project\spring_boot_backend_security_jwt_template\pom.xml.
2024-08-07 23:13:11,533 [Worker-178: Updating Maven Project] INFO  o.e.m.j.i.AbstractJavaProjectConfigurator - Adding source folder /spring_boot_backend_security_jwt_template/src/main/java
2024-08-07 23:13:11,533 [Worker-178: Updating Maven Project] INFO  o.e.m.j.i.AbstractJavaProjectConfigurator - Adding resource folder /spring_boot_backend_security_jwt_template/src/main/resources
2024-08-07 23:13:11,533 [Worker-178: Updating Maven Project] INFO  o.e.m.j.i.AbstractJavaProjectConfigurator - Adding resource folder /spring_boot_backend_security_jwt_template/src/main/resources
2024-08-07 23:13:11,533 [Worker-178: Updating Maven Project] INFO  o.e.m.j.i.AbstractJavaProjectConfigurator - Adding source folder /spring_boot_backend_security_jwt_template/src/test/java
2024-08-07 23:13:11,689 [Worker-178: Updating Maven Project] INFO  o.e.m.c.i.p.ProjectConfigurationManager - Update completed: 1 sec
2024-08-07 23:13:12,486 [Worker-185: Building] INFO  o.e.m.c.i.embedder.EclipseLogger - Using 'UTF-8' encoding to copy filtered resources.
2024-08-07 23:13:12,486 [Worker-185: Building] INFO  o.e.m.c.i.embedder.EclipseLogger - Using 'UTF-8' encoding to copy filtered properties files.
2024-08-07 23:13:12,486 [Worker-185: Building] INFO  o.e.m.c.i.embedder.EclipseLogger - Copying 1 resource
2024-08-07 23:13:12,501 [Worker-185: Building] INFO  o.e.m.c.i.embedder.EclipseLogger - Copying 0 resource
2024-08-07 23:13:12,501 [Worker-185: Building] INFO  o.e.m.c.i.embedder.EclipseLogger - Using 'UTF-8' encoding to copy filtered resources.
2024-08-07 23:13:12,501 [Worker-185: Building] INFO  o.e.m.c.i.embedder.EclipseLogger - Using 'UTF-8' encoding to copy filtered properties files.
2024-08-07 23:13:12,501 [Worker-185: Building] INFO  o.e.m.c.i.embedder.EclipseLogger - skip non existing resourceDirectory D:\Sunbeam_Cdac\CDAC\FinalProject_J004\Project\Project\spring_boot_backend_security_jwt_template\src\test\resources
2024-08-07 23:14:26,719 [Worker-174: Building] INFO  o.e.m.c.i.embedder.EclipseLogger - Using 'UTF-8' encoding to copy filtered resources.
2024-08-07 23:14:26,719 [Worker-174: Building] INFO  o.e.m.c.i.embedder.EclipseLogger - Using 'UTF-8' encoding to copy filtered properties files.
2024-08-07 23:14:26,719 [Worker-174: Building] INFO  o.e.m.c.i.embedder.EclipseLogger - Copying 1 resource
2024-08-07 23:14:26,735 [Worker-174: Building] INFO  o.e.m.c.i.embedder.EclipseLogger - Copying 0 resource
2024-08-07 23:14:26,735 [Worker-174: Building] INFO  o.e.m.c.i.embedder.EclipseLogger - Using 'UTF-8' encoding to copy filtered resources.
2024-08-07 23:14:26,735 [Worker-174: Building] INFO  o.e.m.c.i.embedder.EclipseLogger - Using 'UTF-8' encoding to copy filtered properties files.
2024-08-07 23:14:26,735 [Worker-174: Building] INFO  o.e.m.c.i.embedder.EclipseLogger - skip non existing resourceDirectory D:\Sunbeam_Cdac\CDAC\FinalProject_J004\Project\Project\spring_boot_backend_security_jwt_template\src\test\resources
2024-08-07 23:14:29,658 [Worker-185: Building] INFO  o.e.m.c.i.embedder.EclipseLogger - Using 'UTF-8' encoding to copy filtered resources.
2024-08-07 23:14:29,658 [Worker-185: Building] INFO  o.e.m.c.i.embedder.EclipseLogger - Using 'UTF-8' encoding to copy filtered properties files.
2024-08-07 23:14:29,658 [Worker-185: Building] INFO  o.e.m.c.i.embedder.EclipseLogger - Copying 1 resource
2024-08-07 23:14:29,673 [Worker-185: Building] INFO  o.e.m.c.i.embedder.EclipseLogger - Copying 0 resource
2024-08-07 23:14:29,673 [Worker-185: Building] INFO  o.e.m.c.i.embedder.EclipseLogger - Using 'UTF-8' encoding to copy filtered resources.
2024-08-07 23:14:29,673 [Worker-185: Building] INFO  o.e.m.c.i.embedder.EclipseLogger - Using 'UTF-8' encoding to copy filtered properties files.
2024-08-07 23:14:29,673 [Worker-185: Building] INFO  o.e.m.c.i.embedder.EclipseLogger - skip non existing resourceDirectory D:\Sunbeam_Cdac\CDAC\FinalProject_J004\Project\Project\spring_boot_backend_security_jwt_template\src\test\resources
2024-08-07 23:15:27,735 [Worker-174: Building] INFO  o.e.m.c.i.embedder.EclipseLogger - Using 'UTF-8' encoding to copy filtered resources.
2024-08-07 23:15:27,735 [Worker-174: Building] INFO  o.e.m.c.i.embedder.EclipseLogger - Using 'UTF-8' encoding to copy filtered properties files.
2024-08-07 23:15:27,735 [Worker-174: Building] INFO  o.e.m.c.i.embedder.EclipseLogger - Copying 1 resource
2024-08-07 23:15:27,751 [Worker-174: Building] INFO  o.e.m.c.i.embedder.EclipseLogger - Copying 0 resource
2024-08-07 23:15:27,751 [Worker-174: Building] INFO  o.e.m.c.i.embedder.EclipseLogger - Using 'UTF-8' encoding to copy filtered resources.
2024-08-07 23:15:27,751 [Worker-174: Building] INFO  o.e.m.c.i.embedder.EclipseLogger - Using 'UTF-8' encoding to copy filtered properties files.
2024-08-07 23:15:27,751 [Worker-174: Building] INFO  o.e.m.c.i.embedder.EclipseLogger - skip non existing resourceDirectory D:\Sunbeam_Cdac\CDAC\FinalProject_J004\Project\Project\spring_boot_backend_security_jwt_template\src\test\resources
2024-08-07 23:15:43,534 [Worker-190: Updating Maven Project] INFO  o.e.m.c.i.p.ProjectConfigurationManager - Update started
2024-08-07 23:15:43,847 [Worker-190: Updating Maven Project] INFO  o.e.m.c.i.l.LifecycleMappingFactory - Using org.eclipse.m2e.jdt.JarLifecycleMapping lifecycle mapping for MavenProject: com.example:spring_boot_backend_security_jwt_template:0.0.1 @ D:\Sunbeam_Cdac\CDAC\FinalProject_J004\Project\Project\spring_boot_backend_security_jwt_template\pom.xml.
2024-08-07 23:15:44,316 [Worker-190: Updating Maven Project] INFO  o.e.m.j.i.AbstractJavaProjectConfigurator - Adding source folder /spring_boot_backend_security_jwt_template/src/main/java
2024-08-07 23:15:44,316 [Worker-190: Updating Maven Project] INFO  o.e.m.j.i.AbstractJavaProjectConfigurator - Adding resource folder /spring_boot_backend_security_jwt_template/src/main/resources
2024-08-07 23:15:44,316 [Worker-190: Updating Maven Project] INFO  o.e.m.j.i.AbstractJavaProjectConfigurator - Adding resource folder /spring_boot_backend_security_jwt_template/src/main/resources
2024-08-07 23:15:44,316 [Worker-190: Updating Maven Project] INFO  o.e.m.j.i.AbstractJavaProjectConfigurator - Adding source folder /spring_boot_backend_security_jwt_template/src/test/java
2024-08-07 23:15:44,472 [Worker-190: Updating Maven Project] INFO  o.e.m.c.i.p.ProjectConfigurationManager - Update completed: 0 sec
2024-08-07 23:15:45,363 [Worker-191: Building] INFO  o.e.m.c.i.embedder.EclipseLogger - Using 'UTF-8' encoding to copy filtered resources.
2024-08-07 23:15:45,363 [Worker-191: Building] INFO  o.e.m.c.i.embedder.EclipseLogger - Using 'UTF-8' encoding to copy filtered properties files.
2024-08-07 23:15:45,363 [Worker-191: Building] INFO  o.e.m.c.i.embedder.EclipseLogger - Copying 1 resource
2024-08-07 23:15:45,379 [Worker-191: Building] INFO  o.e.m.c.i.embedder.EclipseLogger - Copying 0 resource
2024-08-07 23:15:45,379 [Worker-191: Building] INFO  o.e.m.c.i.embedder.EclipseLogger - Using 'UTF-8' encoding to copy filtered resources.
2024-08-07 23:15:45,379 [Worker-191: Building] INFO  o.e.m.c.i.embedder.EclipseLogger - Using 'UTF-8' encoding to copy filtered properties files.
2024-08-07 23:15:45,379 [Worker-191: Building] INFO  o.e.m.c.i.embedder.EclipseLogger - skip non existing resourceDirectory D:\Sunbeam_Cdac\CDAC\FinalProject_J004\Project\Project\spring_boot_backend_security_jwt_template\src\test\resources
2024-08-07 23:16:16,892 [Worker-178: Building] INFO  o.e.m.c.i.embedder.EclipseLogger - Using 'UTF-8' encoding to copy filtered resources.
2024-08-07 23:16:16,892 [Worker-178: Building] INFO  o.e.m.c.i.embedder.EclipseLogger - Using 'UTF-8' encoding to copy filtered properties files.
2024-08-07 23:16:16,892 [Worker-178: Building] INFO  o.e.m.c.i.embedder.EclipseLogger - Copying 1 resource
2024-08-07 23:16:16,908 [Worker-178: Building] INFO  o.e.m.c.i.embedder.EclipseLogger - Copying 0 resource
2024-08-07 23:16:16,908 [Worker-178: Building] INFO  o.e.m.c.i.embedder.EclipseLogger - Using 'UTF-8' encoding to copy filtered resources.
2024-08-07 23:16:16,908 [Worker-178: Building] INFO  o.e.m.c.i.embedder.EclipseLogger - Using 'UTF-8' encoding to copy filtered properties files.
2024-08-07 23:16:16,908 [Worker-178: Building] INFO  o.e.m.c.i.embedder.EclipseLogger - skip non existing resourceDirectory D:\Sunbeam_Cdac\CDAC\FinalProject_J004\Project\Project\spring_boot_backend_security_jwt_template\src\test\resources
2024-08-07 23:16:37,925 [Worker-190: Updating Maven Project] INFO  o.e.m.c.i.p.ProjectConfigurationManager - Update started
2024-08-07 23:16:38,238 [Worker-190: Updating Maven Project] INFO  o.e.m.c.i.l.LifecycleMappingFactory - Using org.eclipse.m2e.jdt.JarLifecycleMapping lifecycle mapping for MavenProject: com.example:spring_boot_backend_security_jwt_template:0.0.1 @ D:\Sunbeam_Cdac\CDAC\FinalProject_J004\Project\Project\spring_boot_backend_security_jwt_template\pom.xml.
2024-08-07 23:16:38,769 [Worker-190: Updating Maven Project] INFO  o.e.m.j.i.AbstractJavaProjectConfigurator - Adding source folder /spring_boot_backend_security_jwt_template/src/main/java
2024-08-07 23:16:38,769 [Worker-190: Updating Maven Project] INFO  o.e.m.j.i.AbstractJavaProjectConfigurator - Adding resource folder /spring_boot_backend_security_jwt_template/src/main/resources
2024-08-07 23:16:38,769 [Worker-190: Updating Maven Project] INFO  o.e.m.j.i.AbstractJavaProjectConfigurator - Adding resource folder /spring_boot_backend_security_jwt_template/src/main/resources
2024-08-07 23:16:38,769 [Worker-190: Updating Maven Project] INFO  o.e.m.j.i.AbstractJavaProjectConfigurator - Adding source folder /spring_boot_backend_security_jwt_template/src/test/java
2024-08-07 23:16:38,894 [Worker-190: Updating Maven Project] INFO  o.e.m.c.i.p.ProjectConfigurationManager - Update completed: 0 sec
2024-08-07 23:16:39,785 [Worker-191: Building] INFO  o.e.m.c.i.embedder.EclipseLogger - Using 'UTF-8' encoding to copy filtered resources.
2024-08-07 23:16:39,785 [Worker-191: Building] INFO  o.e.m.c.i.embedder.EclipseLogger - Using 'UTF-8' encoding to copy filtered properties files.
2024-08-07 23:16:39,785 [Worker-191: Building] INFO  o.e.m.c.i.embedder.EclipseLogger - Copying 1 resource
2024-08-07 23:16:39,801 [Worker-191: Building] INFO  o.e.m.c.i.embedder.EclipseLogger - Copying 0 resource
2024-08-07 23:16:39,801 [Worker-191: Building] INFO  o.e.m.c.i.embedder.EclipseLogger - Using 'UTF-8' encoding to copy filtered resources.
2024-08-07 23:16:39,801 [Worker-191: Building] INFO  o.e.m.c.i.embedder.EclipseLogger - Using 'UTF-8' encoding to copy filtered properties files.
2024-08-07 23:16:39,801 [Worker-191: Building] INFO  o.e.m.c.i.embedder.EclipseLogger - skip non existing resourceDirectory D:\Sunbeam_Cdac\CDAC\FinalProject_J004\Project\Project\spring_boot_backend_security_jwt_template\src\test\resources
2024-08-07 23:17:20,788 [Worker-185: Building] INFO  o.e.m.c.i.embedder.EclipseLogger - Using 'UTF-8' encoding to copy filtered resources.
2024-08-07 23:17:20,788 [Worker-185: Building] INFO  o.e.m.c.i.embedder.EclipseLogger - Using 'UTF-8' encoding to copy filtered properties files.
2024-08-07 23:17:20,788 [Worker-185: Building] INFO  o.e.m.c.i.embedder.EclipseLogger - Copying 1 resource
2024-08-07 23:17:20,788 [Worker-185: Building] INFO  o.e.m.c.i.embedder.EclipseLogger - Copying 0 resource
2024-08-07 23:17:20,788 [Worker-185: Building] INFO  o.e.m.c.i.embedder.EclipseLogger - Using 'UTF-8' encoding to copy filtered resources.
2024-08-07 23:17:20,788 [Worker-185: Building] INFO  o.e.m.c.i.embedder.EclipseLogger - Using 'UTF-8' encoding to copy filtered properties files.
2024-08-07 23:17:20,788 [Worker-185: Building] INFO  o.e.m.c.i.embedder.EclipseLogger - skip non existing resourceDirectory D:\Sunbeam_Cdac\CDAC\FinalProject_J004\Project\Project\spring_boot_backend_security_jwt_template\src\test\resources
2024-08-07 23:22:15,777 [Worker-185: Building] INFO  o.e.m.c.i.embedder.EclipseLogger - Using 'UTF-8' encoding to copy filtered resources.
2024-08-07 23:22:15,777 [Worker-185: Building] INFO  o.e.m.c.i.embedder.EclipseLogger - Using 'UTF-8' encoding to copy filtered properties files.
2024-08-07 23:22:15,777 [Worker-185: Building] INFO  o.e.m.c.i.embedder.EclipseLogger - Copying 1 resource
2024-08-07 23:22:15,792 [Worker-185: Building] INFO  o.e.m.c.i.embedder.EclipseLogger - Copying 0 resource
2024-08-07 23:22:15,792 [Worker-185: Building] INFO  o.e.m.c.i.embedder.EclipseLogger - Using 'UTF-8' encoding to copy filtered resources.
2024-08-07 23:22:15,792 [Worker-185: Building] INFO  o.e.m.c.i.embedder.EclipseLogger - Using 'UTF-8' encoding to copy filtered properties files.
2024-08-07 23:22:15,792 [Worker-185: Building] INFO  o.e.m.c.i.embedder.EclipseLogger - skip non existing resourceDirectory D:\Sunbeam_Cdac\CDAC\FinalProject_J004\Project\Project\spring_boot_backend_security_jwt_template\src\test\resources
2024-08-07 23:30:52,360 [Worker-201: Updating Maven Project] INFO  o.e.m.c.i.p.ProjectConfigurationManager - Update started
2024-08-07 23:30:52,656 [Worker-201: Updating Maven Project] INFO  o.e.m.c.i.l.LifecycleMappingFactory - Using org.eclipse.m2e.jdt.JarLifecycleMapping lifecycle mapping for MavenProject: com.example:spring_boot_backend_security_jwt_template:0.0.1 @ D:\Sunbeam_Cdac\CDAC\FinalProject_J004\Project\Project\spring_boot_backend_security_jwt_template\pom.xml.
2024-08-07 23:30:53,188 [Worker-201: Updating Maven Project] INFO  o.e.m.j.i.AbstractJavaProjectConfigurator - Adding source folder /spring_boot_backend_security_jwt_template/src/main/java
2024-08-07 23:30:53,188 [Worker-201: Updating Maven Project] INFO  o.e.m.j.i.AbstractJavaProjectConfigurator - Adding resource folder /spring_boot_backend_security_jwt_template/src/main/resources
2024-08-07 23:30:53,188 [Worker-201: Updating Maven Project] INFO  o.e.m.j.i.AbstractJavaProjectConfigurator - Adding resource folder /spring_boot_backend_security_jwt_template/src/main/resources
2024-08-07 23:30:53,188 [Worker-201: Updating Maven Project] INFO  o.e.m.j.i.AbstractJavaProjectConfigurator - Adding source folder /spring_boot_backend_security_jwt_template/src/test/java
2024-08-07 23:30:53,313 [Worker-201: Updating Maven Project] INFO  o.e.m.c.i.p.ProjectConfigurationManager - Update completed: 0 sec
2024-08-07 23:30:54,078 [Worker-201: Building] INFO  o.e.m.c.i.embedder.EclipseLogger - Using 'UTF-8' encoding to copy filtered resources.
2024-08-07 23:30:54,078 [Worker-201: Building] INFO  o.e.m.c.i.embedder.EclipseLogger - Using 'UTF-8' encoding to copy filtered properties files.
2024-08-07 23:30:54,078 [Worker-201: Building] INFO  o.e.m.c.i.embedder.EclipseLogger - Copying 1 resource
2024-08-07 23:30:54,094 [Worker-201: Building] INFO  o.e.m.c.i.embedder.EclipseLogger - Copying 0 resource
2024-08-07 23:30:54,094 [Worker-201: Building] INFO  o.e.m.c.i.embedder.EclipseLogger - Using 'UTF-8' encoding to copy filtered resources.
2024-08-07 23:30:54,094 [Worker-201: Building] INFO  o.e.m.c.i.embedder.EclipseLogger - Using 'UTF-8' encoding to copy filtered properties files.
2024-08-07 23:30:54,094 [Worker-201: Building] INFO  o.e.m.c.i.embedder.EclipseLogger - skip non existing resourceDirectory D:\Sunbeam_Cdac\CDAC\FinalProject_J004\Project\Project\spring_boot_backend_security_jwt_template\src\test\resources
2024-08-07 23:31:00,313 [Worker-199: Launching spring_boot_backend_security_jwt_template - Application] INFO  o.e.m.c.i.embedder.EclipseLogger - Using 'UTF-8' encoding to copy filtered resources.
2024-08-07 23:31:00,313 [Worker-199: Launching spring_boot_backend_security_jwt_template - Application] INFO  o.e.m.c.i.embedder.EclipseLogger - Using 'UTF-8' encoding to copy filtered properties files.
2024-08-07 23:31:00,313 [Worker-199: Launching spring_boot_backend_security_jwt_template - Application] INFO  o.e.m.c.i.embedder.EclipseLogger - Copying 1 resource
2024-08-07 23:31:00,329 [Worker-199: Launching spring_boot_backend_security_jwt_template - Application] INFO  o.e.m.c.i.embedder.EclipseLogger - Copying 0 resource
2024-08-07 23:31:00,329 [Worker-199: Launching spring_boot_backend_security_jwt_template - Application] INFO  o.e.m.c.i.embedder.EclipseLogger - Using 'UTF-8' encoding to copy filtered resources.
2024-08-07 23:31:00,329 [Worker-199: Launching spring_boot_backend_security_jwt_template - Application] INFO  o.e.m.c.i.embedder.EclipseLogger - Using 'UTF-8' encoding to copy filtered properties files.
2024-08-07 23:31:00,329 [Worker-199: Launching spring_boot_backend_security_jwt_template - Application] INFO  o.e.m.c.i.embedder.EclipseLogger - skip non existing resourceDirectory D:\Sunbeam_Cdac\CDAC\FinalProject_J004\Project\Project\spring_boot_backend_security_jwt_template\src\test\resources
2024-08-08 01:31:13,669 [Worker-231: Building] INFO  o.e.m.c.i.embedder.EclipseLogger - Using 'UTF-8' encoding to copy filtered resources.
2024-08-08 01:31:13,669 [Worker-231: Building] INFO  o.e.m.c.i.embedder.EclipseLogger - Using 'UTF-8' encoding to copy filtered properties files.
2024-08-08 01:31:13,669 [Worker-231: Building] INFO  o.e.m.c.i.embedder.EclipseLogger - Copying 1 resource
2024-08-08 01:31:13,685 [Worker-231: Building] INFO  o.e.m.c.i.embedder.EclipseLogger - Copying 0 resource
2024-08-08 01:31:13,685 [Worker-231: Building] INFO  o.e.m.c.i.embedder.EclipseLogger - Using 'UTF-8' encoding to copy filtered resources.
2024-08-08 01:31:13,685 [Worker-231: Building] INFO  o.e.m.c.i.embedder.EclipseLogger - Using 'UTF-8' encoding to copy filtered properties files.
2024-08-08 01:31:13,685 [Worker-231: Building] INFO  o.e.m.c.i.embedder.EclipseLogger - skip non existing resourceDirectory D:\Sunbeam_Cdac\CDAC\FinalProject_J004\Project\Project\spring_boot_backend_security_jwt_template\src\test\resources
2024-08-08 01:31:37,821 [Worker-220: Building] INFO  o.e.m.c.i.embedder.EclipseLogger - Using 'UTF-8' encoding to copy filtered resources.
2024-08-08 01:31:37,821 [Worker-220: Building] INFO  o.e.m.c.i.embedder.EclipseLogger - Using 'UTF-8' encoding to copy filtered properties files.
2024-08-08 01:31:37,821 [Worker-220: Building] INFO  o.e.m.c.i.embedder.EclipseLogger - Copying 1 resource
2024-08-08 01:31:37,836 [Worker-220: Building] INFO  o.e.m.c.i.embedder.EclipseLogger - Copying 0 resource
2024-08-08 01:31:37,836 [Worker-220: Building] INFO  o.e.m.c.i.embedder.EclipseLogger - Using 'UTF-8' encoding to copy filtered resources.
2024-08-08 01:31:37,836 [Worker-220: Building] INFO  o.e.m.c.i.embedder.EclipseLogger - Using 'UTF-8' encoding to copy filtered properties files.
2024-08-08 01:31:37,836 [Worker-220: Building] INFO  o.e.m.c.i.embedder.EclipseLogger - skip non existing resourceDirectory D:\Sunbeam_Cdac\CDAC\FinalProject_J004\Project\Project\spring_boot_backend_security_jwt_template\src\test\resources
2024-08-08 01:32:04,970 [Worker-230: Building] INFO  o.e.m.c.i.embedder.EclipseLogger - Using 'UTF-8' encoding to copy filtered resources.
2024-08-08 01:32:04,970 [Worker-230: Building] INFO  o.e.m.c.i.embedder.EclipseLogger - Using 'UTF-8' encoding to copy filtered properties files.
2024-08-08 01:32:04,970 [Worker-230: Building] INFO  o.e.m.c.i.embedder.EclipseLogger - Copying 1 resource
2024-08-08 01:32:04,985 [Worker-230: Building] INFO  o.e.m.c.i.embedder.EclipseLogger - Copying 0 resource
2024-08-08 01:32:04,985 [Worker-230: Building] INFO  o.e.m.c.i.embedder.EclipseLogger - Using 'UTF-8' encoding to copy filtered resources.
2024-08-08 01:32:04,985 [Worker-230: Building] INFO  o.e.m.c.i.embedder.EclipseLogger - Using 'UTF-8' encoding to copy filtered properties files.
2024-08-08 01:32:04,985 [Worker-230: Building] INFO  o.e.m.c.i.embedder.EclipseLogger - skip non existing resourceDirectory D:\Sunbeam_Cdac\CDAC\FinalProject_J004\Project\Project\spring_boot_backend_security_jwt_template\src\test\resources
2024-08-08 01:32:32,142 [Worker-220: Building] INFO  o.e.m.c.i.embedder.EclipseLogger - Using 'UTF-8' encoding to copy filtered resources.
2024-08-08 01:32:32,142 [Worker-220: Building] INFO  o.e.m.c.i.embedder.EclipseLogger - Using 'UTF-8' encoding to copy filtered properties files.
2024-08-08 01:32:32,142 [Worker-220: Building] INFO  o.e.m.c.i.embedder.EclipseLogger - Copying 1 resource
2024-08-08 01:32:32,157 [Worker-220: Building] INFO  o.e.m.c.i.embedder.EclipseLogger - Copying 0 resource
2024-08-08 01:32:32,157 [Worker-220: Building] INFO  o.e.m.c.i.embedder.EclipseLogger - Using 'UTF-8' encoding to copy filtered resources.
2024-08-08 01:32:32,157 [Worker-220: Building] INFO  o.e.m.c.i.embedder.EclipseLogger - Using 'UTF-8' encoding to copy filtered properties files.
2024-08-08 01:32:32,157 [Worker-220: Building] INFO  o.e.m.c.i.embedder.EclipseLogger - skip non existing resourceDirectory D:\Sunbeam_Cdac\CDAC\FinalProject_J004\Project\Project\spring_boot_backend_security_jwt_template\src\test\resources
2024-08-08 01:34:48,157 [Worker-231: Building] INFO  o.e.m.c.i.embedder.EclipseLogger - Using 'UTF-8' encoding to copy filtered resources.
2024-08-08 01:34:48,157 [Worker-231: Building] INFO  o.e.m.c.i.embedder.EclipseLogger - Using 'UTF-8' encoding to copy filtered properties files.
2024-08-08 01:34:48,157 [Worker-231: Building] INFO  o.e.m.c.i.embedder.EclipseLogger - Copying 1 resource
2024-08-08 01:34:48,157 [Worker-231: Building] INFO  o.e.m.c.i.embedder.EclipseLogger - Copying 0 resource
2024-08-08 01:34:48,157 [Worker-231: Building] INFO  o.e.m.c.i.embedder.EclipseLogger - Using 'UTF-8' encoding to copy filtered resources.
2024-08-08 01:34:48,157 [Worker-231: Building] INFO  o.e.m.c.i.embedder.EclipseLogger - Using 'UTF-8' encoding to copy filtered properties files.
2024-08-08 01:34:48,157 [Worker-231: Building] INFO  o.e.m.c.i.embedder.EclipseLogger - skip non existing resourceDirectory D:\Sunbeam_Cdac\CDAC\FinalProject_J004\Project\Project\spring_boot_backend_security_jwt_template\src\test\resources
2024-08-08 01:34:53,150 [Worker-227: Building] INFO  o.e.m.c.i.embedder.EclipseLogger - Using 'UTF-8' encoding to copy filtered resources.
2024-08-08 01:34:53,150 [Worker-227: Building] INFO  o.e.m.c.i.embedder.EclipseLogger - Using 'UTF-8' encoding to copy filtered properties files.
2024-08-08 01:34:53,150 [Worker-227: Building] INFO  o.e.m.c.i.embedder.EclipseLogger - Copying 1 resource
2024-08-08 01:34:53,166 [Worker-227: Building] INFO  o.e.m.c.i.embedder.EclipseLogger - Copying 0 resource
2024-08-08 01:34:53,166 [Worker-227: Building] INFO  o.e.m.c.i.embedder.EclipseLogger - Using 'UTF-8' encoding to copy filtered resources.
2024-08-08 01:34:53,166 [Worker-227: Building] INFO  o.e.m.c.i.embedder.EclipseLogger - Using 'UTF-8' encoding to copy filtered properties files.
2024-08-08 01:34:53,166 [Worker-227: Building] INFO  o.e.m.c.i.embedder.EclipseLogger - skip non existing resourceDirectory D:\Sunbeam_Cdac\CDAC\FinalProject_J004\Project\Project\spring_boot_backend_security_jwt_template\src\test\resources
2024-08-08 01:34:55,810 [Worker-233: Building] INFO  o.e.m.c.i.embedder.EclipseLogger - Using 'UTF-8' encoding to copy filtered resources.
2024-08-08 01:34:55,810 [Worker-233: Building] INFO  o.e.m.c.i.embedder.EclipseLogger - Using 'UTF-8' encoding to copy filtered properties files.
2024-08-08 01:34:55,810 [Worker-233: Building] INFO  o.e.m.c.i.embedder.EclipseLogger - Copying 1 resource
2024-08-08 01:34:55,825 [Worker-233: Building] INFO  o.e.m.c.i.embedder.EclipseLogger - Copying 0 resource
2024-08-08 01:34:55,825 [Worker-233: Building] INFO  o.e.m.c.i.embedder.EclipseLogger - Using 'UTF-8' encoding to copy filtered resources.
2024-08-08 01:34:55,825 [Worker-233: Building] INFO  o.e.m.c.i.embedder.EclipseLogger - Using 'UTF-8' encoding to copy filtered properties files.
2024-08-08 01:34:55,825 [Worker-233: Building] INFO  o.e.m.c.i.embedder.EclipseLogger - skip non existing resourceDirectory D:\Sunbeam_Cdac\CDAC\FinalProject_J004\Project\Project\spring_boot_backend_security_jwt_template\src\test\resources
2024-08-08 01:35:35,894 [Worker-225: Building] INFO  o.e.m.c.i.embedder.EclipseLogger - Using 'UTF-8' encoding to copy filtered resources.
2024-08-08 01:35:35,894 [Worker-225: Building] INFO  o.e.m.c.i.embedder.EclipseLogger - Using 'UTF-8' encoding to copy filtered properties files.
2024-08-08 01:35:35,894 [Worker-225: Building] INFO  o.e.m.c.i.embedder.EclipseLogger - Copying 1 resource
2024-08-08 01:35:35,909 [Worker-225: Building] INFO  o.e.m.c.i.embedder.EclipseLogger - Copying 0 resource
2024-08-08 01:35:35,909 [Worker-225: Building] INFO  o.e.m.c.i.embedder.EclipseLogger - Using 'UTF-8' encoding to copy filtered resources.
2024-08-08 01:35:35,909 [Worker-225: Building] INFO  o.e.m.c.i.embedder.EclipseLogger - Using 'UTF-8' encoding to copy filtered properties files.
2024-08-08 01:35:35,909 [Worker-225: Building] INFO  o.e.m.c.i.embedder.EclipseLogger - skip non existing resourceDirectory D:\Sunbeam_Cdac\CDAC\FinalProject_J004\Project\Project\spring_boot_backend_security_jwt_template\src\test\resources
2024-08-08 01:35:49,471 [Worker-227: Building] INFO  o.e.m.c.i.embedder.EclipseLogger - Using 'UTF-8' encoding to copy filtered resources.
2024-08-08 01:35:49,471 [Worker-227: Building] INFO  o.e.m.c.i.embedder.EclipseLogger - Using 'UTF-8' encoding to copy filtered properties files.
2024-08-08 01:35:49,471 [Worker-227: Building] INFO  o.e.m.c.i.embedder.EclipseLogger - Copying 1 resource
2024-08-08 01:35:49,471 [Worker-227: Building] INFO  o.e.m.c.i.embedder.EclipseLogger - Copying 0 resource
2024-08-08 01:35:49,471 [Worker-227: Building] INFO  o.e.m.c.i.embedder.EclipseLogger - Using 'UTF-8' encoding to copy filtered resources.
2024-08-08 01:35:49,471 [Worker-227: Building] INFO  o.e.m.c.i.embedder.EclipseLogger - Using 'UTF-8' encoding to copy filtered properties files.
2024-08-08 01:35:49,471 [Worker-227: Building] INFO  o.e.m.c.i.embedder.EclipseLogger - skip non existing resourceDirectory D:\Sunbeam_Cdac\CDAC\FinalProject_J004\Project\Project\spring_boot_backend_security_jwt_template\src\test\resources
2024-08-08 01:36:28,521 [Worker-227: Building] INFO  o.e.m.c.i.embedder.EclipseLogger - Using 'UTF-8' encoding to copy filtered resources.
2024-08-08 01:36:28,521 [Worker-227: Building] INFO  o.e.m.c.i.embedder.EclipseLogger - Using 'UTF-8' encoding to copy filtered properties files.
2024-08-08 01:36:28,521 [Worker-227: Building] INFO  o.e.m.c.i.embedder.EclipseLogger - Copying 1 resource
2024-08-08 01:36:28,536 [Worker-227: Building] INFO  o.e.m.c.i.embedder.EclipseLogger - Copying 0 resource
2024-08-08 01:36:28,536 [Worker-227: Building] INFO  o.e.m.c.i.embedder.EclipseLogger - Using 'UTF-8' encoding to copy filtered resources.
2024-08-08 01:36:28,536 [Worker-227: Building] INFO  o.e.m.c.i.embedder.EclipseLogger - Using 'UTF-8' encoding to copy filtered properties files.
2024-08-08 01:36:28,536 [Worker-227: Building] INFO  o.e.m.c.i.embedder.EclipseLogger - skip non existing resourceDirectory D:\Sunbeam_Cdac\CDAC\FinalProject_J004\Project\Project\spring_boot_backend_security_jwt_template\src\test\resources
2024-08-08 01:37:12,737 [Worker-225: Building] INFO  o.e.m.c.i.embedder.EclipseLogger - Using 'UTF-8' encoding to copy filtered resources.
2024-08-08 01:37:12,737 [Worker-225: Building] INFO  o.e.m.c.i.embedder.EclipseLogger - Using 'UTF-8' encoding to copy filtered properties files.
2024-08-08 01:37:12,752 [Worker-225: Building] INFO  o.e.m.c.i.embedder.EclipseLogger - Copying 1 resource
2024-08-08 01:37:12,752 [Worker-225: Building] INFO  o.e.m.c.i.embedder.EclipseLogger - Copying 0 resource
2024-08-08 01:37:12,752 [Worker-225: Building] INFO  o.e.m.c.i.embedder.EclipseLogger - Using 'UTF-8' encoding to copy filtered resources.
2024-08-08 01:37:12,752 [Worker-225: Building] INFO  o.e.m.c.i.embedder.EclipseLogger - Using 'UTF-8' encoding to copy filtered properties files.
2024-08-08 01:37:12,752 [Worker-225: Building] INFO  o.e.m.c.i.embedder.EclipseLogger - skip non existing resourceDirectory D:\Sunbeam_Cdac\CDAC\FinalProject_J004\Project\Project\spring_boot_backend_security_jwt_template\src\test\resources
2024-08-08 01:37:19,910 [Worker-231: Building] INFO  o.e.m.c.i.embedder.EclipseLogger - Using 'UTF-8' encoding to copy filtered resources.
2024-08-08 01:37:19,910 [Worker-231: Building] INFO  o.e.m.c.i.embedder.EclipseLogger - Using 'UTF-8' encoding to copy filtered properties files.
2024-08-08 01:37:19,910 [Worker-231: Building] INFO  o.e.m.c.i.embedder.EclipseLogger - Copying 1 resource
2024-08-08 01:37:19,926 [Worker-231: Building] INFO  o.e.m.c.i.embedder.EclipseLogger - Copying 0 resource
2024-08-08 01:37:19,926 [Worker-231: Building] INFO  o.e.m.c.i.embedder.EclipseLogger - Using 'UTF-8' encoding to copy filtered resources.
2024-08-08 01:37:19,926 [Worker-231: Building] INFO  o.e.m.c.i.embedder.EclipseLogger - Using 'UTF-8' encoding to copy filtered properties files.
2024-08-08 01:37:19,926 [Worker-231: Building] INFO  o.e.m.c.i.embedder.EclipseLogger - skip non existing resourceDirectory D:\Sunbeam_Cdac\CDAC\FinalProject_J004\Project\Project\spring_boot_backend_security_jwt_template\src\test\resources
2024-08-08 01:38:09,684 [Worker-203: Building] INFO  o.e.m.c.i.embedder.EclipseLogger - Using 'UTF-8' encoding to copy filtered resources.
2024-08-08 01:38:09,684 [Worker-203: Building] INFO  o.e.m.c.i.embedder.EclipseLogger - Using 'UTF-8' encoding to copy filtered properties files.
2024-08-08 01:38:09,684 [Worker-203: Building] INFO  o.e.m.c.i.embedder.EclipseLogger - Copying 1 resource
2024-08-08 01:38:09,684 [Worker-203: Building] INFO  o.e.m.c.i.embedder.EclipseLogger - Copying 0 resource
2024-08-08 01:38:09,684 [Worker-203: Building] INFO  o.e.m.c.i.embedder.EclipseLogger - Using 'UTF-8' encoding to copy filtered resources.
2024-08-08 01:38:09,684 [Worker-203: Building] INFO  o.e.m.c.i.embedder.EclipseLogger - Using 'UTF-8' encoding to copy filtered properties files.
2024-08-08 01:38:09,684 [Worker-203: Building] INFO  o.e.m.c.i.embedder.EclipseLogger - skip non existing resourceDirectory D:\Sunbeam_Cdac\CDAC\FinalProject_J004\Project\Project\spring_boot_backend_security_jwt_template\src\test\resources
2024-08-08 01:38:21,471 [Worker-203: Building] INFO  o.e.m.c.i.embedder.EclipseLogger - Using 'UTF-8' encoding to copy filtered resources.
2024-08-08 01:38:21,471 [Worker-203: Building] INFO  o.e.m.c.i.embedder.EclipseLogger - Using 'UTF-8' encoding to copy filtered properties files.
2024-08-08 01:38:21,471 [Worker-203: Building] INFO  o.e.m.c.i.embedder.EclipseLogger - Copying 1 resource
2024-08-08 01:38:21,487 [Worker-203: Building] INFO  o.e.m.c.i.embedder.EclipseLogger - Copying 0 resource
2024-08-08 01:38:21,487 [Worker-203: Building] INFO  o.e.m.c.i.embedder.EclipseLogger - Using 'UTF-8' encoding to copy filtered resources.
2024-08-08 01:38:21,487 [Worker-203: Building] INFO  o.e.m.c.i.embedder.EclipseLogger - Using 'UTF-8' encoding to copy filtered properties files.
2024-08-08 01:38:21,487 [Worker-203: Building] INFO  o.e.m.c.i.embedder.EclipseLogger - skip non existing resourceDirectory D:\Sunbeam_Cdac\CDAC\FinalProject_J004\Project\Project\spring_boot_backend_security_jwt_template\src\test\resources
2024-08-08 01:38:30,179 [Worker-231: Updating Maven Project] INFO  o.e.m.c.i.p.ProjectConfigurationManager - Update started
2024-08-08 01:38:30,523 [Worker-231: Updating Maven Project] INFO  o.e.m.c.i.l.LifecycleMappingFactory - Using org.eclipse.m2e.jdt.JarLifecycleMapping lifecycle mapping for MavenProject: com.example:spring_boot_backend_security_jwt_template:0.0.1 @ D:\Sunbeam_Cdac\CDAC\FinalProject_J004\Project\Project\spring_boot_backend_security_jwt_template\pom.xml.
2024-08-08 01:38:31,040 [Worker-231: Updating Maven Project] INFO  o.e.m.j.i.AbstractJavaProjectConfigurator - Adding source folder /spring_boot_backend_security_jwt_template/src/main/java
2024-08-08 01:38:31,040 [Worker-231: Updating Maven Project] INFO  o.e.m.j.i.AbstractJavaProjectConfigurator - Adding resource folder /spring_boot_backend_security_jwt_template/src/main/resources
2024-08-08 01:38:31,040 [Worker-231: Updating Maven Project] INFO  o.e.m.j.i.AbstractJavaProjectConfigurator - Adding resource folder /spring_boot_backend_security_jwt_template/src/main/resources
2024-08-08 01:38:31,040 [Worker-231: Updating Maven Project] INFO  o.e.m.j.i.AbstractJavaProjectConfigurator - Adding source folder /spring_boot_backend_security_jwt_template/src/test/java
2024-08-08 01:38:31,149 [Worker-231: Updating Maven Project] INFO  o.e.m.c.i.p.ProjectConfigurationManager - Update completed: 0 sec
2024-08-08 01:38:32,103 [Worker-220: Building] INFO  o.e.m.c.i.embedder.EclipseLogger - Using 'UTF-8' encoding to copy filtered resources.
2024-08-08 01:38:32,103 [Worker-220: Building] INFO  o.e.m.c.i.embedder.EclipseLogger - Using 'UTF-8' encoding to copy filtered properties files.
2024-08-08 01:38:32,103 [Worker-220: Building] INFO  o.e.m.c.i.embedder.EclipseLogger - Copying 1 resource
2024-08-08 01:38:32,118 [Worker-220: Building] INFO  o.e.m.c.i.embedder.EclipseLogger - Copying 0 resource
2024-08-08 01:38:32,118 [Worker-220: Building] INFO  o.e.m.c.i.embedder.EclipseLogger - Using 'UTF-8' encoding to copy filtered resources.
2024-08-08 01:38:32,118 [Worker-220: Building] INFO  o.e.m.c.i.embedder.EclipseLogger - Using 'UTF-8' encoding to copy filtered properties files.
2024-08-08 01:38:32,118 [Worker-220: Building] INFO  o.e.m.c.i.embedder.EclipseLogger - skip non existing resourceDirectory D:\Sunbeam_Cdac\CDAC\FinalProject_J004\Project\Project\spring_boot_backend_security_jwt_template\src\test\resources
2024-08-08 01:38:49,847 [Worker-231: Building] INFO  o.e.m.c.i.embedder.EclipseLogger - Using 'UTF-8' encoding to copy filtered resources.
2024-08-08 01:38:49,847 [Worker-231: Building] INFO  o.e.m.c.i.embedder.EclipseLogger - Using 'UTF-8' encoding to copy filtered properties files.
2024-08-08 01:38:49,847 [Worker-231: Building] INFO  o.e.m.c.i.embedder.EclipseLogger - Copying 1 resource
2024-08-08 01:38:49,878 [Worker-231: Building] INFO  o.e.m.c.i.embedder.EclipseLogger - Copying 0 resource
2024-08-08 01:38:49,878 [Worker-231: Building] INFO  o.e.m.c.i.embedder.EclipseLogger - Using 'UTF-8' encoding to copy filtered resources.
2024-08-08 01:38:49,878 [Worker-231: Building] INFO  o.e.m.c.i.embedder.EclipseLogger - Using 'UTF-8' encoding to copy filtered properties files.
2024-08-08 01:38:49,878 [Worker-231: Building] INFO  o.e.m.c.i.embedder.EclipseLogger - skip non existing resourceDirectory D:\Sunbeam_Cdac\CDAC\FinalProject_J004\Project\Project\spring_boot_backend_security_jwt_template\src\test\resources
2024-08-08 01:40:27,274 [Worker-227: Building] INFO  o.e.m.c.i.embedder.EclipseLogger - Using 'UTF-8' encoding to copy filtered resources.
2024-08-08 01:40:27,274 [Worker-227: Building] INFO  o.e.m.c.i.embedder.EclipseLogger - Using 'UTF-8' encoding to copy filtered properties files.
2024-08-08 01:40:27,274 [Worker-227: Building] INFO  o.e.m.c.i.embedder.EclipseLogger - Copying 1 resource
2024-08-08 01:40:27,290 [Worker-227: Building] INFO  o.e.m.c.i.embedder.EclipseLogger - Copying 0 resource
2024-08-08 01:40:27,290 [Worker-227: Building] INFO  o.e.m.c.i.embedder.EclipseLogger - Using 'UTF-8' encoding to copy filtered resources.
2024-08-08 01:40:27,290 [Worker-227: Building] INFO  o.e.m.c.i.embedder.EclipseLogger - Using 'UTF-8' encoding to copy filtered properties files.
2024-08-08 01:40:27,290 [Worker-227: Building] INFO  o.e.m.c.i.embedder.EclipseLogger - skip non existing resourceDirectory D:\Sunbeam_Cdac\CDAC\FinalProject_J004\Project\Project\spring_boot_backend_security_jwt_template\src\test\resources
2024-08-08 01:40:35,813 [Worker-203: Building] INFO  o.e.m.c.i.embedder.EclipseLogger - Using 'UTF-8' encoding to copy filtered resources.
2024-08-08 01:40:35,813 [Worker-203: Building] INFO  o.e.m.c.i.embedder.EclipseLogger - Using 'UTF-8' encoding to copy filtered properties files.
2024-08-08 01:40:35,813 [Worker-203: Building] INFO  o.e.m.c.i.embedder.EclipseLogger - Copying 1 resource
2024-08-08 01:40:35,813 [Worker-203: Building] INFO  o.e.m.c.i.embedder.EclipseLogger - Copying 0 resource
2024-08-08 01:40:35,829 [Worker-203: Building] INFO  o.e.m.c.i.embedder.EclipseLogger - Using 'UTF-8' encoding to copy filtered resources.
2024-08-08 01:40:35,829 [Worker-203: Building] INFO  o.e.m.c.i.embedder.EclipseLogger - Using 'UTF-8' encoding to copy filtered properties files.
2024-08-08 01:40:35,829 [Worker-203: Building] INFO  o.e.m.c.i.embedder.EclipseLogger - skip non existing resourceDirectory D:\Sunbeam_Cdac\CDAC\FinalProject_J004\Project\Project\spring_boot_backend_security_jwt_template\src\test\resources
2024-08-08 01:40:51,856 [Worker-203: Building] INFO  o.e.m.c.i.embedder.EclipseLogger - Using 'UTF-8' encoding to copy filtered resources.
2024-08-08 01:40:51,856 [Worker-203: Building] INFO  o.e.m.c.i.embedder.EclipseLogger - Using 'UTF-8' encoding to copy filtered properties files.
2024-08-08 01:40:51,856 [Worker-203: Building] INFO  o.e.m.c.i.embedder.EclipseLogger - Copying 1 resource
2024-08-08 01:40:51,856 [Worker-203: Building] INFO  o.e.m.c.i.embedder.EclipseLogger - Copying 0 resource
2024-08-08 01:40:51,856 [Worker-203: Building] INFO  o.e.m.c.i.embedder.EclipseLogger - Using 'UTF-8' encoding to copy filtered resources.
2024-08-08 01:40:51,856 [Worker-203: Building] INFO  o.e.m.c.i.embedder.EclipseLogger - Using 'UTF-8' encoding to copy filtered properties files.
2024-08-08 01:40:51,856 [Worker-203: Building] INFO  o.e.m.c.i.embedder.EclipseLogger - skip non existing resourceDirectory D:\Sunbeam_Cdac\CDAC\FinalProject_J004\Project\Project\spring_boot_backend_security_jwt_template\src\test\resources
2024-08-08 01:41:10,020 [Worker-232: Building] INFO  o.e.m.c.i.embedder.EclipseLogger - Using 'UTF-8' encoding to copy filtered resources.
2024-08-08 01:41:10,020 [Worker-232: Building] INFO  o.e.m.c.i.embedder.EclipseLogger - Using 'UTF-8' encoding to copy filtered properties files.
2024-08-08 01:41:10,020 [Worker-232: Building] INFO  o.e.m.c.i.embedder.EclipseLogger - Copying 1 resource
2024-08-08 01:41:10,036 [Worker-232: Building] INFO  o.e.m.c.i.embedder.EclipseLogger - Copying 0 resource
2024-08-08 01:41:10,036 [Worker-232: Building] INFO  o.e.m.c.i.embedder.EclipseLogger - Using 'UTF-8' encoding to copy filtered resources.
2024-08-08 01:41:10,036 [Worker-232: Building] INFO  o.e.m.c.i.embedder.EclipseLogger - Using 'UTF-8' encoding to copy filtered properties files.
2024-08-08 01:41:10,036 [Worker-232: Building] INFO  o.e.m.c.i.embedder.EclipseLogger - skip non existing resourceDirectory D:\Sunbeam_Cdac\CDAC\FinalProject_J004\Project\Project\spring_boot_backend_security_jwt_template\src\test\resources
2024-08-08 01:42:30,331 [Worker-233: Building] INFO  o.e.m.c.i.embedder.EclipseLogger - Using 'UTF-8' encoding to copy filtered resources.
2024-08-08 01:42:30,331 [Worker-233: Building] INFO  o.e.m.c.i.embedder.EclipseLogger - Using 'UTF-8' encoding to copy filtered properties files.
2024-08-08 01:42:30,331 [Worker-233: Building] INFO  o.e.m.c.i.embedder.EclipseLogger - Copying 1 resource
2024-08-08 01:42:30,331 [Worker-233: Building] INFO  o.e.m.c.i.embedder.EclipseLogger - Copying 0 resource
2024-08-08 01:42:30,331 [Worker-233: Building] INFO  o.e.m.c.i.embedder.EclipseLogger - Using 'UTF-8' encoding to copy filtered resources.
2024-08-08 01:42:30,331 [Worker-233: Building] INFO  o.e.m.c.i.embedder.EclipseLogger - Using 'UTF-8' encoding to copy filtered properties files.
2024-08-08 01:42:30,331 [Worker-233: Building] INFO  o.e.m.c.i.embedder.EclipseLogger - skip non existing resourceDirectory D:\Sunbeam_Cdac\CDAC\FinalProject_J004\Project\Project\spring_boot_backend_security_jwt_template\src\test\resources
2024-08-08 01:42:45,199 [Worker-233: Building] INFO  o.e.m.c.i.embedder.EclipseLogger - Using 'UTF-8' encoding to copy filtered resources.
2024-08-08 01:42:45,199 [Worker-233: Building] INFO  o.e.m.c.i.embedder.EclipseLogger - Using 'UTF-8' encoding to copy filtered properties files.
2024-08-08 01:42:45,199 [Worker-233: Building] INFO  o.e.m.c.i.embedder.EclipseLogger - Copying 1 resource
2024-08-08 01:42:45,199 [Worker-233: Building] INFO  o.e.m.c.i.embedder.EclipseLogger - Copying 0 resource
2024-08-08 01:42:45,199 [Worker-233: Building] INFO  o.e.m.c.i.embedder.EclipseLogger - Using 'UTF-8' encoding to copy filtered resources.
2024-08-08 01:42:45,199 [Worker-233: Building] INFO  o.e.m.c.i.embedder.EclipseLogger - Using 'UTF-8' encoding to copy filtered properties files.
2024-08-08 01:42:45,199 [Worker-233: Building] INFO  o.e.m.c.i.embedder.EclipseLogger - skip non existing resourceDirectory D:\Sunbeam_Cdac\CDAC\FinalProject_J004\Project\Project\spring_boot_backend_security_jwt_template\src\test\resources
2024-08-08 01:42:51,515 [Worker-233: Updating Maven Project] INFO  o.e.m.c.i.p.ProjectConfigurationManager - Update started
2024-08-08 01:42:51,812 [Worker-233: Updating Maven Project] INFO  o.e.m.c.i.l.LifecycleMappingFactory - Using org.eclipse.m2e.jdt.JarLifecycleMapping lifecycle mapping for MavenProject: com.example:spring_boot_backend_security_jwt_template:0.0.1 @ D:\Sunbeam_Cdac\CDAC\FinalProject_J004\Project\Project\spring_boot_backend_security_jwt_template\pom.xml.
2024-08-08 01:42:52,281 [Worker-233: Updating Maven Project] INFO  o.e.m.j.i.AbstractJavaProjectConfigurator - Adding source folder /spring_boot_backend_security_jwt_template/src/main/java
2024-08-08 01:42:52,281 [Worker-233: Updating Maven Project] INFO  o.e.m.j.i.AbstractJavaProjectConfigurator - Adding resource folder /spring_boot_backend_security_jwt_template/src/main/resources
2024-08-08 01:42:52,281 [Worker-233: Updating Maven Project] INFO  o.e.m.j.i.AbstractJavaProjectConfigurator - Adding resource folder /spring_boot_backend_security_jwt_template/src/main/resources
2024-08-08 01:42:52,281 [Worker-233: Updating Maven Project] INFO  o.e.m.j.i.AbstractJavaProjectConfigurator - Adding source folder /spring_boot_backend_security_jwt_template/src/test/java
2024-08-08 01:42:52,390 [Worker-233: Updating Maven Project] INFO  o.e.m.c.i.p.ProjectConfigurationManager - Update completed: 0 sec
2024-08-08 01:42:53,345 [Worker-232: Building] INFO  o.e.m.c.i.embedder.EclipseLogger - Using 'UTF-8' encoding to copy filtered resources.
2024-08-08 01:42:53,345 [Worker-232: Building] INFO  o.e.m.c.i.embedder.EclipseLogger - Using 'UTF-8' encoding to copy filtered properties files.
2024-08-08 01:42:53,361 [Worker-232: Building] INFO  o.e.m.c.i.embedder.EclipseLogger - Copying 1 resource
2024-08-08 01:42:53,361 [Worker-232: Building] INFO  o.e.m.c.i.embedder.EclipseLogger - Copying 0 resource
2024-08-08 01:42:53,361 [Worker-232: Building] INFO  o.e.m.c.i.embedder.EclipseLogger - Using 'UTF-8' encoding to copy filtered resources.
2024-08-08 01:42:53,361 [Worker-232: Building] INFO  o.e.m.c.i.embedder.EclipseLogger - Using 'UTF-8' encoding to copy filtered properties files.
2024-08-08 01:42:53,361 [Worker-232: Building] INFO  o.e.m.c.i.embedder.EclipseLogger - skip non existing resourceDirectory D:\Sunbeam_Cdac\CDAC\FinalProject_J004\Project\Project\spring_boot_backend_security_jwt_template\src\test\resources
2024-08-08 01:49:36,033 [Worker-239: Building] INFO  o.e.m.c.i.embedder.EclipseLogger - Using 'UTF-8' encoding to copy filtered resources.
2024-08-08 01:49:36,033 [Worker-239: Building] INFO  o.e.m.c.i.embedder.EclipseLogger - Using 'UTF-8' encoding to copy filtered properties files.
2024-08-08 01:49:36,033 [Worker-239: Building] INFO  o.e.m.c.i.embedder.EclipseLogger - Copying 1 resource
2024-08-08 01:49:36,049 [Worker-239: Building] INFO  o.e.m.c.i.embedder.EclipseLogger - Copying 0 resource
2024-08-08 01:49:36,049 [Worker-239: Building] INFO  o.e.m.c.i.embedder.EclipseLogger - Using 'UTF-8' encoding to copy filtered resources.
2024-08-08 01:49:36,049 [Worker-239: Building] INFO  o.e.m.c.i.embedder.EclipseLogger - Using 'UTF-8' encoding to copy filtered properties files.
2024-08-08 01:49:36,049 [Worker-239: Building] INFO  o.e.m.c.i.embedder.EclipseLogger - skip non existing resourceDirectory D:\Sunbeam_Cdac\CDAC\FinalProject_J004\Project\Project\spring_boot_backend_security_jwt_template\src\test\resources
2024-08-08 01:52:09,048 [Worker-239: Building] INFO  o.e.m.c.i.embedder.EclipseLogger - Using 'UTF-8' encoding to copy filtered resources.
2024-08-08 01:52:09,048 [Worker-239: Building] INFO  o.e.m.c.i.embedder.EclipseLogger - Using 'UTF-8' encoding to copy filtered properties files.
2024-08-08 01:52:09,048 [Worker-239: Building] INFO  o.e.m.c.i.embedder.EclipseLogger - Copying 1 resource
2024-08-08 01:52:09,064 [Worker-239: Building] INFO  o.e.m.c.i.embedder.EclipseLogger - Copying 0 resource
2024-08-08 01:52:09,064 [Worker-239: Building] INFO  o.e.m.c.i.embedder.EclipseLogger - Using 'UTF-8' encoding to copy filtered resources.
2024-08-08 01:52:09,064 [Worker-239: Building] INFO  o.e.m.c.i.embedder.EclipseLogger - Using 'UTF-8' encoding to copy filtered properties files.
2024-08-08 01:52:09,064 [Worker-239: Building] INFO  o.e.m.c.i.embedder.EclipseLogger - skip non existing resourceDirectory D:\Sunbeam_Cdac\CDAC\FinalProject_J004\Project\Project\spring_boot_backend_security_jwt_template\src\test\resources
2024-08-08 01:52:33,425 [Worker-242: Building] INFO  o.e.m.c.i.embedder.EclipseLogger - Using 'UTF-8' encoding to copy filtered resources.
2024-08-08 01:52:33,425 [Worker-242: Building] INFO  o.e.m.c.i.embedder.EclipseLogger - Using 'UTF-8' encoding to copy filtered properties files.
2024-08-08 01:52:33,425 [Worker-242: Building] INFO  o.e.m.c.i.embedder.EclipseLogger - Copying 1 resource
2024-08-08 01:52:33,441 [Worker-242: Building] INFO  o.e.m.c.i.embedder.EclipseLogger - Copying 0 resource
2024-08-08 01:52:33,441 [Worker-242: Building] INFO  o.e.m.c.i.embedder.EclipseLogger - Using 'UTF-8' encoding to copy filtered resources.
2024-08-08 01:52:33,441 [Worker-242: Building] INFO  o.e.m.c.i.embedder.EclipseLogger - Using 'UTF-8' encoding to copy filtered properties files.
2024-08-08 01:52:33,441 [Worker-242: Building] INFO  o.e.m.c.i.embedder.EclipseLogger - skip non existing resourceDirectory D:\Sunbeam_Cdac\CDAC\FinalProject_J004\Project\Project\spring_boot_backend_security_jwt_template\src\test\resources
2024-08-08 01:54:40,338 [Worker-241: Building] INFO  o.e.m.c.i.embedder.EclipseLogger - Using 'UTF-8' encoding to copy filtered resources.
2024-08-08 01:54:40,338 [Worker-241: Building] INFO  o.e.m.c.i.embedder.EclipseLogger - Using 'UTF-8' encoding to copy filtered properties files.
2024-08-08 01:54:40,338 [Worker-241: Building] INFO  o.e.m.c.i.embedder.EclipseLogger - Copying 1 resource
2024-08-08 01:54:40,354 [Worker-241: Building] INFO  o.e.m.c.i.embedder.EclipseLogger - Copying 0 resource
2024-08-08 01:54:40,354 [Worker-241: Building] INFO  o.e.m.c.i.embedder.EclipseLogger - Using 'UTF-8' encoding to copy filtered resources.
2024-08-08 01:54:40,354 [Worker-241: Building] INFO  o.e.m.c.i.embedder.EclipseLogger - Using 'UTF-8' encoding to copy filtered properties files.
2024-08-08 01:54:40,354 [Worker-241: Building] INFO  o.e.m.c.i.embedder.EclipseLogger - skip non existing resourceDirectory D:\Sunbeam_Cdac\CDAC\FinalProject_J004\Project\Project\spring_boot_backend_security_jwt_template\src\test\resources
2024-08-08 01:55:32,378 [Worker-233: Building] INFO  o.e.m.c.i.embedder.EclipseLogger - Using 'UTF-8' encoding to copy filtered resources.
2024-08-08 01:55:32,378 [Worker-233: Building] INFO  o.e.m.c.i.embedder.EclipseLogger - Using 'UTF-8' encoding to copy filtered properties files.
2024-08-08 01:55:32,378 [Worker-233: Building] INFO  o.e.m.c.i.embedder.EclipseLogger - Copying 1 resource
2024-08-08 01:55:32,394 [Worker-233: Building] INFO  o.e.m.c.i.embedder.EclipseLogger - Copying 0 resource
2024-08-08 01:55:32,394 [Worker-233: Building] INFO  o.e.m.c.i.embedder.EclipseLogger - Using 'UTF-8' encoding to copy filtered resources.
2024-08-08 01:55:32,394 [Worker-233: Building] INFO  o.e.m.c.i.embedder.EclipseLogger - Using 'UTF-8' encoding to copy filtered properties files.
2024-08-08 01:55:32,394 [Worker-233: Building] INFO  o.e.m.c.i.embedder.EclipseLogger - skip non existing resourceDirectory D:\Sunbeam_Cdac\CDAC\FinalProject_J004\Project\Project\spring_boot_backend_security_jwt_template\src\test\resources
2024-08-08 01:59:52,127 [Worker-239: Building] INFO  o.e.m.c.i.embedder.EclipseLogger - Using 'UTF-8' encoding to copy filtered resources.
2024-08-08 01:59:52,127 [Worker-239: Building] INFO  o.e.m.c.i.embedder.EclipseLogger - Using 'UTF-8' encoding to copy filtered properties files.
2024-08-08 01:59:52,127 [Worker-239: Building] INFO  o.e.m.c.i.embedder.EclipseLogger - Copying 1 resource
2024-08-08 01:59:52,143 [Worker-239: Building] INFO  o.e.m.c.i.embedder.EclipseLogger - Copying 0 resource
2024-08-08 01:59:52,143 [Worker-239: Building] INFO  o.e.m.c.i.embedder.EclipseLogger - Using 'UTF-8' encoding to copy filtered resources.
2024-08-08 01:59:52,143 [Worker-239: Building] INFO  o.e.m.c.i.embedder.EclipseLogger - Using 'UTF-8' encoding to copy filtered properties files.
2024-08-08 01:59:52,143 [Worker-239: Building] INFO  o.e.m.c.i.embedder.EclipseLogger - skip non existing resourceDirectory D:\Sunbeam_Cdac\CDAC\FinalProject_J004\Project\Project\spring_boot_backend_security_jwt_template\src\test\resources
2024-08-08 02:00:43,299 [Worker-239: Building] INFO  o.e.m.c.i.embedder.EclipseLogger - Using 'UTF-8' encoding to copy filtered resources.
2024-08-08 02:00:43,299 [Worker-239: Building] INFO  o.e.m.c.i.embedder.EclipseLogger - Using 'UTF-8' encoding to copy filtered properties files.
2024-08-08 02:00:43,315 [Worker-239: Building] INFO  o.e.m.c.i.embedder.EclipseLogger - Copying 1 resource
2024-08-08 02:00:43,315 [Worker-239: Building] INFO  o.e.m.c.i.embedder.EclipseLogger - Copying 0 resource
2024-08-08 02:00:43,331 [Worker-239: Building] INFO  o.e.m.c.i.embedder.EclipseLogger - Using 'UTF-8' encoding to copy filtered resources.
2024-08-08 02:00:43,331 [Worker-239: Building] INFO  o.e.m.c.i.embedder.EclipseLogger - Using 'UTF-8' encoding to copy filtered properties files.
2024-08-08 02:00:43,331 [Worker-239: Building] INFO  o.e.m.c.i.embedder.EclipseLogger - skip non existing resourceDirectory D:\Sunbeam_Cdac\CDAC\FinalProject_J004\Project\Project\spring_boot_backend_security_jwt_template\src\test\resources
2024-08-08 02:00:55,969 [Worker-242: Building] INFO  o.e.m.c.i.embedder.EclipseLogger - Using 'UTF-8' encoding to copy filtered resources.
2024-08-08 02:00:55,969 [Worker-242: Building] INFO  o.e.m.c.i.embedder.EclipseLogger - Using 'UTF-8' encoding to copy filtered properties files.
2024-08-08 02:00:55,985 [Worker-242: Building] INFO  o.e.m.c.i.embedder.EclipseLogger - Copying 1 resource
2024-08-08 02:00:55,985 [Worker-242: Building] INFO  o.e.m.c.i.embedder.EclipseLogger - Copying 0 resource
2024-08-08 02:00:56,000 [Worker-242: Building] INFO  o.e.m.c.i.embedder.EclipseLogger - Using 'UTF-8' encoding to copy filtered resources.
2024-08-08 02:00:56,000 [Worker-242: Building] INFO  o.e.m.c.i.embedder.EclipseLogger - Using 'UTF-8' encoding to copy filtered properties files.
2024-08-08 02:00:56,000 [Worker-242: Building] INFO  o.e.m.c.i.embedder.EclipseLogger - skip non existing resourceDirectory D:\Sunbeam_Cdac\CDAC\FinalProject_J004\Project\Project\spring_boot_backend_security_jwt_template\src\test\resources
2024-08-08 02:01:11,711 [Worker-239: Building] INFO  o.e.m.c.i.embedder.EclipseLogger - Using 'UTF-8' encoding to copy filtered resources.
2024-08-08 02:01:11,711 [Worker-239: Building] INFO  o.e.m.c.i.embedder.EclipseLogger - Using 'UTF-8' encoding to copy filtered properties files.
2024-08-08 02:01:11,727 [Worker-239: Building] INFO  o.e.m.c.i.embedder.EclipseLogger - Copying 1 resource
2024-08-08 02:01:11,727 [Worker-239: Building] INFO  o.e.m.c.i.embedder.EclipseLogger - Copying 0 resource
2024-08-08 02:01:11,743 [Worker-239: Building] INFO  o.e.m.c.i.embedder.EclipseLogger - Using 'UTF-8' encoding to copy filtered resources.
2024-08-08 02:01:11,743 [Worker-239: Building] INFO  o.e.m.c.i.embedder.EclipseLogger - Using 'UTF-8' encoding to copy filtered properties files.
2024-08-08 02:01:11,743 [Worker-239: Building] INFO  o.e.m.c.i.embedder.EclipseLogger - skip non existing resourceDirectory D:\Sunbeam_Cdac\CDAC\FinalProject_J004\Project\Project\spring_boot_backend_security_jwt_template\src\test\resources
2024-08-08 02:01:16,797 [Worker-242: Building] INFO  o.e.m.c.i.embedder.EclipseLogger - Using 'UTF-8' encoding to copy filtered resources.
2024-08-08 02:01:16,797 [Worker-242: Building] INFO  o.e.m.c.i.embedder.EclipseLogger - Using 'UTF-8' encoding to copy filtered properties files.
2024-08-08 02:01:16,797 [Worker-242: Building] INFO  o.e.m.c.i.embedder.EclipseLogger - Copying 1 resource
2024-08-08 02:01:16,812 [Worker-242: Building] INFO  o.e.m.c.i.embedder.EclipseLogger - Copying 0 resource
2024-08-08 02:01:16,812 [Worker-242: Building] INFO  o.e.m.c.i.embedder.EclipseLogger - Using 'UTF-8' encoding to copy filtered resources.
2024-08-08 02:01:16,812 [Worker-242: Building] INFO  o.e.m.c.i.embedder.EclipseLogger - Using 'UTF-8' encoding to copy filtered properties files.
2024-08-08 02:01:16,812 [Worker-242: Building] INFO  o.e.m.c.i.embedder.EclipseLogger - skip non existing resourceDirectory D:\Sunbeam_Cdac\CDAC\FinalProject_J004\Project\Project\spring_boot_backend_security_jwt_template\src\test\resources
2024-08-08 02:01:34,190 [Worker-242: Building] INFO  o.e.m.c.i.embedder.EclipseLogger - Using 'UTF-8' encoding to copy filtered resources.
2024-08-08 02:01:34,190 [Worker-242: Building] INFO  o.e.m.c.i.embedder.EclipseLogger - Using 'UTF-8' encoding to copy filtered properties files.
2024-08-08 02:01:34,190 [Worker-242: Building] INFO  o.e.m.c.i.embedder.EclipseLogger - Copying 1 resource
2024-08-08 02:01:34,221 [Worker-242: Building] INFO  o.e.m.c.i.embedder.EclipseLogger - Copying 0 resource
2024-08-08 02:01:34,221 [Worker-242: Building] INFO  o.e.m.c.i.embedder.EclipseLogger - Using 'UTF-8' encoding to copy filtered resources.
2024-08-08 02:01:34,221 [Worker-242: Building] INFO  o.e.m.c.i.embedder.EclipseLogger - Using 'UTF-8' encoding to copy filtered properties files.
2024-08-08 02:01:34,221 [Worker-242: Building] INFO  o.e.m.c.i.embedder.EclipseLogger - skip non existing resourceDirectory D:\Sunbeam_Cdac\CDAC\FinalProject_J004\Project\Project\spring_boot_backend_security_jwt_template\src\test\resources
2024-08-08 02:04:07,857 [Worker-243: Building] INFO  o.e.m.c.i.embedder.EclipseLogger - Using 'UTF-8' encoding to copy filtered resources.
2024-08-08 02:04:07,857 [Worker-243: Building] INFO  o.e.m.c.i.embedder.EclipseLogger - Using 'UTF-8' encoding to copy filtered properties files.
2024-08-08 02:04:07,873 [Worker-243: Building] INFO  o.e.m.c.i.embedder.EclipseLogger - Copying 1 resource
2024-08-08 02:04:07,873 [Worker-243: Building] INFO  o.e.m.c.i.embedder.EclipseLogger - Copying 0 resource
2024-08-08 02:04:07,889 [Worker-243: Building] INFO  o.e.m.c.i.embedder.EclipseLogger - Using 'UTF-8' encoding to copy filtered resources.
2024-08-08 02:04:07,889 [Worker-243: Building] INFO  o.e.m.c.i.embedder.EclipseLogger - Using 'UTF-8' encoding to copy filtered properties files.
2024-08-08 02:04:07,889 [Worker-243: Building] INFO  o.e.m.c.i.embedder.EclipseLogger - skip non existing resourceDirectory D:\Sunbeam_Cdac\CDAC\FinalProject_J004\Project\Project\spring_boot_backend_security_jwt_template\src\test\resources
2024-08-08 02:04:17,190 [Worker-246: Building] INFO  o.e.m.c.i.embedder.EclipseLogger - Using 'UTF-8' encoding to copy filtered resources.
2024-08-08 02:04:17,190 [Worker-246: Building] INFO  o.e.m.c.i.embedder.EclipseLogger - Using 'UTF-8' encoding to copy filtered properties files.
2024-08-08 02:04:17,205 [Worker-246: Building] INFO  o.e.m.c.i.embedder.EclipseLogger - Copying 1 resource
2024-08-08 02:04:17,205 [Worker-246: Building] INFO  o.e.m.c.i.embedder.EclipseLogger - Copying 0 resource
2024-08-08 02:04:17,221 [Worker-246: Building] INFO  o.e.m.c.i.embedder.EclipseLogger - Using 'UTF-8' encoding to copy filtered resources.
2024-08-08 02:04:17,221 [Worker-246: Building] INFO  o.e.m.c.i.embedder.EclipseLogger - Using 'UTF-8' encoding to copy filtered properties files.
2024-08-08 02:04:17,221 [Worker-246: Building] INFO  o.e.m.c.i.embedder.EclipseLogger - skip non existing resourceDirectory D:\Sunbeam_Cdac\CDAC\FinalProject_J004\Project\Project\spring_boot_backend_security_jwt_template\src\test\resources
2024-08-08 02:04:48,694 [Worker-246: Building] INFO  o.e.m.c.i.embedder.EclipseLogger - Using 'UTF-8' encoding to copy filtered resources.
2024-08-08 02:04:48,694 [Worker-246: Building] INFO  o.e.m.c.i.embedder.EclipseLogger - Using 'UTF-8' encoding to copy filtered properties files.
2024-08-08 02:04:48,694 [Worker-246: Building] INFO  o.e.m.c.i.embedder.EclipseLogger - Copying 1 resource
2024-08-08 02:04:48,709 [Worker-246: Building] INFO  o.e.m.c.i.embedder.EclipseLogger - Copying 0 resource
2024-08-08 02:04:48,709 [Worker-246: Building] INFO  o.e.m.c.i.embedder.EclipseLogger - Using 'UTF-8' encoding to copy filtered resources.
2024-08-08 02:04:48,709 [Worker-246: Building] INFO  o.e.m.c.i.embedder.EclipseLogger - Using 'UTF-8' encoding to copy filtered properties files.
2024-08-08 02:04:48,709 [Worker-246: Building] INFO  o.e.m.c.i.embedder.EclipseLogger - skip non existing resourceDirectory D:\Sunbeam_Cdac\CDAC\FinalProject_J004\Project\Project\spring_boot_backend_security_jwt_template\src\test\resources
2024-08-08 02:30:34,855 [Worker-254: Building] INFO  o.e.m.c.i.embedder.EclipseLogger - Using 'UTF-8' encoding to copy filtered resources.
2024-08-08 02:30:34,855 [Worker-254: Building] INFO  o.e.m.c.i.embedder.EclipseLogger - Using 'UTF-8' encoding to copy filtered properties files.
2024-08-08 02:30:34,855 [Worker-254: Building] INFO  o.e.m.c.i.embedder.EclipseLogger - Copying 1 resource
2024-08-08 02:30:34,870 [Worker-254: Building] INFO  o.e.m.c.i.embedder.EclipseLogger - Copying 0 resource
2024-08-08 02:30:34,870 [Worker-254: Building] INFO  o.e.m.c.i.embedder.EclipseLogger - Using 'UTF-8' encoding to copy filtered resources.
2024-08-08 02:30:34,870 [Worker-254: Building] INFO  o.e.m.c.i.embedder.EclipseLogger - Using 'UTF-8' encoding to copy filtered properties files.
2024-08-08 02:30:34,870 [Worker-254: Building] INFO  o.e.m.c.i.embedder.EclipseLogger - skip non existing resourceDirectory D:\Sunbeam_Cdac\CDAC\FinalProject_J004\Project\Project\spring_boot_backend_security_jwt_template\src\test\resources
2024-08-08 02:30:56,924 [Worker-257: Building] INFO  o.e.m.c.i.embedder.EclipseLogger - Using 'UTF-8' encoding to copy filtered resources.
2024-08-08 02:30:56,924 [Worker-257: Building] INFO  o.e.m.c.i.embedder.EclipseLogger - Using 'UTF-8' encoding to copy filtered properties files.
2024-08-08 02:30:56,924 [Worker-257: Building] INFO  o.e.m.c.i.embedder.EclipseLogger - Copying 1 resource
2024-08-08 02:30:56,939 [Worker-257: Building] INFO  o.e.m.c.i.embedder.EclipseLogger - Copying 0 resource
2024-08-08 02:30:56,955 [Worker-257: Building] INFO  o.e.m.c.i.embedder.EclipseLogger - Using 'UTF-8' encoding to copy filtered resources.
2024-08-08 02:30:56,955 [Worker-257: Building] INFO  o.e.m.c.i.embedder.EclipseLogger - Using 'UTF-8' encoding to copy filtered properties files.
2024-08-08 02:30:56,955 [Worker-257: Building] INFO  o.e.m.c.i.embedder.EclipseLogger - skip non existing resourceDirectory D:\Sunbeam_Cdac\CDAC\FinalProject_J004\Project\Project\spring_boot_backend_security_jwt_template\src\test\resources
2024-08-08 02:32:07,085 [Worker-257: Building] INFO  o.e.m.c.i.embedder.EclipseLogger - Using 'UTF-8' encoding to copy filtered resources.
2024-08-08 02:32:07,085 [Worker-257: Building] INFO  o.e.m.c.i.embedder.EclipseLogger - Using 'UTF-8' encoding to copy filtered properties files.
2024-08-08 02:32:07,085 [Worker-257: Building] INFO  o.e.m.c.i.embedder.EclipseLogger - Copying 1 resource
2024-08-08 02:32:07,100 [Worker-257: Building] INFO  o.e.m.c.i.embedder.EclipseLogger - Copying 0 resource
2024-08-08 02:32:07,100 [Worker-257: Building] INFO  o.e.m.c.i.embedder.EclipseLogger - Using 'UTF-8' encoding to copy filtered resources.
2024-08-08 02:32:07,100 [Worker-257: Building] INFO  o.e.m.c.i.embedder.EclipseLogger - Using 'UTF-8' encoding to copy filtered properties files.
2024-08-08 02:32:07,100 [Worker-257: Building] INFO  o.e.m.c.i.embedder.EclipseLogger - skip non existing resourceDirectory D:\Sunbeam_Cdac\CDAC\FinalProject_J004\Project\Project\spring_boot_backend_security_jwt_template\src\test\resources
2024-08-08 02:33:18,162 [Worker-257: Building] INFO  o.e.m.c.i.embedder.EclipseLogger - Using 'UTF-8' encoding to copy filtered resources.
2024-08-08 02:33:18,162 [Worker-257: Building] INFO  o.e.m.c.i.embedder.EclipseLogger - Using 'UTF-8' encoding to copy filtered properties files.
2024-08-08 02:33:18,162 [Worker-257: Building] INFO  o.e.m.c.i.embedder.EclipseLogger - Copying 1 resource
2024-08-08 02:33:18,178 [Worker-257: Building] INFO  o.e.m.c.i.embedder.EclipseLogger - Copying 0 resource
2024-08-08 02:33:18,178 [Worker-257: Building] INFO  o.e.m.c.i.embedder.EclipseLogger - Using 'UTF-8' encoding to copy filtered resources.
2024-08-08 02:33:18,178 [Worker-257: Building] INFO  o.e.m.c.i.embedder.EclipseLogger - Using 'UTF-8' encoding to copy filtered properties files.
2024-08-08 02:33:18,178 [Worker-257: Building] INFO  o.e.m.c.i.embedder.EclipseLogger - skip non existing resourceDirectory D:\Sunbeam_Cdac\CDAC\FinalProject_J004\Project\Project\spring_boot_backend_security_jwt_template\src\test\resources
2024-08-08 02:33:24,243 [Worker-254: Building] INFO  o.e.m.c.i.embedder.EclipseLogger - Using 'UTF-8' encoding to copy filtered resources.
2024-08-08 02:33:24,243 [Worker-254: Building] INFO  o.e.m.c.i.embedder.EclipseLogger - Using 'UTF-8' encoding to copy filtered properties files.
2024-08-08 02:33:24,243 [Worker-254: Building] INFO  o.e.m.c.i.embedder.EclipseLogger - Copying 1 resource
2024-08-08 02:33:24,259 [Worker-254: Building] INFO  o.e.m.c.i.embedder.EclipseLogger - Copying 0 resource
2024-08-08 02:33:24,259 [Worker-254: Building] INFO  o.e.m.c.i.embedder.EclipseLogger - Using 'UTF-8' encoding to copy filtered resources.
2024-08-08 02:33:24,259 [Worker-254: Building] INFO  o.e.m.c.i.embedder.EclipseLogger - Using 'UTF-8' encoding to copy filtered properties files.
2024-08-08 02:33:24,259 [Worker-254: Building] INFO  o.e.m.c.i.embedder.EclipseLogger - skip non existing resourceDirectory D:\Sunbeam_Cdac\CDAC\FinalProject_J004\Project\Project\spring_boot_backend_security_jwt_template\src\test\resources
2024-08-08 02:34:09,295 [Worker-256: Building] INFO  o.e.m.c.i.embedder.EclipseLogger - Using 'UTF-8' encoding to copy filtered resources.
2024-08-08 02:34:09,295 [Worker-256: Building] INFO  o.e.m.c.i.embedder.EclipseLogger - Using 'UTF-8' encoding to copy filtered properties files.
2024-08-08 02:34:09,295 [Worker-256: Building] INFO  o.e.m.c.i.embedder.EclipseLogger - Copying 1 resource
2024-08-08 02:34:09,310 [Worker-256: Building] INFO  o.e.m.c.i.embedder.EclipseLogger - Copying 0 resource
2024-08-08 02:34:09,310 [Worker-256: Building] INFO  o.e.m.c.i.embedder.EclipseLogger - Using 'UTF-8' encoding to copy filtered resources.
2024-08-08 02:34:09,310 [Worker-256: Building] INFO  o.e.m.c.i.embedder.EclipseLogger - Using 'UTF-8' encoding to copy filtered properties files.
2024-08-08 02:34:09,310 [Worker-256: Building] INFO  o.e.m.c.i.embedder.EclipseLogger - skip non existing resourceDirectory D:\Sunbeam_Cdac\CDAC\FinalProject_J004\Project\Project\spring_boot_backend_security_jwt_template\src\test\resources
2024-08-08 02:34:44,670 [Worker-259: Building] INFO  o.e.m.c.i.embedder.EclipseLogger - Using 'UTF-8' encoding to copy filtered resources.
2024-08-08 02:34:44,670 [Worker-259: Building] INFO  o.e.m.c.i.embedder.EclipseLogger - Using 'UTF-8' encoding to copy filtered properties files.
2024-08-08 02:34:44,670 [Worker-259: Building] INFO  o.e.m.c.i.embedder.EclipseLogger - Copying 1 resource
2024-08-08 02:34:44,701 [Worker-259: Building] INFO  o.e.m.c.i.embedder.EclipseLogger - Copying 0 resource
2024-08-08 02:34:44,701 [Worker-259: Building] INFO  o.e.m.c.i.embedder.EclipseLogger - Using 'UTF-8' encoding to copy filtered resources.
2024-08-08 02:34:44,701 [Worker-259: Building] INFO  o.e.m.c.i.embedder.EclipseLogger - Using 'UTF-8' encoding to copy filtered properties files.
2024-08-08 02:34:44,701 [Worker-259: Building] INFO  o.e.m.c.i.embedder.EclipseLogger - skip non existing resourceDirectory D:\Sunbeam_Cdac\CDAC\FinalProject_J004\Project\Project\spring_boot_backend_security_jwt_template\src\test\resources
2024-08-08 02:35:05,305 [Worker-256: Building] INFO  o.e.m.c.i.embedder.EclipseLogger - Using 'UTF-8' encoding to copy filtered resources.
2024-08-08 02:35:05,305 [Worker-256: Building] INFO  o.e.m.c.i.embedder.EclipseLogger - Using 'UTF-8' encoding to copy filtered properties files.
2024-08-08 02:35:05,321 [Worker-256: Building] INFO  o.e.m.c.i.embedder.EclipseLogger - Copying 1 resource
2024-08-08 02:35:05,321 [Worker-256: Building] INFO  o.e.m.c.i.embedder.EclipseLogger - Copying 0 resource
2024-08-08 02:35:05,336 [Worker-256: Building] INFO  o.e.m.c.i.embedder.EclipseLogger - Using 'UTF-8' encoding to copy filtered resources.
2024-08-08 02:35:05,336 [Worker-256: Building] INFO  o.e.m.c.i.embedder.EclipseLogger - Using 'UTF-8' encoding to copy filtered properties files.
2024-08-08 02:35:05,336 [Worker-256: Building] INFO  o.e.m.c.i.embedder.EclipseLogger - skip non existing resourceDirectory D:\Sunbeam_Cdac\CDAC\FinalProject_J004\Project\Project\spring_boot_backend_security_jwt_template\src\test\resources
2024-08-08 02:35:10,216 [Worker-259: Building] INFO  o.e.m.c.i.embedder.EclipseLogger - Using 'UTF-8' encoding to copy filtered resources.
2024-08-08 02:35:10,216 [Worker-259: Building] INFO  o.e.m.c.i.embedder.EclipseLogger - Using 'UTF-8' encoding to copy filtered properties files.
2024-08-08 02:35:10,216 [Worker-259: Building] INFO  o.e.m.c.i.embedder.EclipseLogger - Copying 1 resource
2024-08-08 02:35:10,232 [Worker-259: Building] INFO  o.e.m.c.i.embedder.EclipseLogger - Copying 0 resource
2024-08-08 02:35:10,232 [Worker-259: Building] INFO  o.e.m.c.i.embedder.EclipseLogger - Using 'UTF-8' encoding to copy filtered resources.
2024-08-08 02:35:10,232 [Worker-259: Building] INFO  o.e.m.c.i.embedder.EclipseLogger - Using 'UTF-8' encoding to copy filtered properties files.
2024-08-08 02:35:10,232 [Worker-259: Building] INFO  o.e.m.c.i.embedder.EclipseLogger - skip non existing resourceDirectory D:\Sunbeam_Cdac\CDAC\FinalProject_J004\Project\Project\spring_boot_backend_security_jwt_template\src\test\resources
2024-08-08 02:35:17,177 [Worker-259: Building] INFO  o.e.m.c.i.embedder.EclipseLogger - Using 'UTF-8' encoding to copy filtered resources.
2024-08-08 02:35:17,177 [Worker-259: Building] INFO  o.e.m.c.i.embedder.EclipseLogger - Using 'UTF-8' encoding to copy filtered properties files.
2024-08-08 02:35:17,177 [Worker-259: Building] INFO  o.e.m.c.i.embedder.EclipseLogger - Copying 1 resource
2024-08-08 02:35:17,192 [Worker-259: Building] INFO  o.e.m.c.i.embedder.EclipseLogger - Copying 0 resource
2024-08-08 02:35:17,192 [Worker-259: Building] INFO  o.e.m.c.i.embedder.EclipseLogger - Using 'UTF-8' encoding to copy filtered resources.
2024-08-08 02:35:17,192 [Worker-259: Building] INFO  o.e.m.c.i.embedder.EclipseLogger - Using 'UTF-8' encoding to copy filtered properties files.
2024-08-08 02:35:17,192 [Worker-259: Building] INFO  o.e.m.c.i.embedder.EclipseLogger - skip non existing resourceDirectory D:\Sunbeam_Cdac\CDAC\FinalProject_J004\Project\Project\spring_boot_backend_security_jwt_template\src\test\resources
2024-08-08 02:35:34,218 [Worker-254: Building] INFO  o.e.m.c.i.embedder.EclipseLogger - Using 'UTF-8' encoding to copy filtered resources.
2024-08-08 02:35:34,218 [Worker-254: Building] INFO  o.e.m.c.i.embedder.EclipseLogger - Using 'UTF-8' encoding to copy filtered properties files.
2024-08-08 02:35:34,218 [Worker-254: Building] INFO  o.e.m.c.i.embedder.EclipseLogger - Copying 1 resource
2024-08-08 02:35:34,234 [Worker-254: Building] INFO  o.e.m.c.i.embedder.EclipseLogger - Copying 0 resource
2024-08-08 02:35:34,234 [Worker-254: Building] INFO  o.e.m.c.i.embedder.EclipseLogger - Using 'UTF-8' encoding to copy filtered resources.
2024-08-08 02:35:34,234 [Worker-254: Building] INFO  o.e.m.c.i.embedder.EclipseLogger - Using 'UTF-8' encoding to copy filtered properties files.
2024-08-08 02:35:34,234 [Worker-254: Building] INFO  o.e.m.c.i.embedder.EclipseLogger - skip non existing resourceDirectory D:\Sunbeam_Cdac\CDAC\FinalProject_J004\Project\Project\spring_boot_backend_security_jwt_template\src\test\resources
2024-08-08 02:35:41,033 [Worker-259: Building] INFO  o.e.m.c.i.embedder.EclipseLogger - Using 'UTF-8' encoding to copy filtered resources.
2024-08-08 02:35:41,033 [Worker-259: Building] INFO  o.e.m.c.i.embedder.EclipseLogger - Using 'UTF-8' encoding to copy filtered properties files.
2024-08-08 02:35:41,033 [Worker-259: Building] INFO  o.e.m.c.i.embedder.EclipseLogger - Copying 1 resource
2024-08-08 02:35:41,057 [Worker-259: Building] INFO  o.e.m.c.i.embedder.EclipseLogger - Copying 0 resource
2024-08-08 02:35:41,057 [Worker-259: Building] INFO  o.e.m.c.i.embedder.EclipseLogger - Using 'UTF-8' encoding to copy filtered resources.
2024-08-08 02:35:41,057 [Worker-259: Building] INFO  o.e.m.c.i.embedder.EclipseLogger - Using 'UTF-8' encoding to copy filtered properties files.
2024-08-08 02:35:41,057 [Worker-259: Building] INFO  o.e.m.c.i.embedder.EclipseLogger - skip non existing resourceDirectory D:\Sunbeam_Cdac\CDAC\FinalProject_J004\Project\Project\spring_boot_backend_security_jwt_template\src\test\resources
2024-08-08 02:35:48,301 [Worker-259: Building] INFO  o.e.m.c.i.embedder.EclipseLogger - Using 'UTF-8' encoding to copy filtered resources.
2024-08-08 02:35:48,301 [Worker-259: Building] INFO  o.e.m.c.i.embedder.EclipseLogger - Using 'UTF-8' encoding to copy filtered properties files.
2024-08-08 02:35:48,317 [Worker-259: Building] INFO  o.e.m.c.i.embedder.EclipseLogger - Copying 1 resource
2024-08-08 02:35:48,317 [Worker-259: Building] INFO  o.e.m.c.i.embedder.EclipseLogger - Copying 0 resource
2024-08-08 02:35:48,333 [Worker-259: Building] INFO  o.e.m.c.i.embedder.EclipseLogger - Using 'UTF-8' encoding to copy filtered resources.
2024-08-08 02:35:48,333 [Worker-259: Building] INFO  o.e.m.c.i.embedder.EclipseLogger - Using 'UTF-8' encoding to copy filtered properties files.
2024-08-08 02:35:48,333 [Worker-259: Building] INFO  o.e.m.c.i.embedder.EclipseLogger - skip non existing resourceDirectory D:\Sunbeam_Cdac\CDAC\FinalProject_J004\Project\Project\spring_boot_backend_security_jwt_template\src\test\resources
2024-08-08 02:36:54,927 [Worker-258: Building] INFO  o.e.m.c.i.embedder.EclipseLogger - Using 'UTF-8' encoding to copy filtered resources.
2024-08-08 02:36:54,927 [Worker-258: Building] INFO  o.e.m.c.i.embedder.EclipseLogger - Using 'UTF-8' encoding to copy filtered properties files.
2024-08-08 02:36:54,927 [Worker-258: Building] INFO  o.e.m.c.i.embedder.EclipseLogger - Copying 1 resource
2024-08-08 02:36:54,958 [Worker-258: Building] INFO  o.e.m.c.i.embedder.EclipseLogger - Copying 0 resource
2024-08-08 02:36:54,958 [Worker-258: Building] INFO  o.e.m.c.i.embedder.EclipseLogger - Using 'UTF-8' encoding to copy filtered resources.
2024-08-08 02:36:54,958 [Worker-258: Building] INFO  o.e.m.c.i.embedder.EclipseLogger - Using 'UTF-8' encoding to copy filtered properties files.
2024-08-08 02:36:54,958 [Worker-258: Building] INFO  o.e.m.c.i.embedder.EclipseLogger - skip non existing resourceDirectory D:\Sunbeam_Cdac\CDAC\FinalProject_J004\Project\Project\spring_boot_backend_security_jwt_template\src\test\resources
2024-08-08 02:37:32,447 [Worker-254: Updating Maven Project] INFO  o.e.m.c.i.p.ProjectConfigurationManager - Update started
2024-08-08 02:37:33,105 [Worker-254: Updating Maven Project] INFO  o.e.m.c.i.l.LifecycleMappingFactory - Using org.eclipse.m2e.jdt.JarLifecycleMapping lifecycle mapping for MavenProject: com.example:spring_boot_backend_security_jwt_template:0.0.1 @ D:\Sunbeam_Cdac\CDAC\FinalProject_J004\Project\Project\spring_boot_backend_security_jwt_template\pom.xml.
2024-08-08 02:37:34,076 [Worker-254: Updating Maven Project] INFO  o.e.m.j.i.AbstractJavaProjectConfigurator - Adding source folder /spring_boot_backend_security_jwt_template/src/main/java
2024-08-08 02:37:34,076 [Worker-254: Updating Maven Project] INFO  o.e.m.j.i.AbstractJavaProjectConfigurator - Adding resource folder /spring_boot_backend_security_jwt_template/src/main/resources
2024-08-08 02:37:34,076 [Worker-254: Updating Maven Project] INFO  o.e.m.j.i.AbstractJavaProjectConfigurator - Adding resource folder /spring_boot_backend_security_jwt_template/src/main/resources
2024-08-08 02:37:34,076 [Worker-254: Updating Maven Project] INFO  o.e.m.j.i.AbstractJavaProjectConfigurator - Adding source folder /spring_boot_backend_security_jwt_template/src/test/java
2024-08-08 02:37:34,279 [Worker-254: Updating Maven Project] INFO  o.e.m.c.i.p.ProjectConfigurationManager - Update completed: 1 sec
2024-08-08 02:37:35,578 [Worker-259: Building] INFO  o.e.m.c.i.embedder.EclipseLogger - Using 'UTF-8' encoding to copy filtered resources.
2024-08-08 02:37:35,578 [Worker-259: Building] INFO  o.e.m.c.i.embedder.EclipseLogger - Using 'UTF-8' encoding to copy filtered properties files.
2024-08-08 02:37:35,578 [Worker-259: Building] INFO  o.e.m.c.i.embedder.EclipseLogger - Copying 1 resource
2024-08-08 02:37:35,594 [Worker-259: Building] INFO  o.e.m.c.i.embedder.EclipseLogger - Copying 0 resource
2024-08-08 02:37:35,594 [Worker-259: Building] INFO  o.e.m.c.i.embedder.EclipseLogger - Using 'UTF-8' encoding to copy filtered resources.
2024-08-08 02:37:35,594 [Worker-259: Building] INFO  o.e.m.c.i.embedder.EclipseLogger - Using 'UTF-8' encoding to copy filtered properties files.
2024-08-08 02:37:35,594 [Worker-259: Building] INFO  o.e.m.c.i.embedder.EclipseLogger - skip non existing resourceDirectory D:\Sunbeam_Cdac\CDAC\FinalProject_J004\Project\Project\spring_boot_backend_security_jwt_template\src\test\resources
2024-08-08 02:38:21,686 [Worker-258: Building] INFO  o.e.m.c.i.embedder.EclipseLogger - Using 'UTF-8' encoding to copy filtered resources.
2024-08-08 02:38:21,686 [Worker-258: Building] INFO  o.e.m.c.i.embedder.EclipseLogger - Using 'UTF-8' encoding to copy filtered properties files.
2024-08-08 02:38:21,686 [Worker-258: Building] INFO  o.e.m.c.i.embedder.EclipseLogger - Copying 1 resource
2024-08-08 02:38:21,702 [Worker-258: Building] INFO  o.e.m.c.i.embedder.EclipseLogger - Copying 0 resource
2024-08-08 02:38:21,702 [Worker-258: Building] INFO  o.e.m.c.i.embedder.EclipseLogger - Using 'UTF-8' encoding to copy filtered resources.
2024-08-08 02:38:21,702 [Worker-258: Building] INFO  o.e.m.c.i.embedder.EclipseLogger - Using 'UTF-8' encoding to copy filtered properties files.
2024-08-08 02:38:21,702 [Worker-258: Building] INFO  o.e.m.c.i.embedder.EclipseLogger - skip non existing resourceDirectory D:\Sunbeam_Cdac\CDAC\FinalProject_J004\Project\Project\spring_boot_backend_security_jwt_template\src\test\resources
2024-08-08 02:39:04,864 [Worker-256: Building] INFO  o.e.m.c.i.embedder.EclipseLogger - Using 'UTF-8' encoding to copy filtered resources.
2024-08-08 02:39:04,864 [Worker-256: Building] INFO  o.e.m.c.i.embedder.EclipseLogger - Using 'UTF-8' encoding to copy filtered properties files.
2024-08-08 02:39:04,864 [Worker-256: Building] INFO  o.e.m.c.i.embedder.EclipseLogger - Copying 1 resource
2024-08-08 02:39:04,879 [Worker-256: Building] INFO  o.e.m.c.i.embedder.EclipseLogger - Copying 0 resource
2024-08-08 02:39:04,879 [Worker-256: Building] INFO  o.e.m.c.i.embedder.EclipseLogger - Using 'UTF-8' encoding to copy filtered resources.
2024-08-08 02:39:04,879 [Worker-256: Building] INFO  o.e.m.c.i.embedder.EclipseLogger - Using 'UTF-8' encoding to copy filtered properties files.
2024-08-08 02:39:04,879 [Worker-256: Building] INFO  o.e.m.c.i.embedder.EclipseLogger - skip non existing resourceDirectory D:\Sunbeam_Cdac\CDAC\FinalProject_J004\Project\Project\spring_boot_backend_security_jwt_template\src\test\resources
2024-08-08 02:40:13,500 [Worker-262: Building] INFO  o.e.m.c.i.embedder.EclipseLogger - Using 'UTF-8' encoding to copy filtered resources.
2024-08-08 02:40:13,500 [Worker-262: Building] INFO  o.e.m.c.i.embedder.EclipseLogger - Using 'UTF-8' encoding to copy filtered properties files.
2024-08-08 02:40:13,500 [Worker-262: Building] INFO  o.e.m.c.i.embedder.EclipseLogger - Copying 1 resource
2024-08-08 02:40:13,516 [Worker-262: Building] INFO  o.e.m.c.i.embedder.EclipseLogger - Copying 0 resource
2024-08-08 02:40:13,516 [Worker-262: Building] INFO  o.e.m.c.i.embedder.EclipseLogger - Using 'UTF-8' encoding to copy filtered resources.
2024-08-08 02:40:13,516 [Worker-262: Building] INFO  o.e.m.c.i.embedder.EclipseLogger - Using 'UTF-8' encoding to copy filtered properties files.
2024-08-08 02:40:13,516 [Worker-262: Building] INFO  o.e.m.c.i.embedder.EclipseLogger - skip non existing resourceDirectory D:\Sunbeam_Cdac\CDAC\FinalProject_J004\Project\Project\spring_boot_backend_security_jwt_template\src\test\resources
2024-08-08 02:40:34,206 [Worker-262: Building] INFO  o.e.m.c.i.embedder.EclipseLogger - Using 'UTF-8' encoding to copy filtered resources.
2024-08-08 02:40:34,206 [Worker-262: Building] INFO  o.e.m.c.i.embedder.EclipseLogger - Using 'UTF-8' encoding to copy filtered properties files.
2024-08-08 02:40:34,206 [Worker-262: Building] INFO  o.e.m.c.i.embedder.EclipseLogger - Copying 1 resource
2024-08-08 02:40:34,222 [Worker-262: Building] INFO  o.e.m.c.i.embedder.EclipseLogger - Copying 0 resource
2024-08-08 02:40:34,222 [Worker-262: Building] INFO  o.e.m.c.i.embedder.EclipseLogger - Using 'UTF-8' encoding to copy filtered resources.
2024-08-08 02:40:34,222 [Worker-262: Building] INFO  o.e.m.c.i.embedder.EclipseLogger - Using 'UTF-8' encoding to copy filtered properties files.
2024-08-08 02:40:34,222 [Worker-262: Building] INFO  o.e.m.c.i.embedder.EclipseLogger - skip non existing resourceDirectory D:\Sunbeam_Cdac\CDAC\FinalProject_J004\Project\Project\spring_boot_backend_security_jwt_template\src\test\resources
2024-08-08 02:40:49,591 [Worker-256: Building] INFO  o.e.m.c.i.embedder.EclipseLogger - Using 'UTF-8' encoding to copy filtered resources.
2024-08-08 02:40:49,591 [Worker-256: Building] INFO  o.e.m.c.i.embedder.EclipseLogger - Using 'UTF-8' encoding to copy filtered properties files.
2024-08-08 02:40:49,591 [Worker-256: Building] INFO  o.e.m.c.i.embedder.EclipseLogger - Copying 1 resource
2024-08-08 02:40:49,606 [Worker-256: Building] INFO  o.e.m.c.i.embedder.EclipseLogger - Copying 0 resource
2024-08-08 02:40:49,622 [Worker-256: Building] INFO  o.e.m.c.i.embedder.EclipseLogger - Using 'UTF-8' encoding to copy filtered resources.
2024-08-08 02:40:49,622 [Worker-256: Building] INFO  o.e.m.c.i.embedder.EclipseLogger - Using 'UTF-8' encoding to copy filtered properties files.
2024-08-08 02:40:49,622 [Worker-256: Building] INFO  o.e.m.c.i.embedder.EclipseLogger - skip non existing resourceDirectory D:\Sunbeam_Cdac\CDAC\FinalProject_J004\Project\Project\spring_boot_backend_security_jwt_template\src\test\resources
2024-08-08 02:43:58,050 [Worker-256: Building] INFO  o.e.m.c.i.embedder.EclipseLogger - Using 'UTF-8' encoding to copy filtered resources.
2024-08-08 02:43:58,050 [Worker-256: Building] INFO  o.e.m.c.i.embedder.EclipseLogger - Using 'UTF-8' encoding to copy filtered properties files.
2024-08-08 02:43:58,050 [Worker-256: Building] INFO  o.e.m.c.i.embedder.EclipseLogger - Copying 1 resource
2024-08-08 02:43:58,081 [Worker-256: Building] INFO  o.e.m.c.i.embedder.EclipseLogger - Copying 0 resource
2024-08-08 02:43:58,081 [Worker-256: Building] INFO  o.e.m.c.i.embedder.EclipseLogger - Using 'UTF-8' encoding to copy filtered resources.
2024-08-08 02:43:58,081 [Worker-256: Building] INFO  o.e.m.c.i.embedder.EclipseLogger - Using 'UTF-8' encoding to copy filtered properties files.
2024-08-08 02:43:58,081 [Worker-256: Building] INFO  o.e.m.c.i.embedder.EclipseLogger - skip non existing resourceDirectory D:\Sunbeam_Cdac\CDAC\FinalProject_J004\Project\Project\spring_boot_backend_security_jwt_template\src\test\resources
2024-08-08 02:45:46,302 [Worker-256: Building] INFO  o.e.m.c.i.embedder.EclipseLogger - Using 'UTF-8' encoding to copy filtered resources.
2024-08-08 02:45:46,302 [Worker-256: Building] INFO  o.e.m.c.i.embedder.EclipseLogger - Using 'UTF-8' encoding to copy filtered properties files.
2024-08-08 02:45:46,302 [Worker-256: Building] INFO  o.e.m.c.i.embedder.EclipseLogger - Copying 1 resource
2024-08-08 02:45:46,334 [Worker-256: Building] INFO  o.e.m.c.i.embedder.EclipseLogger - Copying 0 resource
2024-08-08 02:45:46,334 [Worker-256: Building] INFO  o.e.m.c.i.embedder.EclipseLogger - Using 'UTF-8' encoding to copy filtered resources.
2024-08-08 02:45:46,334 [Worker-256: Building] INFO  o.e.m.c.i.embedder.EclipseLogger - Using 'UTF-8' encoding to copy filtered properties files.
2024-08-08 02:45:46,334 [Worker-256: Building] INFO  o.e.m.c.i.embedder.EclipseLogger - skip non existing resourceDirectory D:\Sunbeam_Cdac\CDAC\FinalProject_J004\Project\Project\spring_boot_backend_security_jwt_template\src\test\resources
2024-08-08 02:46:19,612 [Worker-265: Building] INFO  o.e.m.c.i.embedder.EclipseLogger - Using 'UTF-8' encoding to copy filtered resources.
2024-08-08 02:46:19,612 [Worker-265: Building] INFO  o.e.m.c.i.embedder.EclipseLogger - Using 'UTF-8' encoding to copy filtered properties files.
2024-08-08 02:46:19,612 [Worker-265: Building] INFO  o.e.m.c.i.embedder.EclipseLogger - Copying 1 resource
2024-08-08 02:46:19,628 [Worker-265: Building] INFO  o.e.m.c.i.embedder.EclipseLogger - Copying 0 resource
2024-08-08 02:46:19,628 [Worker-265: Building] INFO  o.e.m.c.i.embedder.EclipseLogger - Using 'UTF-8' encoding to copy filtered resources.
2024-08-08 02:46:19,628 [Worker-265: Building] INFO  o.e.m.c.i.embedder.EclipseLogger - Using 'UTF-8' encoding to copy filtered properties files.
2024-08-08 02:46:19,628 [Worker-265: Building] INFO  o.e.m.c.i.embedder.EclipseLogger - skip non existing resourceDirectory D:\Sunbeam_Cdac\CDAC\FinalProject_J004\Project\Project\spring_boot_backend_security_jwt_template\src\test\resources
2024-08-08 02:47:32,189 [Worker-263: Building] INFO  o.e.m.c.i.embedder.EclipseLogger - Using 'UTF-8' encoding to copy filtered resources.
2024-08-08 02:47:32,189 [Worker-263: Building] INFO  o.e.m.c.i.embedder.EclipseLogger - Using 'UTF-8' encoding to copy filtered properties files.
2024-08-08 02:47:32,189 [Worker-263: Building] INFO  o.e.m.c.i.embedder.EclipseLogger - Copying 1 resource
2024-08-08 02:47:32,220 [Worker-263: Building] INFO  o.e.m.c.i.embedder.EclipseLogger - Copying 0 resource
2024-08-08 02:47:32,220 [Worker-263: Building] INFO  o.e.m.c.i.embedder.EclipseLogger - Using 'UTF-8' encoding to copy filtered resources.
2024-08-08 02:47:32,220 [Worker-263: Building] INFO  o.e.m.c.i.embedder.EclipseLogger - Using 'UTF-8' encoding to copy filtered properties files.
2024-08-08 02:47:32,220 [Worker-263: Building] INFO  o.e.m.c.i.embedder.EclipseLogger - skip non existing resourceDirectory D:\Sunbeam_Cdac\CDAC\FinalProject_J004\Project\Project\spring_boot_backend_security_jwt_template\src\test\resources
2024-08-08 10:08:53,511 [Worker-266: Building] INFO  o.e.m.c.i.embedder.EclipseLogger - Using 'UTF-8' encoding to copy filtered resources.
2024-08-08 10:08:53,511 [Worker-266: Building] INFO  o.e.m.c.i.embedder.EclipseLogger - Using 'UTF-8' encoding to copy filtered properties files.
2024-08-08 10:08:53,511 [Worker-266: Building] INFO  o.e.m.c.i.embedder.EclipseLogger - Copying 1 resource
2024-08-08 10:08:53,518 [Worker-266: Building] INFO  o.e.m.c.i.embedder.EclipseLogger - Copying 0 resource
2024-08-08 10:08:53,518 [Worker-266: Building] INFO  o.e.m.c.i.embedder.EclipseLogger - Using 'UTF-8' encoding to copy filtered resources.
2024-08-08 10:08:53,525 [Worker-266: Building] INFO  o.e.m.c.i.embedder.EclipseLogger - Using 'UTF-8' encoding to copy filtered properties files.
2024-08-08 10:08:53,525 [Worker-266: Building] INFO  o.e.m.c.i.embedder.EclipseLogger - skip non existing resourceDirectory D:\Sunbeam_Cdac\CDAC\FinalProject_J004\Project\Project\spring_boot_backend_security_jwt_template\src\test\resources
2024-08-08 10:13:45,743 [Worker-271: Building] INFO  o.e.m.c.i.embedder.EclipseLogger - Using 'UTF-8' encoding to copy filtered resources.
2024-08-08 10:13:45,743 [Worker-271: Building] INFO  o.e.m.c.i.embedder.EclipseLogger - Using 'UTF-8' encoding to copy filtered properties files.
2024-08-08 10:13:45,743 [Worker-271: Building] INFO  o.e.m.c.i.embedder.EclipseLogger - Copying 1 resource
2024-08-08 10:13:45,759 [Worker-271: Building] INFO  o.e.m.c.i.embedder.EclipseLogger - Copying 0 resource
2024-08-08 10:13:45,759 [Worker-271: Building] INFO  o.e.m.c.i.embedder.EclipseLogger - Using 'UTF-8' encoding to copy filtered resources.
2024-08-08 10:13:45,759 [Worker-271: Building] INFO  o.e.m.c.i.embedder.EclipseLogger - Using 'UTF-8' encoding to copy filtered properties files.
2024-08-08 10:13:45,759 [Worker-271: Building] INFO  o.e.m.c.i.embedder.EclipseLogger - skip non existing resourceDirectory D:\Sunbeam_Cdac\CDAC\FinalProject_J004\Project\Project\spring_boot_backend_security_jwt_template\src\test\resources
2024-08-08 10:15:13,232 [Worker-271: Building] INFO  o.e.m.c.i.embedder.EclipseLogger - Using 'UTF-8' encoding to copy filtered resources.
2024-08-08 10:15:13,232 [Worker-271: Building] INFO  o.e.m.c.i.embedder.EclipseLogger - Using 'UTF-8' encoding to copy filtered properties files.
2024-08-08 10:15:13,232 [Worker-271: Building] INFO  o.e.m.c.i.embedder.EclipseLogger - Copying 1 resource
2024-08-08 10:15:13,232 [Worker-271: Building] INFO  o.e.m.c.i.embedder.EclipseLogger - Copying 0 resource
2024-08-08 10:15:13,232 [Worker-271: Building] INFO  o.e.m.c.i.embedder.EclipseLogger - Using 'UTF-8' encoding to copy filtered resources.
2024-08-08 10:15:13,232 [Worker-271: Building] INFO  o.e.m.c.i.embedder.EclipseLogger - Using 'UTF-8' encoding to copy filtered properties files.
2024-08-08 10:15:13,232 [Worker-271: Building] INFO  o.e.m.c.i.embedder.EclipseLogger - skip non existing resourceDirectory D:\Sunbeam_Cdac\CDAC\FinalProject_J004\Project\Project\spring_boot_backend_security_jwt_template\src\test\resources
2024-08-08 10:19:13,675 [Worker-274: Building] INFO  o.e.m.c.i.embedder.EclipseLogger - Using 'UTF-8' encoding to copy filtered resources.
2024-08-08 10:19:13,675 [Worker-274: Building] INFO  o.e.m.c.i.embedder.EclipseLogger - Using 'UTF-8' encoding to copy filtered properties files.
2024-08-08 10:19:13,675 [Worker-274: Building] INFO  o.e.m.c.i.embedder.EclipseLogger - Copying 1 resource
2024-08-08 10:19:13,675 [Worker-274: Building] INFO  o.e.m.c.i.embedder.EclipseLogger - Copying 0 resource
2024-08-08 10:19:13,675 [Worker-274: Building] INFO  o.e.m.c.i.embedder.EclipseLogger - Using 'UTF-8' encoding to copy filtered resources.
2024-08-08 10:19:13,675 [Worker-274: Building] INFO  o.e.m.c.i.embedder.EclipseLogger - Using 'UTF-8' encoding to copy filtered properties files.
2024-08-08 10:19:13,675 [Worker-274: Building] INFO  o.e.m.c.i.embedder.EclipseLogger - skip non existing resourceDirectory D:\Sunbeam_Cdac\CDAC\FinalProject_J004\Project\Project\spring_boot_backend_security_jwt_template\src\test\resources
2024-08-08 10:21:30,951 [Worker-273: Updating Maven Project] INFO  o.e.m.c.i.p.ProjectConfigurationManager - Update started
2024-08-08 10:21:31,359 [Worker-273: Updating Maven Project] INFO  o.e.m.c.i.l.LifecycleMappingFactory - Using org.eclipse.m2e.jdt.JarLifecycleMapping lifecycle mapping for MavenProject: com.example:spring_boot_backend_security_jwt_template:0.0.1 @ D:\Sunbeam_Cdac\CDAC\FinalProject_J004\Project\Project\spring_boot_backend_security_jwt_template\pom.xml.
2024-08-08 10:21:32,019 [Worker-273: Updating Maven Project] INFO  o.e.m.j.i.AbstractJavaProjectConfigurator - Adding source folder /spring_boot_backend_security_jwt_template/src/main/java
2024-08-08 10:21:32,019 [Worker-273: Updating Maven Project] INFO  o.e.m.j.i.AbstractJavaProjectConfigurator - Adding resource folder /spring_boot_backend_security_jwt_template/src/main/resources
2024-08-08 10:21:32,019 [Worker-273: Updating Maven Project] INFO  o.e.m.j.i.AbstractJavaProjectConfigurator - Adding resource folder /spring_boot_backend_security_jwt_template/src/main/resources
2024-08-08 10:21:32,019 [Worker-273: Updating Maven Project] INFO  o.e.m.j.i.AbstractJavaProjectConfigurator - Adding source folder /spring_boot_backend_security_jwt_template/src/test/java
2024-08-08 10:21:32,160 [Worker-273: Updating Maven Project] INFO  o.e.m.c.i.p.ProjectConfigurationManager - Update completed: 1 sec
2024-08-08 10:21:32,819 [Worker-271: Building] INFO  o.e.m.c.i.embedder.EclipseLogger - Using 'UTF-8' encoding to copy filtered resources.
2024-08-08 10:21:32,819 [Worker-271: Building] INFO  o.e.m.c.i.embedder.EclipseLogger - Using 'UTF-8' encoding to copy filtered properties files.
2024-08-08 10:21:32,819 [Worker-271: Building] INFO  o.e.m.c.i.embedder.EclipseLogger - Copying 1 resource
2024-08-08 10:21:32,835 [Worker-271: Building] INFO  o.e.m.c.i.embedder.EclipseLogger - Copying 0 resource
2024-08-08 10:21:32,835 [Worker-271: Building] INFO  o.e.m.c.i.embedder.EclipseLogger - Using 'UTF-8' encoding to copy filtered resources.
2024-08-08 10:21:32,835 [Worker-271: Building] INFO  o.e.m.c.i.embedder.EclipseLogger - Using 'UTF-8' encoding to copy filtered properties files.
2024-08-08 10:21:32,835 [Worker-271: Building] INFO  o.e.m.c.i.embedder.EclipseLogger - skip non existing resourceDirectory D:\Sunbeam_Cdac\CDAC\FinalProject_J004\Project\Project\spring_boot_backend_security_jwt_template\src\test\resources
2024-08-08 10:22:19,190 [Worker-275: Building] INFO  o.e.m.c.i.embedder.EclipseLogger - Using 'UTF-8' encoding to copy filtered resources.
2024-08-08 10:22:19,190 [Worker-275: Building] INFO  o.e.m.c.i.embedder.EclipseLogger - Using 'UTF-8' encoding to copy filtered properties files.
2024-08-08 10:22:19,190 [Worker-275: Building] INFO  o.e.m.c.i.embedder.EclipseLogger - Copying 1 resource
2024-08-08 10:22:19,206 [Worker-275: Building] INFO  o.e.m.c.i.embedder.EclipseLogger - Copying 0 resource
2024-08-08 10:22:19,206 [Worker-275: Building] INFO  o.e.m.c.i.embedder.EclipseLogger - Using 'UTF-8' encoding to copy filtered resources.
2024-08-08 10:22:19,206 [Worker-275: Building] INFO  o.e.m.c.i.embedder.EclipseLogger - Using 'UTF-8' encoding to copy filtered properties files.
2024-08-08 10:22:19,206 [Worker-275: Building] INFO  o.e.m.c.i.embedder.EclipseLogger - skip non existing resourceDirectory D:\Sunbeam_Cdac\CDAC\FinalProject_J004\Project\Project\spring_boot_backend_security_jwt_template\src\test\resources
2024-08-08 10:22:49,381 [Worker-274: Building] INFO  o.e.m.c.i.embedder.EclipseLogger - Using 'UTF-8' encoding to copy filtered resources.
2024-08-08 10:22:49,381 [Worker-274: Building] INFO  o.e.m.c.i.embedder.EclipseLogger - Using 'UTF-8' encoding to copy filtered properties files.
2024-08-08 10:22:49,381 [Worker-274: Building] INFO  o.e.m.c.i.embedder.EclipseLogger - Copying 1 resource
2024-08-08 10:22:49,396 [Worker-274: Building] INFO  o.e.m.c.i.embedder.EclipseLogger - Copying 0 resource
2024-08-08 10:22:49,396 [Worker-274: Building] INFO  o.e.m.c.i.embedder.EclipseLogger - Using 'UTF-8' encoding to copy filtered resources.
2024-08-08 10:22:49,396 [Worker-274: Building] INFO  o.e.m.c.i.embedder.EclipseLogger - Using 'UTF-8' encoding to copy filtered properties files.
2024-08-08 10:22:49,396 [Worker-274: Building] INFO  o.e.m.c.i.embedder.EclipseLogger - skip non existing resourceDirectory D:\Sunbeam_Cdac\CDAC\FinalProject_J004\Project\Project\spring_boot_backend_security_jwt_template\src\test\resources
2024-08-08 10:23:05,244 [Worker-274: Building] INFO  o.e.m.c.i.embedder.EclipseLogger - Using 'UTF-8' encoding to copy filtered resources.
2024-08-08 10:23:05,244 [Worker-274: Building] INFO  o.e.m.c.i.embedder.EclipseLogger - Using 'UTF-8' encoding to copy filtered properties files.
2024-08-08 10:23:05,244 [Worker-274: Building] INFO  o.e.m.c.i.embedder.EclipseLogger - Copying 1 resource
2024-08-08 10:23:05,259 [Worker-274: Building] INFO  o.e.m.c.i.embedder.EclipseLogger - Copying 0 resource
2024-08-08 10:23:05,275 [Worker-274: Building] INFO  o.e.m.c.i.embedder.EclipseLogger - Using 'UTF-8' encoding to copy filtered resources.
2024-08-08 10:23:05,275 [Worker-274: Building] INFO  o.e.m.c.i.embedder.EclipseLogger - Using 'UTF-8' encoding to copy filtered properties files.
2024-08-08 10:23:05,275 [Worker-274: Building] INFO  o.e.m.c.i.embedder.EclipseLogger - skip non existing resourceDirectory D:\Sunbeam_Cdac\CDAC\FinalProject_J004\Project\Project\spring_boot_backend_security_jwt_template\src\test\resources
2024-08-08 10:24:55,338 [Worker-271: Building] INFO  o.e.m.c.i.embedder.EclipseLogger - Using 'UTF-8' encoding to copy filtered resources.
2024-08-08 10:24:55,338 [Worker-271: Building] INFO  o.e.m.c.i.embedder.EclipseLogger - Using 'UTF-8' encoding to copy filtered properties files.
2024-08-08 10:24:55,338 [Worker-271: Building] INFO  o.e.m.c.i.embedder.EclipseLogger - Copying 1 resource
2024-08-08 10:24:55,353 [Worker-271: Building] INFO  o.e.m.c.i.embedder.EclipseLogger - Copying 0 resource
2024-08-08 10:24:55,369 [Worker-271: Building] INFO  o.e.m.c.i.embedder.EclipseLogger - Using 'UTF-8' encoding to copy filtered resources.
2024-08-08 10:24:55,369 [Worker-271: Building] INFO  o.e.m.c.i.embedder.EclipseLogger - Using 'UTF-8' encoding to copy filtered properties files.
2024-08-08 10:24:55,369 [Worker-271: Building] INFO  o.e.m.c.i.embedder.EclipseLogger - skip non existing resourceDirectory D:\Sunbeam_Cdac\CDAC\FinalProject_J004\Project\Project\spring_boot_backend_security_jwt_template\src\test\resources
2024-08-08 10:28:13,365 [Worker-281: Building] INFO  o.e.m.c.i.embedder.EclipseLogger - Using 'UTF-8' encoding to copy filtered resources.
2024-08-08 10:28:13,365 [Worker-281: Building] INFO  o.e.m.c.i.embedder.EclipseLogger - Using 'UTF-8' encoding to copy filtered properties files.
2024-08-08 10:28:13,365 [Worker-281: Building] INFO  o.e.m.c.i.embedder.EclipseLogger - Copying 1 resource
2024-08-08 10:28:13,380 [Worker-281: Building] INFO  o.e.m.c.i.embedder.EclipseLogger - Copying 0 resource
2024-08-08 10:28:13,380 [Worker-281: Building] INFO  o.e.m.c.i.embedder.EclipseLogger - Using 'UTF-8' encoding to copy filtered resources.
2024-08-08 10:28:13,380 [Worker-281: Building] INFO  o.e.m.c.i.embedder.EclipseLogger - Using 'UTF-8' encoding to copy filtered properties files.
2024-08-08 10:28:13,380 [Worker-281: Building] INFO  o.e.m.c.i.embedder.EclipseLogger - skip non existing resourceDirectory D:\Sunbeam_Cdac\CDAC\FinalProject_J004\Project\Project\spring_boot_backend_security_jwt_template\src\test\resources
2024-08-08 10:40:32,231 [Worker-283: Building] INFO  o.e.m.c.i.embedder.EclipseLogger - Using 'UTF-8' encoding to copy filtered resources.
2024-08-08 10:40:32,231 [Worker-283: Building] INFO  o.e.m.c.i.embedder.EclipseLogger - Using 'UTF-8' encoding to copy filtered properties files.
2024-08-08 10:40:32,231 [Worker-283: Building] INFO  o.e.m.c.i.embedder.EclipseLogger - Copying 1 resource
2024-08-08 10:40:32,231 [Worker-283: Building] INFO  o.e.m.c.i.embedder.EclipseLogger - Copying 0 resource
2024-08-08 10:40:32,231 [Worker-283: Building] INFO  o.e.m.c.i.embedder.EclipseLogger - Using 'UTF-8' encoding to copy filtered resources.
2024-08-08 10:40:32,231 [Worker-283: Building] INFO  o.e.m.c.i.embedder.EclipseLogger - Using 'UTF-8' encoding to copy filtered properties files.
2024-08-08 10:40:32,231 [Worker-283: Building] INFO  o.e.m.c.i.embedder.EclipseLogger - skip non existing resourceDirectory D:\Sunbeam_Cdac\CDAC\FinalProject_J004\Project\Project\spring_boot_backend_security_jwt_template\src\test\resources
2024-08-08 10:41:41,662 [Worker-282: Building] INFO  o.e.m.c.i.embedder.EclipseLogger - Using 'UTF-8' encoding to copy filtered resources.
2024-08-08 10:41:41,662 [Worker-282: Building] INFO  o.e.m.c.i.embedder.EclipseLogger - Using 'UTF-8' encoding to copy filtered properties files.
2024-08-08 10:41:41,662 [Worker-282: Building] INFO  o.e.m.c.i.embedder.EclipseLogger - Copying 1 resource
2024-08-08 10:41:41,678 [Worker-282: Building] INFO  o.e.m.c.i.embedder.EclipseLogger - Copying 0 resource
2024-08-08 10:41:41,678 [Worker-282: Building] INFO  o.e.m.c.i.embedder.EclipseLogger - Using 'UTF-8' encoding to copy filtered resources.
2024-08-08 10:41:41,678 [Worker-282: Building] INFO  o.e.m.c.i.embedder.EclipseLogger - Using 'UTF-8' encoding to copy filtered properties files.
2024-08-08 10:41:41,678 [Worker-282: Building] INFO  o.e.m.c.i.embedder.EclipseLogger - skip non existing resourceDirectory D:\Sunbeam_Cdac\CDAC\FinalProject_J004\Project\Project\spring_boot_backend_security_jwt_template\src\test\resources
2024-08-08 10:41:51,511 [Worker-283: Building] INFO  o.e.m.c.i.embedder.EclipseLogger - Using 'UTF-8' encoding to copy filtered resources.
2024-08-08 10:41:51,511 [Worker-283: Building] INFO  o.e.m.c.i.embedder.EclipseLogger - Using 'UTF-8' encoding to copy filtered properties files.
2024-08-08 10:41:51,511 [Worker-283: Building] INFO  o.e.m.c.i.embedder.EclipseLogger - Copying 1 resource
2024-08-08 10:41:51,526 [Worker-283: Building] INFO  o.e.m.c.i.embedder.EclipseLogger - Copying 0 resource
2024-08-08 10:41:51,526 [Worker-283: Building] INFO  o.e.m.c.i.embedder.EclipseLogger - Using 'UTF-8' encoding to copy filtered resources.
2024-08-08 10:41:51,526 [Worker-283: Building] INFO  o.e.m.c.i.embedder.EclipseLogger - Using 'UTF-8' encoding to copy filtered properties files.
2024-08-08 10:41:51,526 [Worker-283: Building] INFO  o.e.m.c.i.embedder.EclipseLogger - skip non existing resourceDirectory D:\Sunbeam_Cdac\CDAC\FinalProject_J004\Project\Project\spring_boot_backend_security_jwt_template\src\test\resources
2024-08-08 10:46:58,014 [Worker-286: Building] INFO  o.e.m.c.i.embedder.EclipseLogger - Using 'UTF-8' encoding to copy filtered resources.
2024-08-08 10:46:58,014 [Worker-286: Building] INFO  o.e.m.c.i.embedder.EclipseLogger - Using 'UTF-8' encoding to copy filtered properties files.
2024-08-08 10:46:58,014 [Worker-286: Building] INFO  o.e.m.c.i.embedder.EclipseLogger - Copying 1 resource
2024-08-08 10:46:58,014 [Worker-286: Building] INFO  o.e.m.c.i.embedder.EclipseLogger - Copying 0 resource
2024-08-08 10:46:58,014 [Worker-286: Building] INFO  o.e.m.c.i.embedder.EclipseLogger - Using 'UTF-8' encoding to copy filtered resources.
2024-08-08 10:46:58,014 [Worker-286: Building] INFO  o.e.m.c.i.embedder.EclipseLogger - Using 'UTF-8' encoding to copy filtered properties files.
2024-08-08 10:46:58,014 [Worker-286: Building] INFO  o.e.m.c.i.embedder.EclipseLogger - skip non existing resourceDirectory D:\Sunbeam_Cdac\CDAC\FinalProject_J004\Project\Project\spring_boot_backend_security_jwt_template\src\test\resources
2024-08-08 10:47:08,440 [Worker-283: Building] INFO  o.e.m.c.i.embedder.EclipseLogger - Using 'UTF-8' encoding to copy filtered resources.
2024-08-08 10:47:08,440 [Worker-283: Building] INFO  o.e.m.c.i.embedder.EclipseLogger - Using 'UTF-8' encoding to copy filtered properties files.
2024-08-08 10:47:08,440 [Worker-283: Building] INFO  o.e.m.c.i.embedder.EclipseLogger - Copying 1 resource
2024-08-08 10:47:08,456 [Worker-283: Building] INFO  o.e.m.c.i.embedder.EclipseLogger - Copying 0 resource
2024-08-08 10:47:08,456 [Worker-283: Building] INFO  o.e.m.c.i.embedder.EclipseLogger - Using 'UTF-8' encoding to copy filtered resources.
2024-08-08 10:47:08,456 [Worker-283: Building] INFO  o.e.m.c.i.embedder.EclipseLogger - Using 'UTF-8' encoding to copy filtered properties files.
2024-08-08 10:47:08,456 [Worker-283: Building] INFO  o.e.m.c.i.embedder.EclipseLogger - skip non existing resourceDirectory D:\Sunbeam_Cdac\CDAC\FinalProject_J004\Project\Project\spring_boot_backend_security_jwt_template\src\test\resources
2024-08-08 10:50:19,193 [Worker-283: Building] INFO  o.e.m.c.i.embedder.EclipseLogger - Using 'UTF-8' encoding to copy filtered resources.
2024-08-08 10:50:19,193 [Worker-283: Building] INFO  o.e.m.c.i.embedder.EclipseLogger - Using 'UTF-8' encoding to copy filtered properties files.
2024-08-08 10:50:19,193 [Worker-283: Building] INFO  o.e.m.c.i.embedder.EclipseLogger - Copying 1 resource
2024-08-08 10:50:19,208 [Worker-283: Building] INFO  o.e.m.c.i.embedder.EclipseLogger - Copying 0 resource
2024-08-08 10:50:19,208 [Worker-283: Building] INFO  o.e.m.c.i.embedder.EclipseLogger - Using 'UTF-8' encoding to copy filtered resources.
2024-08-08 10:50:19,208 [Worker-283: Building] INFO  o.e.m.c.i.embedder.EclipseLogger - Using 'UTF-8' encoding to copy filtered properties files.
2024-08-08 10:50:19,208 [Worker-283: Building] INFO  o.e.m.c.i.embedder.EclipseLogger - skip non existing resourceDirectory D:\Sunbeam_Cdac\CDAC\FinalProject_J004\Project\Project\spring_boot_backend_security_jwt_template\src\test\resources
2024-08-08 10:52:01,871 [Worker-283: Building] INFO  o.e.m.c.i.embedder.EclipseLogger - Using 'UTF-8' encoding to copy filtered resources.
2024-08-08 10:52:01,871 [Worker-283: Building] INFO  o.e.m.c.i.embedder.EclipseLogger - Using 'UTF-8' encoding to copy filtered properties files.
2024-08-08 10:52:01,871 [Worker-283: Building] INFO  o.e.m.c.i.embedder.EclipseLogger - Copying 1 resource
2024-08-08 10:52:01,886 [Worker-283: Building] INFO  o.e.m.c.i.embedder.EclipseLogger - Copying 0 resource
2024-08-08 10:52:01,886 [Worker-283: Building] INFO  o.e.m.c.i.embedder.EclipseLogger - Using 'UTF-8' encoding to copy filtered resources.
2024-08-08 10:52:01,886 [Worker-283: Building] INFO  o.e.m.c.i.embedder.EclipseLogger - Using 'UTF-8' encoding to copy filtered properties files.
2024-08-08 10:52:01,886 [Worker-283: Building] INFO  o.e.m.c.i.embedder.EclipseLogger - skip non existing resourceDirectory D:\Sunbeam_Cdac\CDAC\FinalProject_J004\Project\Project\spring_boot_backend_security_jwt_template\src\test\resources
2024-08-08 10:52:36,272 [Worker-286: Building] INFO  o.e.m.c.i.embedder.EclipseLogger - Using 'UTF-8' encoding to copy filtered resources.
2024-08-08 10:52:36,272 [Worker-286: Building] INFO  o.e.m.c.i.embedder.EclipseLogger - Using 'UTF-8' encoding to copy filtered properties files.
2024-08-08 10:52:36,272 [Worker-286: Building] INFO  o.e.m.c.i.embedder.EclipseLogger - Copying 1 resource
2024-08-08 10:52:36,288 [Worker-286: Building] INFO  o.e.m.c.i.embedder.EclipseLogger - Copying 0 resource
2024-08-08 10:52:36,288 [Worker-286: Building] INFO  o.e.m.c.i.embedder.EclipseLogger - Using 'UTF-8' encoding to copy filtered resources.
2024-08-08 10:52:36,288 [Worker-286: Building] INFO  o.e.m.c.i.embedder.EclipseLogger - Using 'UTF-8' encoding to copy filtered properties files.
2024-08-08 10:52:36,288 [Worker-286: Building] INFO  o.e.m.c.i.embedder.EclipseLogger - skip non existing resourceDirectory D:\Sunbeam_Cdac\CDAC\FinalProject_J004\Project\Project\spring_boot_backend_security_jwt_template\src\test\resources
2024-08-08 10:53:41,268 [Worker-289: Building] INFO  o.e.m.c.i.embedder.EclipseLogger - Using 'UTF-8' encoding to copy filtered resources.
2024-08-08 10:53:41,268 [Worker-289: Building] INFO  o.e.m.c.i.embedder.EclipseLogger - Using 'UTF-8' encoding to copy filtered properties files.
2024-08-08 10:53:41,268 [Worker-289: Building] INFO  o.e.m.c.i.embedder.EclipseLogger - Copying 1 resource
2024-08-08 10:53:41,284 [Worker-289: Building] INFO  o.e.m.c.i.embedder.EclipseLogger - Copying 0 resource
2024-08-08 10:53:41,284 [Worker-289: Building] INFO  o.e.m.c.i.embedder.EclipseLogger - Using 'UTF-8' encoding to copy filtered resources.
2024-08-08 10:53:41,284 [Worker-289: Building] INFO  o.e.m.c.i.embedder.EclipseLogger - Using 'UTF-8' encoding to copy filtered properties files.
2024-08-08 10:53:41,284 [Worker-289: Building] INFO  o.e.m.c.i.embedder.EclipseLogger - skip non existing resourceDirectory D:\Sunbeam_Cdac\CDAC\FinalProject_J004\Project\Project\spring_boot_backend_security_jwt_template\src\test\resources
2024-08-08 10:53:47,963 [Worker-276: Building] INFO  o.e.m.c.i.embedder.EclipseLogger - Using 'UTF-8' encoding to copy filtered resources.
2024-08-08 10:53:47,963 [Worker-276: Building] INFO  o.e.m.c.i.embedder.EclipseLogger - Using 'UTF-8' encoding to copy filtered properties files.
2024-08-08 10:53:47,963 [Worker-276: Building] INFO  o.e.m.c.i.embedder.EclipseLogger - Copying 1 resource
2024-08-08 10:53:47,979 [Worker-276: Building] INFO  o.e.m.c.i.embedder.EclipseLogger - Copying 0 resource
2024-08-08 10:53:47,979 [Worker-276: Building] INFO  o.e.m.c.i.embedder.EclipseLogger - Using 'UTF-8' encoding to copy filtered resources.
2024-08-08 10:53:47,979 [Worker-276: Building] INFO  o.e.m.c.i.embedder.EclipseLogger - Using 'UTF-8' encoding to copy filtered properties files.
2024-08-08 10:53:47,979 [Worker-276: Building] INFO  o.e.m.c.i.embedder.EclipseLogger - skip non existing resourceDirectory D:\Sunbeam_Cdac\CDAC\FinalProject_J004\Project\Project\spring_boot_backend_security_jwt_template\src\test\resources
2024-08-08 11:02:05,976 [Worker-288: Updating Maven Project] INFO  o.e.m.c.i.p.ProjectConfigurationManager - Update started
2024-08-08 11:02:06,320 [Worker-288: Updating Maven Project] INFO  o.e.m.c.i.l.LifecycleMappingFactory - Using org.eclipse.m2e.jdt.JarLifecycleMapping lifecycle mapping for MavenProject: com.example:spring_boot_backend_security_jwt_template:0.0.1 @ D:\Sunbeam_Cdac\CDAC\FinalProject_J004\Project\Project\spring_boot_backend_security_jwt_template\pom.xml.
2024-08-08 11:02:06,868 [Worker-288: Updating Maven Project] INFO  o.e.m.j.i.AbstractJavaProjectConfigurator - Adding source folder /spring_boot_backend_security_jwt_template/src/main/java
2024-08-08 11:02:06,868 [Worker-288: Updating Maven Project] INFO  o.e.m.j.i.AbstractJavaProjectConfigurator - Adding resource folder /spring_boot_backend_security_jwt_template/src/main/resources
2024-08-08 11:02:06,868 [Worker-288: Updating Maven Project] INFO  o.e.m.j.i.AbstractJavaProjectConfigurator - Adding resource folder /spring_boot_backend_security_jwt_template/src/main/resources
2024-08-08 11:02:06,868 [Worker-288: Updating Maven Project] INFO  o.e.m.j.i.AbstractJavaProjectConfigurator - Adding source folder /spring_boot_backend_security_jwt_template/src/test/java
2024-08-08 11:02:07,025 [Worker-288: Updating Maven Project] INFO  o.e.m.c.i.p.ProjectConfigurationManager - Update completed: 1 sec
2024-08-08 11:02:07,884 [Worker-293: Building] INFO  o.e.m.c.i.embedder.EclipseLogger - Using 'UTF-8' encoding to copy filtered resources.
2024-08-08 11:02:07,884 [Worker-293: Building] INFO  o.e.m.c.i.embedder.EclipseLogger - Using 'UTF-8' encoding to copy filtered properties files.
2024-08-08 11:02:07,884 [Worker-293: Building] INFO  o.e.m.c.i.embedder.EclipseLogger - Copying 1 resource
2024-08-08 11:02:07,900 [Worker-293: Building] INFO  o.e.m.c.i.embedder.EclipseLogger - Copying 0 resource
2024-08-08 11:02:07,900 [Worker-293: Building] INFO  o.e.m.c.i.embedder.EclipseLogger - Using 'UTF-8' encoding to copy filtered resources.
2024-08-08 11:02:07,900 [Worker-293: Building] INFO  o.e.m.c.i.embedder.EclipseLogger - Using 'UTF-8' encoding to copy filtered properties files.
2024-08-08 11:02:07,900 [Worker-293: Building] INFO  o.e.m.c.i.embedder.EclipseLogger - skip non existing resourceDirectory D:\Sunbeam_Cdac\CDAC\FinalProject_J004\Project\Project\spring_boot_backend_security_jwt_template\src\test\resources
2024-08-08 11:04:05,345 [Worker-288: Building] INFO  o.e.m.c.i.embedder.EclipseLogger - Using 'UTF-8' encoding to copy filtered resources.
2024-08-08 11:04:05,345 [Worker-288: Building] INFO  o.e.m.c.i.embedder.EclipseLogger - Using 'UTF-8' encoding to copy filtered properties files.
2024-08-08 11:04:05,360 [Worker-288: Building] INFO  o.e.m.c.i.embedder.EclipseLogger - Copying 1 resource
2024-08-08 11:04:05,360 [Worker-288: Building] INFO  o.e.m.c.i.embedder.EclipseLogger - Copying 0 resource
2024-08-08 11:04:05,360 [Worker-288: Building] INFO  o.e.m.c.i.embedder.EclipseLogger - Using 'UTF-8' encoding to copy filtered resources.
2024-08-08 11:04:05,360 [Worker-288: Building] INFO  o.e.m.c.i.embedder.EclipseLogger - Using 'UTF-8' encoding to copy filtered properties files.
2024-08-08 11:04:05,360 [Worker-288: Building] INFO  o.e.m.c.i.embedder.EclipseLogger - skip non existing resourceDirectory D:\Sunbeam_Cdac\CDAC\FinalProject_J004\Project\Project\spring_boot_backend_security_jwt_template\src\test\resources
2024-08-08 11:05:45,344 [Worker-288: Building] INFO  o.e.m.c.i.embedder.EclipseLogger - Using 'UTF-8' encoding to copy filtered resources.
2024-08-08 11:05:45,344 [Worker-288: Building] INFO  o.e.m.c.i.embedder.EclipseLogger - Using 'UTF-8' encoding to copy filtered properties files.
2024-08-08 11:05:45,344 [Worker-288: Building] INFO  o.e.m.c.i.embedder.EclipseLogger - Copying 1 resource
2024-08-08 11:05:45,360 [Worker-288: Building] INFO  o.e.m.c.i.embedder.EclipseLogger - Copying 0 resource
2024-08-08 11:05:45,360 [Worker-288: Building] INFO  o.e.m.c.i.embedder.EclipseLogger - Using 'UTF-8' encoding to copy filtered resources.
2024-08-08 11:05:45,360 [Worker-288: Building] INFO  o.e.m.c.i.embedder.EclipseLogger - Using 'UTF-8' encoding to copy filtered properties files.
2024-08-08 11:05:45,360 [Worker-288: Building] INFO  o.e.m.c.i.embedder.EclipseLogger - skip non existing resourceDirectory D:\Sunbeam_Cdac\CDAC\FinalProject_J004\Project\Project\spring_boot_backend_security_jwt_template\src\test\resources
2024-08-08 11:07:03,969 [Worker-291: Updating Maven Project] INFO  o.e.m.c.i.p.ProjectConfigurationManager - Update started
2024-08-08 11:07:04,297 [Worker-291: Updating Maven Project] INFO  o.e.m.c.i.l.LifecycleMappingFactory - Using org.eclipse.m2e.jdt.JarLifecycleMapping lifecycle mapping for MavenProject: com.example:spring_boot_backend_security_jwt_template:0.0.1 @ D:\Sunbeam_Cdac\CDAC\FinalProject_J004\Project\Project\spring_boot_backend_security_jwt_template\pom.xml.
2024-08-08 11:07:04,797 [Worker-291: Updating Maven Project] INFO  o.e.m.j.i.AbstractJavaProjectConfigurator - Adding source folder /spring_boot_backend_security_jwt_template/src/main/java
2024-08-08 11:07:04,797 [Worker-291: Updating Maven Project] INFO  o.e.m.j.i.AbstractJavaProjectConfigurator - Adding resource folder /spring_boot_backend_security_jwt_template/src/main/resources
2024-08-08 11:07:04,797 [Worker-291: Updating Maven Project] INFO  o.e.m.j.i.AbstractJavaProjectConfigurator - Adding resource folder /spring_boot_backend_security_jwt_template/src/main/resources
2024-08-08 11:07:04,797 [Worker-291: Updating Maven Project] INFO  o.e.m.j.i.AbstractJavaProjectConfigurator - Adding source folder /spring_boot_backend_security_jwt_template/src/test/java
2024-08-08 11:07:04,906 [Worker-291: Updating Maven Project] INFO  o.e.m.c.i.p.ProjectConfigurationManager - Update completed: 0 sec
2024-08-08 11:07:05,720 [Worker-291: Building] INFO  o.e.m.c.i.embedder.EclipseLogger - Using 'UTF-8' encoding to copy filtered resources.
2024-08-08 11:07:05,720 [Worker-291: Building] INFO  o.e.m.c.i.embedder.EclipseLogger - Using 'UTF-8' encoding to copy filtered properties files.
2024-08-08 11:07:05,720 [Worker-291: Building] INFO  o.e.m.c.i.embedder.EclipseLogger - Copying 1 resource
2024-08-08 11:07:05,736 [Worker-291: Building] INFO  o.e.m.c.i.embedder.EclipseLogger - Copying 0 resource
2024-08-08 11:07:05,736 [Worker-291: Building] INFO  o.e.m.c.i.embedder.EclipseLogger - Using 'UTF-8' encoding to copy filtered resources.
2024-08-08 11:07:05,736 [Worker-291: Building] INFO  o.e.m.c.i.embedder.EclipseLogger - Using 'UTF-8' encoding to copy filtered properties files.
2024-08-08 11:07:05,736 [Worker-291: Building] INFO  o.e.m.c.i.embedder.EclipseLogger - skip non existing resourceDirectory D:\Sunbeam_Cdac\CDAC\FinalProject_J004\Project\Project\spring_boot_backend_security_jwt_template\src\test\resources
2024-08-08 11:07:11,973 [Worker-297: Launching spring_boot_backend_security_jwt_template - Application] INFO  o.e.m.c.i.embedder.EclipseLogger - Using 'UTF-8' encoding to copy filtered resources.
2024-08-08 11:07:11,973 [Worker-297: Launching spring_boot_backend_security_jwt_template - Application] INFO  o.e.m.c.i.embedder.EclipseLogger - Using 'UTF-8' encoding to copy filtered properties files.
2024-08-08 11:07:11,973 [Worker-297: Launching spring_boot_backend_security_jwt_template - Application] INFO  o.e.m.c.i.embedder.EclipseLogger - Copying 1 resource
2024-08-08 11:07:11,973 [Worker-297: Launching spring_boot_backend_security_jwt_template - Application] INFO  o.e.m.c.i.embedder.EclipseLogger - Copying 0 resource
2024-08-08 11:07:11,973 [Worker-297: Launching spring_boot_backend_security_jwt_template - Application] INFO  o.e.m.c.i.embedder.EclipseLogger - Using 'UTF-8' encoding to copy filtered resources.
2024-08-08 11:07:11,973 [Worker-297: Launching spring_boot_backend_security_jwt_template - Application] INFO  o.e.m.c.i.embedder.EclipseLogger - Using 'UTF-8' encoding to copy filtered properties files.
2024-08-08 11:07:11,973 [Worker-297: Launching spring_boot_backend_security_jwt_template - Application] INFO  o.e.m.c.i.embedder.EclipseLogger - skip non existing resourceDirectory D:\Sunbeam_Cdac\CDAC\FinalProject_J004\Project\Project\spring_boot_backend_security_jwt_template\src\test\resources
2024-08-08 11:07:49,046 [Worker-288: Building] INFO  o.e.m.c.i.embedder.EclipseLogger - Using 'UTF-8' encoding to copy filtered resources.
2024-08-08 11:07:49,046 [Worker-288: Building] INFO  o.e.m.c.i.embedder.EclipseLogger - Using 'UTF-8' encoding to copy filtered properties files.
2024-08-08 11:07:49,046 [Worker-288: Building] INFO  o.e.m.c.i.embedder.EclipseLogger - Copying 1 resource
2024-08-08 11:07:49,062 [Worker-288: Building] INFO  o.e.m.c.i.embedder.EclipseLogger - Copying 0 resource
2024-08-08 11:07:49,062 [Worker-288: Building] INFO  o.e.m.c.i.embedder.EclipseLogger - Using 'UTF-8' encoding to copy filtered resources.
2024-08-08 11:07:49,062 [Worker-288: Building] INFO  o.e.m.c.i.embedder.EclipseLogger - Using 'UTF-8' encoding to copy filtered properties files.
2024-08-08 11:07:49,062 [Worker-288: Building] INFO  o.e.m.c.i.embedder.EclipseLogger - skip non existing resourceDirectory D:\Sunbeam_Cdac\CDAC\FinalProject_J004\Project\Project\spring_boot_backend_security_jwt_template\src\test\resources
2024-08-08 11:08:51,135 [Worker-291: Building] INFO  o.e.m.c.i.embedder.EclipseLogger - Using 'UTF-8' encoding to copy filtered resources.
2024-08-08 11:08:51,135 [Worker-291: Building] INFO  o.e.m.c.i.embedder.EclipseLogger - Using 'UTF-8' encoding to copy filtered properties files.
2024-08-08 11:08:51,135 [Worker-291: Building] INFO  o.e.m.c.i.embedder.EclipseLogger - Copying 1 resource
2024-08-08 11:08:51,151 [Worker-291: Building] INFO  o.e.m.c.i.embedder.EclipseLogger - Copying 0 resource
2024-08-08 11:08:51,151 [Worker-291: Building] INFO  o.e.m.c.i.embedder.EclipseLogger - Using 'UTF-8' encoding to copy filtered resources.
2024-08-08 11:08:51,151 [Worker-291: Building] INFO  o.e.m.c.i.embedder.EclipseLogger - Using 'UTF-8' encoding to copy filtered properties files.
2024-08-08 11:08:51,151 [Worker-291: Building] INFO  o.e.m.c.i.embedder.EclipseLogger - skip non existing resourceDirectory D:\Sunbeam_Cdac\CDAC\FinalProject_J004\Project\Project\spring_boot_backend_security_jwt_template\src\test\resources
2024-08-08 11:09:08,792 [Worker-296: Building] INFO  o.e.m.c.i.embedder.EclipseLogger - Using 'UTF-8' encoding to copy filtered resources.
2024-08-08 11:09:08,792 [Worker-296: Building] INFO  o.e.m.c.i.embedder.EclipseLogger - Using 'UTF-8' encoding to copy filtered properties files.
2024-08-08 11:09:08,792 [Worker-296: Building] INFO  o.e.m.c.i.embedder.EclipseLogger - Copying 1 resource
2024-08-08 11:09:08,792 [Worker-296: Building] INFO  o.e.m.c.i.embedder.EclipseLogger - Copying 0 resource
2024-08-08 11:09:08,792 [Worker-296: Building] INFO  o.e.m.c.i.embedder.EclipseLogger - Using 'UTF-8' encoding to copy filtered resources.
2024-08-08 11:09:08,792 [Worker-296: Building] INFO  o.e.m.c.i.embedder.EclipseLogger - Using 'UTF-8' encoding to copy filtered properties files.
2024-08-08 11:09:08,792 [Worker-296: Building] INFO  o.e.m.c.i.embedder.EclipseLogger - skip non existing resourceDirectory D:\Sunbeam_Cdac\CDAC\FinalProject_J004\Project\Project\spring_boot_backend_security_jwt_template\src\test\resources
2024-08-08 11:09:54,736 [Worker-298: Building] INFO  o.e.m.c.i.embedder.EclipseLogger - Using 'UTF-8' encoding to copy filtered resources.
2024-08-08 11:09:54,736 [Worker-298: Building] INFO  o.e.m.c.i.embedder.EclipseLogger - Using 'UTF-8' encoding to copy filtered properties files.
2024-08-08 11:09:54,736 [Worker-298: Building] INFO  o.e.m.c.i.embedder.EclipseLogger - Copying 1 resource
2024-08-08 11:09:54,736 [Worker-298: Building] INFO  o.e.m.c.i.embedder.EclipseLogger - Copying 0 resource
2024-08-08 11:09:54,736 [Worker-298: Building] INFO  o.e.m.c.i.embedder.EclipseLogger - Using 'UTF-8' encoding to copy filtered resources.
2024-08-08 11:09:54,736 [Worker-298: Building] INFO  o.e.m.c.i.embedder.EclipseLogger - Using 'UTF-8' encoding to copy filtered properties files.
2024-08-08 11:09:54,736 [Worker-298: Building] INFO  o.e.m.c.i.embedder.EclipseLogger - skip non existing resourceDirectory D:\Sunbeam_Cdac\CDAC\FinalProject_J004\Project\Project\spring_boot_backend_security_jwt_template\src\test\resources
2024-08-08 11:09:59,893 [Worker-288: Building] INFO  o.e.m.c.i.embedder.EclipseLogger - Using 'UTF-8' encoding to copy filtered resources.
2024-08-08 11:09:59,893 [Worker-288: Building] INFO  o.e.m.c.i.embedder.EclipseLogger - Using 'UTF-8' encoding to copy filtered properties files.
2024-08-08 11:09:59,908 [Worker-288: Building] INFO  o.e.m.c.i.embedder.EclipseLogger - Copying 1 resource
2024-08-08 11:09:59,908 [Worker-288: Building] INFO  o.e.m.c.i.embedder.EclipseLogger - Copying 0 resource
2024-08-08 11:09:59,908 [Worker-288: Building] INFO  o.e.m.c.i.embedder.EclipseLogger - Using 'UTF-8' encoding to copy filtered resources.
2024-08-08 11:09:59,908 [Worker-288: Building] INFO  o.e.m.c.i.embedder.EclipseLogger - Using 'UTF-8' encoding to copy filtered properties files.
2024-08-08 11:09:59,908 [Worker-288: Building] INFO  o.e.m.c.i.embedder.EclipseLogger - skip non existing resourceDirectory D:\Sunbeam_Cdac\CDAC\FinalProject_J004\Project\Project\spring_boot_backend_security_jwt_template\src\test\resources
2024-08-08 11:10:04,315 [Worker-292: Building] INFO  o.e.m.c.i.embedder.EclipseLogger - Using 'UTF-8' encoding to copy filtered resources.
2024-08-08 11:10:04,315 [Worker-292: Building] INFO  o.e.m.c.i.embedder.EclipseLogger - Using 'UTF-8' encoding to copy filtered properties files.
2024-08-08 11:10:04,315 [Worker-292: Building] INFO  o.e.m.c.i.embedder.EclipseLogger - Copying 1 resource
2024-08-08 11:10:04,315 [Worker-292: Building] INFO  o.e.m.c.i.embedder.EclipseLogger - Copying 0 resource
2024-08-08 11:10:04,330 [Worker-292: Building] INFO  o.e.m.c.i.embedder.EclipseLogger - Using 'UTF-8' encoding to copy filtered resources.
2024-08-08 11:10:04,330 [Worker-292: Building] INFO  o.e.m.c.i.embedder.EclipseLogger - Using 'UTF-8' encoding to copy filtered properties files.
2024-08-08 11:10:04,330 [Worker-292: Building] INFO  o.e.m.c.i.embedder.EclipseLogger - skip non existing resourceDirectory D:\Sunbeam_Cdac\CDAC\FinalProject_J004\Project\Project\spring_boot_backend_security_jwt_template\src\test\resources
2024-08-08 11:10:16,682 [Worker-297: Building] INFO  o.e.m.c.i.embedder.EclipseLogger - Using 'UTF-8' encoding to copy filtered resources.
2024-08-08 11:10:16,682 [Worker-297: Building] INFO  o.e.m.c.i.embedder.EclipseLogger - Using 'UTF-8' encoding to copy filtered properties files.
2024-08-08 11:10:16,682 [Worker-297: Building] INFO  o.e.m.c.i.embedder.EclipseLogger - Copying 1 resource
2024-08-08 11:10:16,682 [Worker-297: Building] INFO  o.e.m.c.i.embedder.EclipseLogger - Copying 0 resource
2024-08-08 11:10:16,682 [Worker-297: Building] INFO  o.e.m.c.i.embedder.EclipseLogger - Using 'UTF-8' encoding to copy filtered resources.
2024-08-08 11:10:16,682 [Worker-297: Building] INFO  o.e.m.c.i.embedder.EclipseLogger - Using 'UTF-8' encoding to copy filtered properties files.
2024-08-08 11:10:16,682 [Worker-297: Building] INFO  o.e.m.c.i.embedder.EclipseLogger - skip non existing resourceDirectory D:\Sunbeam_Cdac\CDAC\FinalProject_J004\Project\Project\spring_boot_backend_security_jwt_template\src\test\resources
2024-08-08 11:10:20,230 [Worker-288: Building] INFO  o.e.m.c.i.embedder.EclipseLogger - Using 'UTF-8' encoding to copy filtered resources.
2024-08-08 11:10:20,230 [Worker-288: Building] INFO  o.e.m.c.i.embedder.EclipseLogger - Using 'UTF-8' encoding to copy filtered properties files.
2024-08-08 11:10:20,230 [Worker-288: Building] INFO  o.e.m.c.i.embedder.EclipseLogger - Copying 1 resource
2024-08-08 11:10:20,230 [Worker-288: Building] INFO  o.e.m.c.i.embedder.EclipseLogger - Copying 0 resource
2024-08-08 11:10:20,230 [Worker-288: Building] INFO  o.e.m.c.i.embedder.EclipseLogger - Using 'UTF-8' encoding to copy filtered resources.
2024-08-08 11:10:20,230 [Worker-288: Building] INFO  o.e.m.c.i.embedder.EclipseLogger - Using 'UTF-8' encoding to copy filtered properties files.
2024-08-08 11:10:20,230 [Worker-288: Building] INFO  o.e.m.c.i.embedder.EclipseLogger - skip non existing resourceDirectory D:\Sunbeam_Cdac\CDAC\FinalProject_J004\Project\Project\spring_boot_backend_security_jwt_template\src\test\resources
2024-08-08 11:10:22,606 [Worker-296: Building] INFO  o.e.m.c.i.embedder.EclipseLogger - Using 'UTF-8' encoding to copy filtered resources.
2024-08-08 11:10:22,606 [Worker-296: Building] INFO  o.e.m.c.i.embedder.EclipseLogger - Using 'UTF-8' encoding to copy filtered properties files.
2024-08-08 11:10:22,606 [Worker-296: Building] INFO  o.e.m.c.i.embedder.EclipseLogger - Copying 1 resource
2024-08-08 11:10:22,606 [Worker-296: Building] INFO  o.e.m.c.i.embedder.EclipseLogger - Copying 0 resource
2024-08-08 11:10:22,606 [Worker-296: Building] INFO  o.e.m.c.i.embedder.EclipseLogger - Using 'UTF-8' encoding to copy filtered resources.
2024-08-08 11:10:22,606 [Worker-296: Building] INFO  o.e.m.c.i.embedder.EclipseLogger - Using 'UTF-8' encoding to copy filtered properties files.
2024-08-08 11:10:22,606 [Worker-296: Building] INFO  o.e.m.c.i.embedder.EclipseLogger - skip non existing resourceDirectory D:\Sunbeam_Cdac\CDAC\FinalProject_J004\Project\Project\spring_boot_backend_security_jwt_template\src\test\resources
2024-08-08 11:13:49,647 [Worker-288: Building] INFO  o.e.m.c.i.embedder.EclipseLogger - Using 'UTF-8' encoding to copy filtered resources.
2024-08-08 11:13:49,647 [Worker-288: Building] INFO  o.e.m.c.i.embedder.EclipseLogger - Using 'UTF-8' encoding to copy filtered properties files.
2024-08-08 11:13:49,647 [Worker-288: Building] INFO  o.e.m.c.i.embedder.EclipseLogger - Copying 1 resource
2024-08-08 11:13:49,662 [Worker-288: Building] INFO  o.e.m.c.i.embedder.EclipseLogger - Copying 0 resource
2024-08-08 11:13:49,662 [Worker-288: Building] INFO  o.e.m.c.i.embedder.EclipseLogger - Using 'UTF-8' encoding to copy filtered resources.
2024-08-08 11:13:49,662 [Worker-288: Building] INFO  o.e.m.c.i.embedder.EclipseLogger - Using 'UTF-8' encoding to copy filtered properties files.
2024-08-08 11:13:49,662 [Worker-288: Building] INFO  o.e.m.c.i.embedder.EclipseLogger - skip non existing resourceDirectory D:\Sunbeam_Cdac\CDAC\FinalProject_J004\Project\Project\spring_boot_backend_security_jwt_template\src\test\resources
2024-08-08 11:14:13,304 [Worker-301: Building] INFO  o.e.m.c.i.embedder.EclipseLogger - Using 'UTF-8' encoding to copy filtered resources.
2024-08-08 11:14:13,304 [Worker-301: Building] INFO  o.e.m.c.i.embedder.EclipseLogger - Using 'UTF-8' encoding to copy filtered properties files.
2024-08-08 11:14:13,304 [Worker-301: Building] INFO  o.e.m.c.i.embedder.EclipseLogger - Copying 1 resource
2024-08-08 11:14:13,304 [Worker-301: Building] INFO  o.e.m.c.i.embedder.EclipseLogger - Copying 0 resource
2024-08-08 11:14:13,319 [Worker-301: Building] INFO  o.e.m.c.i.embedder.EclipseLogger - Using 'UTF-8' encoding to copy filtered resources.
2024-08-08 11:14:13,319 [Worker-301: Building] INFO  o.e.m.c.i.embedder.EclipseLogger - Using 'UTF-8' encoding to copy filtered properties files.
2024-08-08 11:14:13,319 [Worker-301: Building] INFO  o.e.m.c.i.embedder.EclipseLogger - skip non existing resourceDirectory D:\Sunbeam_Cdac\CDAC\FinalProject_J004\Project\Project\spring_boot_backend_security_jwt_template\src\test\resources
2024-08-08 11:16:34,999 [Worker-291: Updating Maven Project] INFO  o.e.m.c.i.p.ProjectConfigurationManager - Update started
2024-08-08 11:16:35,350 [Worker-291: Updating Maven Project] INFO  o.e.m.c.i.l.LifecycleMappingFactory - Using org.eclipse.m2e.jdt.JarLifecycleMapping lifecycle mapping for MavenProject: com.example:spring_boot_backend_security_jwt_template:0.0.1 @ D:\Sunbeam_Cdac\CDAC\FinalProject_J004\Project\Project\spring_boot_backend_security_jwt_template\pom.xml.
2024-08-08 11:16:35,927 [Worker-291: Updating Maven Project] INFO  o.e.m.j.i.AbstractJavaProjectConfigurator - Adding source folder /spring_boot_backend_security_jwt_template/src/main/java
2024-08-08 11:16:35,927 [Worker-291: Updating Maven Project] INFO  o.e.m.j.i.AbstractJavaProjectConfigurator - Adding resource folder /spring_boot_backend_security_jwt_template/src/main/resources
2024-08-08 11:16:35,927 [Worker-291: Updating Maven Project] INFO  o.e.m.j.i.AbstractJavaProjectConfigurator - Adding resource folder /spring_boot_backend_security_jwt_template/src/main/resources
2024-08-08 11:16:35,927 [Worker-291: Updating Maven Project] INFO  o.e.m.j.i.AbstractJavaProjectConfigurator - Adding source folder /spring_boot_backend_security_jwt_template/src/test/java
2024-08-08 11:16:36,065 [Worker-291: Updating Maven Project] INFO  o.e.m.c.i.p.ProjectConfigurationManager - Update completed: 1 sec
2024-08-08 11:16:36,872 [Worker-288: Building] INFO  o.e.m.c.i.embedder.EclipseLogger - Using 'UTF-8' encoding to copy filtered resources.
2024-08-08 11:16:36,872 [Worker-288: Building] INFO  o.e.m.c.i.embedder.EclipseLogger - Using 'UTF-8' encoding to copy filtered properties files.
2024-08-08 11:16:36,872 [Worker-288: Building] INFO  o.e.m.c.i.embedder.EclipseLogger - Copying 1 resource
2024-08-08 11:16:36,886 [Worker-288: Building] INFO  o.e.m.c.i.embedder.EclipseLogger - Copying 0 resource
2024-08-08 11:16:36,887 [Worker-288: Building] INFO  o.e.m.c.i.embedder.EclipseLogger - Using 'UTF-8' encoding to copy filtered resources.
2024-08-08 11:16:36,887 [Worker-288: Building] INFO  o.e.m.c.i.embedder.EclipseLogger - Using 'UTF-8' encoding to copy filtered properties files.
2024-08-08 11:16:36,887 [Worker-288: Building] INFO  o.e.m.c.i.embedder.EclipseLogger - skip non existing resourceDirectory D:\Sunbeam_Cdac\CDAC\FinalProject_J004\Project\Project\spring_boot_backend_security_jwt_template\src\test\resources
2024-08-08 11:18:41,586 [Worker-303: Updating Maven Project] INFO  o.e.m.c.i.p.ProjectConfigurationManager - Update started
2024-08-08 11:18:41,922 [Worker-303: Updating Maven Project] INFO  o.e.m.c.i.l.LifecycleMappingFactory - Using org.eclipse.m2e.jdt.JarLifecycleMapping lifecycle mapping for MavenProject: com.example:spring_boot_backend_security_jwt_template:0.0.1 @ D:\Sunbeam_Cdac\CDAC\FinalProject_J004\Project\Project\spring_boot_backend_security_jwt_template\pom.xml.
2024-08-08 11:18:42,445 [Worker-303: Updating Maven Project] INFO  o.e.m.j.i.AbstractJavaProjectConfigurator - Adding source folder /spring_boot_backend_security_jwt_template/src/main/java
2024-08-08 11:18:42,445 [Worker-303: Updating Maven Project] INFO  o.e.m.j.i.AbstractJavaProjectConfigurator - Adding resource folder /spring_boot_backend_security_jwt_template/src/main/resources
2024-08-08 11:18:42,445 [Worker-303: Updating Maven Project] INFO  o.e.m.j.i.AbstractJavaProjectConfigurator - Adding resource folder /spring_boot_backend_security_jwt_template/src/main/resources
2024-08-08 11:18:42,445 [Worker-303: Updating Maven Project] INFO  o.e.m.j.i.AbstractJavaProjectConfigurator - Adding source folder /spring_boot_backend_security_jwt_template/src/test/java
2024-08-08 11:18:42,567 [Worker-303: Updating Maven Project] INFO  o.e.m.c.i.p.ProjectConfigurationManager - Update completed: 0 sec
2024-08-08 11:18:43,405 [Worker-305: Building] INFO  o.e.m.c.i.embedder.EclipseLogger - Using 'UTF-8' encoding to copy filtered resources.
2024-08-08 11:18:43,405 [Worker-305: Building] INFO  o.e.m.c.i.embedder.EclipseLogger - Using 'UTF-8' encoding to copy filtered properties files.
2024-08-08 11:18:43,405 [Worker-305: Building] INFO  o.e.m.c.i.embedder.EclipseLogger - Copying 1 resource
2024-08-08 11:18:43,416 [Worker-305: Building] INFO  o.e.m.c.i.embedder.EclipseLogger - Copying 0 resource
2024-08-08 11:18:43,416 [Worker-305: Building] INFO  o.e.m.c.i.embedder.EclipseLogger - Using 'UTF-8' encoding to copy filtered resources.
2024-08-08 11:18:43,416 [Worker-305: Building] INFO  o.e.m.c.i.embedder.EclipseLogger - Using 'UTF-8' encoding to copy filtered properties files.
2024-08-08 11:18:43,416 [Worker-305: Building] INFO  o.e.m.c.i.embedder.EclipseLogger - skip non existing resourceDirectory D:\Sunbeam_Cdac\CDAC\FinalProject_J004\Project\Project\spring_boot_backend_security_jwt_template\src\test\resources
2024-08-08 11:35:37,275 [Worker-303: Building] INFO  o.e.m.c.i.embedder.EclipseLogger - Using 'UTF-8' encoding to copy filtered resources.
2024-08-08 11:35:37,275 [Worker-303: Building] INFO  o.e.m.c.i.embedder.EclipseLogger - Using 'UTF-8' encoding to copy filtered properties files.
2024-08-08 11:35:37,291 [Worker-303: Building] INFO  o.e.m.c.i.embedder.EclipseLogger - Copying 1 resource
2024-08-08 11:35:37,306 [Worker-303: Building] INFO  o.e.m.c.i.embedder.EclipseLogger - Copying 0 resource
2024-08-08 11:35:37,306 [Worker-303: Building] INFO  o.e.m.c.i.embedder.EclipseLogger - Using 'UTF-8' encoding to copy filtered resources.
2024-08-08 11:35:37,306 [Worker-303: Building] INFO  o.e.m.c.i.embedder.EclipseLogger - Using 'UTF-8' encoding to copy filtered properties files.
2024-08-08 11:35:37,306 [Worker-303: Building] INFO  o.e.m.c.i.embedder.EclipseLogger - skip non existing resourceDirectory D:\Sunbeam_Cdac\CDAC\FinalProject_J004\Project\Project\spring_boot_backend_security_jwt_template\src\test\resources
2024-08-08 11:35:39,979 [Worker-303: Building] INFO  o.e.m.c.i.embedder.EclipseLogger - Using 'UTF-8' encoding to copy filtered resources.
2024-08-08 11:35:39,979 [Worker-303: Building] INFO  o.e.m.c.i.embedder.EclipseLogger - Using 'UTF-8' encoding to copy filtered properties files.
2024-08-08 11:35:39,979 [Worker-303: Building] INFO  o.e.m.c.i.embedder.EclipseLogger - Copying 1 resource
2024-08-08 11:35:39,995 [Worker-303: Building] INFO  o.e.m.c.i.embedder.EclipseLogger - Copying 0 resource
2024-08-08 11:35:39,995 [Worker-303: Building] INFO  o.e.m.c.i.embedder.EclipseLogger - Using 'UTF-8' encoding to copy filtered resources.
2024-08-08 11:35:39,995 [Worker-303: Building] INFO  o.e.m.c.i.embedder.EclipseLogger - Using 'UTF-8' encoding to copy filtered properties files.
2024-08-08 11:35:39,995 [Worker-303: Building] INFO  o.e.m.c.i.embedder.EclipseLogger - skip non existing resourceDirectory D:\Sunbeam_Cdac\CDAC\FinalProject_J004\Project\Project\spring_boot_backend_security_jwt_template\src\test\resources
2024-08-08 11:36:09,339 [Worker-313: Building] INFO  o.e.m.c.i.embedder.EclipseLogger - Using 'UTF-8' encoding to copy filtered resources.
2024-08-08 11:36:09,339 [Worker-313: Building] INFO  o.e.m.c.i.embedder.EclipseLogger - Using 'UTF-8' encoding to copy filtered properties files.
2024-08-08 11:36:09,339 [Worker-313: Building] INFO  o.e.m.c.i.embedder.EclipseLogger - Copying 1 resource
2024-08-08 11:36:09,354 [Worker-313: Building] INFO  o.e.m.c.i.embedder.EclipseLogger - Copying 0 resource
2024-08-08 11:36:09,354 [Worker-313: Building] INFO  o.e.m.c.i.embedder.EclipseLogger - Using 'UTF-8' encoding to copy filtered resources.
2024-08-08 11:36:09,354 [Worker-313: Building] INFO  o.e.m.c.i.embedder.EclipseLogger - Using 'UTF-8' encoding to copy filtered properties files.
2024-08-08 11:36:09,354 [Worker-313: Building] INFO  o.e.m.c.i.embedder.EclipseLogger - skip non existing resourceDirectory D:\Sunbeam_Cdac\CDAC\FinalProject_J004\Project\Project\spring_boot_backend_security_jwt_template\src\test\resources
2024-08-08 11:36:42,645 [Worker-312: Launching spring_boot_backend_security_jwt_template - Application] INFO  o.e.m.c.i.embedder.EclipseLogger - Using 'UTF-8' encoding to copy filtered resources.
2024-08-08 11:36:42,645 [Worker-312: Launching spring_boot_backend_security_jwt_template - Application] INFO  o.e.m.c.i.embedder.EclipseLogger - Using 'UTF-8' encoding to copy filtered properties files.
2024-08-08 11:36:42,645 [Worker-312: Launching spring_boot_backend_security_jwt_template - Application] INFO  o.e.m.c.i.embedder.EclipseLogger - Copying 1 resource
2024-08-08 11:36:42,661 [Worker-312: Launching spring_boot_backend_security_jwt_template - Application] INFO  o.e.m.c.i.embedder.EclipseLogger - Copying 0 resource
2024-08-08 11:36:42,661 [Worker-312: Launching spring_boot_backend_security_jwt_template - Application] INFO  o.e.m.c.i.embedder.EclipseLogger - Using 'UTF-8' encoding to copy filtered resources.
2024-08-08 11:36:42,661 [Worker-312: Launching spring_boot_backend_security_jwt_template - Application] INFO  o.e.m.c.i.embedder.EclipseLogger - Using 'UTF-8' encoding to copy filtered properties files.
2024-08-08 11:36:42,661 [Worker-312: Launching spring_boot_backend_security_jwt_template - Application] INFO  o.e.m.c.i.embedder.EclipseLogger - skip non existing resourceDirectory D:\Sunbeam_Cdac\CDAC\FinalProject_J004\Project\Project\spring_boot_backend_security_jwt_template\src\test\resources
2024-08-08 11:37:26,048 [Worker-314: Building] INFO  o.e.m.c.i.embedder.EclipseLogger - Using 'UTF-8' encoding to copy filtered resources.
2024-08-08 11:37:26,048 [Worker-314: Building] INFO  o.e.m.c.i.embedder.EclipseLogger - Using 'UTF-8' encoding to copy filtered properties files.
2024-08-08 11:37:26,048 [Worker-314: Building] INFO  o.e.m.c.i.embedder.EclipseLogger - Copying 1 resource
2024-08-08 11:37:26,064 [Worker-314: Building] INFO  o.e.m.c.i.embedder.EclipseLogger - Copying 0 resource
2024-08-08 11:37:26,064 [Worker-314: Building] INFO  o.e.m.c.i.embedder.EclipseLogger - Using 'UTF-8' encoding to copy filtered resources.
2024-08-08 11:37:26,064 [Worker-314: Building] INFO  o.e.m.c.i.embedder.EclipseLogger - Using 'UTF-8' encoding to copy filtered properties files.
2024-08-08 11:37:26,064 [Worker-314: Building] INFO  o.e.m.c.i.embedder.EclipseLogger - skip non existing resourceDirectory D:\Sunbeam_Cdac\CDAC\FinalProject_J004\Project\Project\spring_boot_backend_security_jwt_template\src\test\resources
2024-08-08 11:45:00,954 [Worker-314: Building] INFO  o.e.m.c.i.embedder.EclipseLogger - Using 'UTF-8' encoding to copy filtered resources.
2024-08-08 11:45:00,954 [Worker-314: Building] INFO  o.e.m.c.i.embedder.EclipseLogger - Using 'UTF-8' encoding to copy filtered properties files.
2024-08-08 11:45:00,954 [Worker-314: Building] INFO  o.e.m.c.i.embedder.EclipseLogger - Copying 1 resource
2024-08-08 11:45:00,954 [Worker-314: Building] INFO  o.e.m.c.i.embedder.EclipseLogger - Copying 0 resource
2024-08-08 11:45:00,970 [Worker-314: Building] INFO  o.e.m.c.i.embedder.EclipseLogger - Using 'UTF-8' encoding to copy filtered resources.
2024-08-08 11:45:00,970 [Worker-314: Building] INFO  o.e.m.c.i.embedder.EclipseLogger - Using 'UTF-8' encoding to copy filtered properties files.
2024-08-08 11:45:00,970 [Worker-314: Building] INFO  o.e.m.c.i.embedder.EclipseLogger - skip non existing resourceDirectory D:\Sunbeam_Cdac\CDAC\FinalProject_J004\Project\Project\spring_boot_backend_security_jwt_template\src\test\resources
2024-08-08 11:45:16,098 [Worker-318: Building] INFO  o.e.m.c.i.embedder.EclipseLogger - Using 'UTF-8' encoding to copy filtered resources.
2024-08-08 11:45:16,098 [Worker-318: Building] INFO  o.e.m.c.i.embedder.EclipseLogger - Using 'UTF-8' encoding to copy filtered properties files.
2024-08-08 11:45:16,098 [Worker-318: Building] INFO  o.e.m.c.i.embedder.EclipseLogger - Copying 1 resource
2024-08-08 11:45:16,098 [Worker-318: Building] INFO  o.e.m.c.i.embedder.EclipseLogger - Copying 0 resource
2024-08-08 11:45:16,113 [Worker-318: Building] INFO  o.e.m.c.i.embedder.EclipseLogger - Using 'UTF-8' encoding to copy filtered resources.
2024-08-08 11:45:16,113 [Worker-318: Building] INFO  o.e.m.c.i.embedder.EclipseLogger - Using 'UTF-8' encoding to copy filtered properties files.
2024-08-08 11:45:16,113 [Worker-318: Building] INFO  o.e.m.c.i.embedder.EclipseLogger - skip non existing resourceDirectory D:\Sunbeam_Cdac\CDAC\FinalProject_J004\Project\Project\spring_boot_backend_security_jwt_template\src\test\resources
2024-08-08 11:46:59,493 [Worker-318: Building] INFO  o.e.m.c.i.embedder.EclipseLogger - Using 'UTF-8' encoding to copy filtered resources.
2024-08-08 11:46:59,493 [Worker-318: Building] INFO  o.e.m.c.i.embedder.EclipseLogger - Using 'UTF-8' encoding to copy filtered properties files.
2024-08-08 11:46:59,493 [Worker-318: Building] INFO  o.e.m.c.i.embedder.EclipseLogger - Copying 1 resource
2024-08-08 11:46:59,493 [Worker-318: Building] INFO  o.e.m.c.i.embedder.EclipseLogger - Copying 0 resource
2024-08-08 11:46:59,493 [Worker-318: Building] INFO  o.e.m.c.i.embedder.EclipseLogger - Using 'UTF-8' encoding to copy filtered resources.
2024-08-08 11:46:59,493 [Worker-318: Building] INFO  o.e.m.c.i.embedder.EclipseLogger - Using 'UTF-8' encoding to copy filtered properties files.
2024-08-08 11:46:59,493 [Worker-318: Building] INFO  o.e.m.c.i.embedder.EclipseLogger - skip non existing resourceDirectory D:\Sunbeam_Cdac\CDAC\FinalProject_J004\Project\Project\spring_boot_backend_security_jwt_template\src\test\resources
2024-08-08 11:47:09,562 [Worker-308: Building] INFO  o.e.m.c.i.embedder.EclipseLogger - Using 'UTF-8' encoding to copy filtered resources.
2024-08-08 11:47:09,562 [Worker-308: Building] INFO  o.e.m.c.i.embedder.EclipseLogger - Using 'UTF-8' encoding to copy filtered properties files.
2024-08-08 11:47:09,562 [Worker-308: Building] INFO  o.e.m.c.i.embedder.EclipseLogger - Copying 1 resource
2024-08-08 11:47:09,562 [Worker-308: Building] INFO  o.e.m.c.i.embedder.EclipseLogger - Copying 0 resource
2024-08-08 11:47:09,562 [Worker-308: Building] INFO  o.e.m.c.i.embedder.EclipseLogger - Using 'UTF-8' encoding to copy filtered resources.
2024-08-08 11:47:09,562 [Worker-308: Building] INFO  o.e.m.c.i.embedder.EclipseLogger - Using 'UTF-8' encoding to copy filtered properties files.
2024-08-08 11:47:09,562 [Worker-308: Building] INFO  o.e.m.c.i.embedder.EclipseLogger - skip non existing resourceDirectory D:\Sunbeam_Cdac\CDAC\FinalProject_J004\Project\Project\spring_boot_backend_security_jwt_template\src\test\resources
2024-08-08 11:52:21,725 [Worker-317: Building] INFO  o.e.m.c.i.embedder.EclipseLogger - Using 'UTF-8' encoding to copy filtered resources.
2024-08-08 11:52:21,725 [Worker-317: Building] INFO  o.e.m.c.i.embedder.EclipseLogger - Using 'UTF-8' encoding to copy filtered properties files.
2024-08-08 11:52:21,741 [Worker-317: Building] INFO  o.e.m.c.i.embedder.EclipseLogger - Copying 1 resource
2024-08-08 11:52:21,741 [Worker-317: Building] INFO  o.e.m.c.i.embedder.EclipseLogger - Copying 0 resource
2024-08-08 11:52:21,741 [Worker-317: Building] INFO  o.e.m.c.i.embedder.EclipseLogger - Using 'UTF-8' encoding to copy filtered resources.
2024-08-08 11:52:21,741 [Worker-317: Building] INFO  o.e.m.c.i.embedder.EclipseLogger - Using 'UTF-8' encoding to copy filtered properties files.
2024-08-08 11:52:21,741 [Worker-317: Building] INFO  o.e.m.c.i.embedder.EclipseLogger - skip non existing resourceDirectory D:\Sunbeam_Cdac\CDAC\FinalProject_J004\Project\Project\spring_boot_backend_security_jwt_template\src\test\resources
2024-08-08 11:55:05,668 [Worker-320: Updating Maven Project] INFO  o.e.m.c.i.p.ProjectConfigurationManager - Update started
2024-08-08 11:55:06,044 [Worker-320: Updating Maven Project] INFO  o.e.m.c.i.l.LifecycleMappingFactory - Using org.eclipse.m2e.jdt.JarLifecycleMapping lifecycle mapping for MavenProject: com.example:spring_boot_backend_security_jwt_template:0.0.1 @ D:\Sunbeam_Cdac\CDAC\FinalProject_J004\Project\Project\spring_boot_backend_security_jwt_template\pom.xml.
2024-08-08 11:55:06,580 [Worker-320: Updating Maven Project] INFO  o.e.m.j.i.AbstractJavaProjectConfigurator - Adding source folder /spring_boot_backend_security_jwt_template/src/main/java
2024-08-08 11:55:06,580 [Worker-320: Updating Maven Project] INFO  o.e.m.j.i.AbstractJavaProjectConfigurator - Adding resource folder /spring_boot_backend_security_jwt_template/src/main/resources
2024-08-08 11:55:06,580 [Worker-320: Updating Maven Project] INFO  o.e.m.j.i.AbstractJavaProjectConfigurator - Adding resource folder /spring_boot_backend_security_jwt_template/src/main/resources
2024-08-08 11:55:06,580 [Worker-320: Updating Maven Project] INFO  o.e.m.j.i.AbstractJavaProjectConfigurator - Adding source folder /spring_boot_backend_security_jwt_template/src/test/java
2024-08-08 11:55:06,720 [Worker-320: Updating Maven Project] INFO  o.e.m.c.i.p.ProjectConfigurationManager - Update completed: 1 sec
2024-08-08 11:55:07,768 [Worker-321: Building] INFO  o.e.m.c.i.embedder.EclipseLogger - Using 'UTF-8' encoding to copy filtered resources.
2024-08-08 11:55:07,768 [Worker-321: Building] INFO  o.e.m.c.i.embedder.EclipseLogger - Using 'UTF-8' encoding to copy filtered properties files.
2024-08-08 11:55:07,768 [Worker-321: Building] INFO  o.e.m.c.i.embedder.EclipseLogger - Copying 1 resource
2024-08-08 11:55:07,784 [Worker-321: Building] INFO  o.e.m.c.i.embedder.EclipseLogger - Copying 0 resource
2024-08-08 11:55:07,784 [Worker-321: Building] INFO  o.e.m.c.i.embedder.EclipseLogger - Using 'UTF-8' encoding to copy filtered resources.
2024-08-08 11:55:07,784 [Worker-321: Building] INFO  o.e.m.c.i.embedder.EclipseLogger - Using 'UTF-8' encoding to copy filtered properties files.
2024-08-08 11:55:07,784 [Worker-321: Building] INFO  o.e.m.c.i.embedder.EclipseLogger - skip non existing resourceDirectory D:\Sunbeam_Cdac\CDAC\FinalProject_J004\Project\Project\spring_boot_backend_security_jwt_template\src\test\resources
2024-08-08 12:03:59,866 [Worker-328: Building] INFO  o.e.m.c.i.embedder.EclipseLogger - Using 'UTF-8' encoding to copy filtered resources.
2024-08-08 12:03:59,866 [Worker-328: Building] INFO  o.e.m.c.i.embedder.EclipseLogger - Using 'UTF-8' encoding to copy filtered properties files.
2024-08-08 12:03:59,866 [Worker-328: Building] INFO  o.e.m.c.i.embedder.EclipseLogger - Copying 1 resource
2024-08-08 12:03:59,913 [Worker-328: Building] INFO  o.e.m.c.i.embedder.EclipseLogger - Copying 0 resource
2024-08-08 12:03:59,929 [Worker-328: Building] INFO  o.e.m.c.i.embedder.EclipseLogger - Using 'UTF-8' encoding to copy filtered resources.
2024-08-08 12:03:59,929 [Worker-328: Building] INFO  o.e.m.c.i.embedder.EclipseLogger - Using 'UTF-8' encoding to copy filtered properties files.
2024-08-08 12:03:59,929 [Worker-328: Building] INFO  o.e.m.c.i.embedder.EclipseLogger - skip non existing resourceDirectory D:\Sunbeam_Cdac\CDAC\FinalProject_J004\Project\Project\spring_boot_backend_security_jwt_template\src\test\resources
2024-08-08 12:04:20,410 [Worker-321: Building] INFO  o.e.m.c.i.embedder.EclipseLogger - Using 'UTF-8' encoding to copy filtered resources.
2024-08-08 12:04:20,410 [Worker-321: Building] INFO  o.e.m.c.i.embedder.EclipseLogger - Using 'UTF-8' encoding to copy filtered properties files.
2024-08-08 12:04:20,410 [Worker-321: Building] INFO  o.e.m.c.i.embedder.EclipseLogger - Copying 1 resource
2024-08-08 12:04:20,426 [Worker-321: Building] INFO  o.e.m.c.i.embedder.EclipseLogger - Copying 0 resource
2024-08-08 12:04:20,426 [Worker-321: Building] INFO  o.e.m.c.i.embedder.EclipseLogger - Using 'UTF-8' encoding to copy filtered resources.
2024-08-08 12:04:20,426 [Worker-321: Building] INFO  o.e.m.c.i.embedder.EclipseLogger - Using 'UTF-8' encoding to copy filtered properties files.
2024-08-08 12:04:20,426 [Worker-321: Building] INFO  o.e.m.c.i.embedder.EclipseLogger - skip non existing resourceDirectory D:\Sunbeam_Cdac\CDAC\FinalProject_J004\Project\Project\spring_boot_backend_security_jwt_template\src\test\resources
2024-08-08 12:04:24,428 [Worker-329: Building] INFO  o.e.m.c.i.embedder.EclipseLogger - Using 'UTF-8' encoding to copy filtered resources.
2024-08-08 12:04:24,428 [Worker-329: Building] INFO  o.e.m.c.i.embedder.EclipseLogger - Using 'UTF-8' encoding to copy filtered properties files.
2024-08-08 12:04:24,428 [Worker-329: Building] INFO  o.e.m.c.i.embedder.EclipseLogger - Copying 1 resource
2024-08-08 12:04:24,443 [Worker-329: Building] INFO  o.e.m.c.i.embedder.EclipseLogger - Copying 0 resource
2024-08-08 12:04:24,443 [Worker-329: Building] INFO  o.e.m.c.i.embedder.EclipseLogger - Using 'UTF-8' encoding to copy filtered resources.
2024-08-08 12:04:24,443 [Worker-329: Building] INFO  o.e.m.c.i.embedder.EclipseLogger - Using 'UTF-8' encoding to copy filtered properties files.
2024-08-08 12:04:24,443 [Worker-329: Building] INFO  o.e.m.c.i.embedder.EclipseLogger - skip non existing resourceDirectory D:\Sunbeam_Cdac\CDAC\FinalProject_J004\Project\Project\spring_boot_backend_security_jwt_template\src\test\resources
2024-08-08 12:05:01,720 [Worker-329: Building] INFO  o.e.m.c.i.embedder.EclipseLogger - Using 'UTF-8' encoding to copy filtered resources.
2024-08-08 12:05:01,720 [Worker-329: Building] INFO  o.e.m.c.i.embedder.EclipseLogger - Using 'UTF-8' encoding to copy filtered properties files.
2024-08-08 12:05:01,720 [Worker-329: Building] INFO  o.e.m.c.i.embedder.EclipseLogger - Copying 1 resource
2024-08-08 12:05:01,736 [Worker-329: Building] INFO  o.e.m.c.i.embedder.EclipseLogger - Copying 0 resource
2024-08-08 12:05:01,736 [Worker-329: Building] INFO  o.e.m.c.i.embedder.EclipseLogger - Using 'UTF-8' encoding to copy filtered resources.
2024-08-08 12:05:01,736 [Worker-329: Building] INFO  o.e.m.c.i.embedder.EclipseLogger - Using 'UTF-8' encoding to copy filtered properties files.
2024-08-08 12:05:01,736 [Worker-329: Building] INFO  o.e.m.c.i.embedder.EclipseLogger - skip non existing resourceDirectory D:\Sunbeam_Cdac\CDAC\FinalProject_J004\Project\Project\spring_boot_backend_security_jwt_template\src\test\resources
2024-08-08 12:08:47,346 [Worker-326: Building] INFO  o.e.m.c.i.embedder.EclipseLogger - Using 'UTF-8' encoding to copy filtered resources.
2024-08-08 12:08:47,346 [Worker-326: Building] INFO  o.e.m.c.i.embedder.EclipseLogger - Using 'UTF-8' encoding to copy filtered properties files.
2024-08-08 12:08:47,346 [Worker-326: Building] INFO  o.e.m.c.i.embedder.EclipseLogger - Copying 1 resource
2024-08-08 12:08:47,362 [Worker-326: Building] INFO  o.e.m.c.i.embedder.EclipseLogger - Copying 0 resource
2024-08-08 12:08:47,362 [Worker-326: Building] INFO  o.e.m.c.i.embedder.EclipseLogger - Using 'UTF-8' encoding to copy filtered resources.
2024-08-08 12:08:47,362 [Worker-326: Building] INFO  o.e.m.c.i.embedder.EclipseLogger - Using 'UTF-8' encoding to copy filtered properties files.
2024-08-08 12:08:47,362 [Worker-326: Building] INFO  o.e.m.c.i.embedder.EclipseLogger - skip non existing resourceDirectory D:\Sunbeam_Cdac\CDAC\FinalProject_J004\Project\Project\spring_boot_backend_security_jwt_template\src\test\resources
2024-08-08 12:09:33,905 [Worker-324: Building] INFO  o.e.m.c.i.embedder.EclipseLogger - Using 'UTF-8' encoding to copy filtered resources.
2024-08-08 12:09:33,905 [Worker-324: Building] INFO  o.e.m.c.i.embedder.EclipseLogger - Using 'UTF-8' encoding to copy filtered properties files.
2024-08-08 12:09:33,905 [Worker-324: Building] INFO  o.e.m.c.i.embedder.EclipseLogger - Copying 1 resource
2024-08-08 12:09:33,921 [Worker-324: Building] INFO  o.e.m.c.i.embedder.EclipseLogger - Copying 0 resource
2024-08-08 12:09:33,921 [Worker-324: Building] INFO  o.e.m.c.i.embedder.EclipseLogger - Using 'UTF-8' encoding to copy filtered resources.
2024-08-08 12:09:33,921 [Worker-324: Building] INFO  o.e.m.c.i.embedder.EclipseLogger - Using 'UTF-8' encoding to copy filtered properties files.
2024-08-08 12:09:33,921 [Worker-324: Building] INFO  o.e.m.c.i.embedder.EclipseLogger - skip non existing resourceDirectory D:\Sunbeam_Cdac\CDAC\FinalProject_J004\Project\Project\spring_boot_backend_security_jwt_template\src\test\resources
2024-08-08 12:09:54,930 [Worker-324: Building] INFO  o.e.m.c.i.embedder.EclipseLogger - Using 'UTF-8' encoding to copy filtered resources.
2024-08-08 12:09:54,930 [Worker-324: Building] INFO  o.e.m.c.i.embedder.EclipseLogger - Using 'UTF-8' encoding to copy filtered properties files.
2024-08-08 12:09:54,930 [Worker-324: Building] INFO  o.e.m.c.i.embedder.EclipseLogger - Copying 1 resource
2024-08-08 12:09:54,930 [Worker-324: Building] INFO  o.e.m.c.i.embedder.EclipseLogger - Copying 0 resource
2024-08-08 12:09:54,946 [Worker-324: Building] INFO  o.e.m.c.i.embedder.EclipseLogger - Using 'UTF-8' encoding to copy filtered resources.
2024-08-08 12:09:54,946 [Worker-324: Building] INFO  o.e.m.c.i.embedder.EclipseLogger - Using 'UTF-8' encoding to copy filtered properties files.
2024-08-08 12:09:54,946 [Worker-324: Building] INFO  o.e.m.c.i.embedder.EclipseLogger - skip non existing resourceDirectory D:\Sunbeam_Cdac\CDAC\FinalProject_J004\Project\Project\spring_boot_backend_security_jwt_template\src\test\resources
2024-08-08 12:09:56,212 [Worker-321: Building] INFO  o.e.m.c.i.embedder.EclipseLogger - Using 'UTF-8' encoding to copy filtered resources.
2024-08-08 12:09:56,212 [Worker-321: Building] INFO  o.e.m.c.i.embedder.EclipseLogger - Using 'UTF-8' encoding to copy filtered properties files.
2024-08-08 12:09:56,212 [Worker-321: Building] INFO  o.e.m.c.i.embedder.EclipseLogger - Copying 1 resource
2024-08-08 12:09:56,212 [Worker-321: Building] INFO  o.e.m.c.i.embedder.EclipseLogger - Copying 0 resource
2024-08-08 12:09:56,212 [Worker-321: Building] INFO  o.e.m.c.i.embedder.EclipseLogger - Using 'UTF-8' encoding to copy filtered resources.
2024-08-08 12:09:56,212 [Worker-321: Building] INFO  o.e.m.c.i.embedder.EclipseLogger - Using 'UTF-8' encoding to copy filtered properties files.
2024-08-08 12:09:56,212 [Worker-321: Building] INFO  o.e.m.c.i.embedder.EclipseLogger - skip non existing resourceDirectory D:\Sunbeam_Cdac\CDAC\FinalProject_J004\Project\Project\spring_boot_backend_security_jwt_template\src\test\resources
2024-08-08 13:57:37,726 [Worker-346: Building] INFO  o.e.m.c.i.embedder.EclipseLogger - Using 'UTF-8' encoding to copy filtered resources.
2024-08-08 13:57:37,726 [Worker-346: Building] INFO  o.e.m.c.i.embedder.EclipseLogger - Using 'UTF-8' encoding to copy filtered properties files.
2024-08-08 13:57:37,726 [Worker-346: Building] INFO  o.e.m.c.i.embedder.EclipseLogger - Copying 1 resource
2024-08-08 13:57:37,741 [Worker-346: Building] INFO  o.e.m.c.i.embedder.EclipseLogger - Copying 0 resource
2024-08-08 13:57:37,741 [Worker-346: Building] INFO  o.e.m.c.i.embedder.EclipseLogger - Using 'UTF-8' encoding to copy filtered resources.
2024-08-08 13:57:37,741 [Worker-346: Building] INFO  o.e.m.c.i.embedder.EclipseLogger - Using 'UTF-8' encoding to copy filtered properties files.
2024-08-08 13:57:37,741 [Worker-346: Building] INFO  o.e.m.c.i.embedder.EclipseLogger - skip non existing resourceDirectory D:\Sunbeam_Cdac\CDAC\FinalProject_J004\Project\Project\spring_boot_backend_security_jwt_template\src\test\resources
2024-08-08 13:58:07,528 [Worker-346: Updating Maven Project] INFO  o.e.m.c.i.p.ProjectConfigurationManager - Update started
2024-08-08 13:58:07,919 [Worker-346: Updating Maven Project] INFO  o.e.m.c.i.l.LifecycleMappingFactory - Using org.eclipse.m2e.jdt.JarLifecycleMapping lifecycle mapping for MavenProject: com.example:spring_boot_backend_security_jwt_template:0.0.1 @ D:\Sunbeam_Cdac\CDAC\FinalProject_J004\Project\Project\spring_boot_backend_security_jwt_template\pom.xml.
2024-08-08 13:58:08,606 [Worker-346: Updating Maven Project] INFO  o.e.m.j.i.AbstractJavaProjectConfigurator - Adding source folder /spring_boot_backend_security_jwt_template/src/main/java
2024-08-08 13:58:08,606 [Worker-346: Updating Maven Project] INFO  o.e.m.j.i.AbstractJavaProjectConfigurator - Adding resource folder /spring_boot_backend_security_jwt_template/src/main/resources
2024-08-08 13:58:08,606 [Worker-346: Updating Maven Project] INFO  o.e.m.j.i.AbstractJavaProjectConfigurator - Adding resource folder /spring_boot_backend_security_jwt_template/src/main/resources
2024-08-08 13:58:08,606 [Worker-346: Updating Maven Project] INFO  o.e.m.j.i.AbstractJavaProjectConfigurator - Adding source folder /spring_boot_backend_security_jwt_template/src/test/java
2024-08-08 13:58:08,731 [Worker-346: Updating Maven Project] INFO  o.e.m.c.i.p.ProjectConfigurationManager - Update completed: 1 sec
2024-08-08 13:58:09,818 [Worker-348: Building] INFO  o.e.m.c.i.embedder.EclipseLogger - Using 'UTF-8' encoding to copy filtered resources.
2024-08-08 13:58:09,818 [Worker-348: Building] INFO  o.e.m.c.i.embedder.EclipseLogger - Using 'UTF-8' encoding to copy filtered properties files.
2024-08-08 13:58:09,818 [Worker-348: Building] INFO  o.e.m.c.i.embedder.EclipseLogger - Copying 1 resource
2024-08-08 13:58:09,834 [Worker-348: Building] INFO  o.e.m.c.i.embedder.EclipseLogger - Copying 0 resource
2024-08-08 13:58:09,850 [Worker-348: Building] INFO  o.e.m.c.i.embedder.EclipseLogger - Using 'UTF-8' encoding to copy filtered resources.
2024-08-08 13:58:09,850 [Worker-348: Building] INFO  o.e.m.c.i.embedder.EclipseLogger - Using 'UTF-8' encoding to copy filtered properties files.
2024-08-08 13:58:09,850 [Worker-348: Building] INFO  o.e.m.c.i.embedder.EclipseLogger - skip non existing resourceDirectory D:\Sunbeam_Cdac\CDAC\FinalProject_J004\Project\Project\spring_boot_backend_security_jwt_template\src\test\resources
2024-08-08 13:58:49,593 [Worker-349: Building] INFO  o.e.m.c.i.embedder.EclipseLogger - Using 'UTF-8' encoding to copy filtered resources.
2024-08-08 13:58:49,593 [Worker-349: Building] INFO  o.e.m.c.i.embedder.EclipseLogger - Using 'UTF-8' encoding to copy filtered properties files.
2024-08-08 13:58:49,595 [Worker-349: Building] INFO  o.e.m.c.i.embedder.EclipseLogger - Copying 1 resource
2024-08-08 13:58:49,632 [Worker-349: Building] INFO  o.e.m.c.i.embedder.EclipseLogger - Copying 0 resource
2024-08-08 13:58:49,634 [Worker-349: Building] INFO  o.e.m.c.i.embedder.EclipseLogger - Using 'UTF-8' encoding to copy filtered resources.
2024-08-08 13:58:49,634 [Worker-349: Building] INFO  o.e.m.c.i.embedder.EclipseLogger - Using 'UTF-8' encoding to copy filtered properties files.
2024-08-08 13:58:49,634 [Worker-349: Building] INFO  o.e.m.c.i.embedder.EclipseLogger - skip non existing resourceDirectory D:\Sunbeam_Cdac\CDAC\FinalProject_J004\Project\Project\spring_boot_backend_security_jwt_template\src\test\resources
2024-08-08 13:58:52,076 [Worker-348: Building] INFO  o.e.m.c.i.embedder.EclipseLogger - Using 'UTF-8' encoding to copy filtered resources.
2024-08-08 13:58:52,077 [Worker-348: Building] INFO  o.e.m.c.i.embedder.EclipseLogger - Using 'UTF-8' encoding to copy filtered properties files.
2024-08-08 13:58:52,077 [Worker-348: Building] INFO  o.e.m.c.i.embedder.EclipseLogger - Copying 1 resource
2024-08-08 13:58:52,146 [Worker-348: Building] INFO  o.e.m.c.i.embedder.EclipseLogger - Copying 0 resource
2024-08-08 13:58:52,147 [Worker-348: Building] INFO  o.e.m.c.i.embedder.EclipseLogger - Using 'UTF-8' encoding to copy filtered resources.
2024-08-08 13:58:52,147 [Worker-348: Building] INFO  o.e.m.c.i.embedder.EclipseLogger - Using 'UTF-8' encoding to copy filtered properties files.
2024-08-08 13:58:52,147 [Worker-348: Building] INFO  o.e.m.c.i.embedder.EclipseLogger - skip non existing resourceDirectory D:\Sunbeam_Cdac\CDAC\FinalProject_J004\Project\Project\spring_boot_backend_security_jwt_template\src\test\resources
2024-08-08 14:01:22,814 [Worker-349: Building] INFO  o.e.m.c.i.embedder.EclipseLogger - Using 'UTF-8' encoding to copy filtered resources.
2024-08-08 14:01:22,814 [Worker-349: Building] INFO  o.e.m.c.i.embedder.EclipseLogger - Using 'UTF-8' encoding to copy filtered properties files.
2024-08-08 14:01:22,814 [Worker-349: Building] INFO  o.e.m.c.i.embedder.EclipseLogger - Copying 1 resource
2024-08-08 14:01:22,835 [Worker-349: Building] INFO  o.e.m.c.i.embedder.EclipseLogger - Copying 0 resource
2024-08-08 14:01:22,835 [Worker-349: Building] INFO  o.e.m.c.i.embedder.EclipseLogger - Using 'UTF-8' encoding to copy filtered resources.
2024-08-08 14:01:22,835 [Worker-349: Building] INFO  o.e.m.c.i.embedder.EclipseLogger - Using 'UTF-8' encoding to copy filtered properties files.
2024-08-08 14:01:22,835 [Worker-349: Building] INFO  o.e.m.c.i.embedder.EclipseLogger - skip non existing resourceDirectory D:\Sunbeam_Cdac\CDAC\FinalProject_J004\Project\Project\spring_boot_backend_security_jwt_template\src\test\resources
2024-08-08 14:01:27,182 [Worker-348: Building] INFO  o.e.m.c.i.embedder.EclipseLogger - Using 'UTF-8' encoding to copy filtered resources.
2024-08-08 14:01:27,182 [Worker-348: Building] INFO  o.e.m.c.i.embedder.EclipseLogger - Using 'UTF-8' encoding to copy filtered properties files.
2024-08-08 14:01:27,182 [Worker-348: Building] INFO  o.e.m.c.i.embedder.EclipseLogger - Copying 1 resource
2024-08-08 14:01:27,214 [Worker-348: Building] INFO  o.e.m.c.i.embedder.EclipseLogger - Copying 0 resource
2024-08-08 14:01:27,214 [Worker-348: Building] INFO  o.e.m.c.i.embedder.EclipseLogger - Using 'UTF-8' encoding to copy filtered resources.
2024-08-08 14:01:27,214 [Worker-348: Building] INFO  o.e.m.c.i.embedder.EclipseLogger - Using 'UTF-8' encoding to copy filtered properties files.
2024-08-08 14:01:27,214 [Worker-348: Building] INFO  o.e.m.c.i.embedder.EclipseLogger - skip non existing resourceDirectory D:\Sunbeam_Cdac\CDAC\FinalProject_J004\Project\Project\spring_boot_backend_security_jwt_template\src\test\resources
2024-08-08 14:03:36,372 [Worker-347: Building] INFO  o.e.m.c.i.embedder.EclipseLogger - Using 'UTF-8' encoding to copy filtered resources.
2024-08-08 14:03:36,372 [Worker-347: Building] INFO  o.e.m.c.i.embedder.EclipseLogger - Using 'UTF-8' encoding to copy filtered properties files.
2024-08-08 14:03:36,372 [Worker-347: Building] INFO  o.e.m.c.i.embedder.EclipseLogger - Copying 1 resource
2024-08-08 14:03:36,376 [Worker-347: Building] INFO  o.e.m.c.i.embedder.EclipseLogger - Copying 0 resource
2024-08-08 14:03:36,386 [Worker-347: Building] INFO  o.e.m.c.i.embedder.EclipseLogger - Using 'UTF-8' encoding to copy filtered resources.
2024-08-08 14:03:36,386 [Worker-347: Building] INFO  o.e.m.c.i.embedder.EclipseLogger - Using 'UTF-8' encoding to copy filtered properties files.
2024-08-08 14:03:36,386 [Worker-347: Building] INFO  o.e.m.c.i.embedder.EclipseLogger - skip non existing resourceDirectory D:\Sunbeam_Cdac\CDAC\FinalProject_J004\Project\Project\spring_boot_backend_security_jwt_template\src\test\resources
2024-08-08 14:04:04,322 [Worker-351: Building] INFO  o.e.m.c.i.embedder.EclipseLogger - Using 'UTF-8' encoding to copy filtered resources.
2024-08-08 14:04:04,322 [Worker-351: Building] INFO  o.e.m.c.i.embedder.EclipseLogger - Using 'UTF-8' encoding to copy filtered properties files.
2024-08-08 14:04:04,322 [Worker-351: Building] INFO  o.e.m.c.i.embedder.EclipseLogger - Copying 1 resource
2024-08-08 14:04:04,338 [Worker-351: Building] INFO  o.e.m.c.i.embedder.EclipseLogger - Copying 0 resource
2024-08-08 14:04:04,338 [Worker-351: Building] INFO  o.e.m.c.i.embedder.EclipseLogger - Using 'UTF-8' encoding to copy filtered resources.
2024-08-08 14:04:04,338 [Worker-351: Building] INFO  o.e.m.c.i.embedder.EclipseLogger - Using 'UTF-8' encoding to copy filtered properties files.
2024-08-08 14:04:04,338 [Worker-351: Building] INFO  o.e.m.c.i.embedder.EclipseLogger - skip non existing resourceDirectory D:\Sunbeam_Cdac\CDAC\FinalProject_J004\Project\Project\spring_boot_backend_security_jwt_template\src\test\resources
2024-08-08 14:05:39,885 [Worker-351: Building] INFO  o.e.m.c.i.embedder.EclipseLogger - Using 'UTF-8' encoding to copy filtered resources.
2024-08-08 14:05:39,890 [Worker-351: Building] INFO  o.e.m.c.i.embedder.EclipseLogger - Using 'UTF-8' encoding to copy filtered properties files.
2024-08-08 14:05:39,890 [Worker-351: Building] INFO  o.e.m.c.i.embedder.EclipseLogger - Copying 1 resource
2024-08-08 14:05:39,900 [Worker-351: Building] INFO  o.e.m.c.i.embedder.EclipseLogger - Copying 0 resource
2024-08-08 14:05:39,900 [Worker-351: Building] INFO  o.e.m.c.i.embedder.EclipseLogger - Using 'UTF-8' encoding to copy filtered resources.
2024-08-08 14:05:39,900 [Worker-351: Building] INFO  o.e.m.c.i.embedder.EclipseLogger - Using 'UTF-8' encoding to copy filtered properties files.
2024-08-08 14:05:39,900 [Worker-351: Building] INFO  o.e.m.c.i.embedder.EclipseLogger - skip non existing resourceDirectory D:\Sunbeam_Cdac\CDAC\FinalProject_J004\Project\Project\spring_boot_backend_security_jwt_template\src\test\resources
2024-08-08 14:05:53,991 [Worker-350: Building] INFO  o.e.m.c.i.embedder.EclipseLogger - Using 'UTF-8' encoding to copy filtered resources.
2024-08-08 14:05:53,991 [Worker-350: Building] INFO  o.e.m.c.i.embedder.EclipseLogger - Using 'UTF-8' encoding to copy filtered properties files.
2024-08-08 14:05:53,997 [Worker-350: Building] INFO  o.e.m.c.i.embedder.EclipseLogger - Copying 1 resource
2024-08-08 14:05:53,997 [Worker-350: Building] INFO  o.e.m.c.i.embedder.EclipseLogger - Copying 0 resource
2024-08-08 14:05:53,997 [Worker-350: Building] INFO  o.e.m.c.i.embedder.EclipseLogger - Using 'UTF-8' encoding to copy filtered resources.
2024-08-08 14:05:53,997 [Worker-350: Building] INFO  o.e.m.c.i.embedder.EclipseLogger - Using 'UTF-8' encoding to copy filtered properties files.
2024-08-08 14:05:53,997 [Worker-350: Building] INFO  o.e.m.c.i.embedder.EclipseLogger - skip non existing resourceDirectory D:\Sunbeam_Cdac\CDAC\FinalProject_J004\Project\Project\spring_boot_backend_security_jwt_template\src\test\resources
2024-08-08 14:06:12,748 [Worker-350: Building] INFO  o.e.m.c.i.embedder.EclipseLogger - Using 'UTF-8' encoding to copy filtered resources.
2024-08-08 14:06:12,748 [Worker-350: Building] INFO  o.e.m.c.i.embedder.EclipseLogger - Using 'UTF-8' encoding to copy filtered properties files.
2024-08-08 14:06:12,748 [Worker-350: Building] INFO  o.e.m.c.i.embedder.EclipseLogger - Copying 1 resource
2024-08-08 14:06:12,755 [Worker-350: Building] INFO  o.e.m.c.i.embedder.EclipseLogger - Copying 0 resource
2024-08-08 14:06:12,756 [Worker-350: Building] INFO  o.e.m.c.i.embedder.EclipseLogger - Using 'UTF-8' encoding to copy filtered resources.
2024-08-08 14:06:12,756 [Worker-350: Building] INFO  o.e.m.c.i.embedder.EclipseLogger - Using 'UTF-8' encoding to copy filtered properties files.
2024-08-08 14:06:12,756 [Worker-350: Building] INFO  o.e.m.c.i.embedder.EclipseLogger - skip non existing resourceDirectory D:\Sunbeam_Cdac\CDAC\FinalProject_J004\Project\Project\spring_boot_backend_security_jwt_template\src\test\resources
2024-08-08 14:07:27,534 [Worker-348: Building] INFO  o.e.m.c.i.embedder.EclipseLogger - Using 'UTF-8' encoding to copy filtered resources.
2024-08-08 14:07:27,534 [Worker-348: Building] INFO  o.e.m.c.i.embedder.EclipseLogger - Using 'UTF-8' encoding to copy filtered properties files.
2024-08-08 14:07:27,534 [Worker-348: Building] INFO  o.e.m.c.i.embedder.EclipseLogger - Copying 1 resource
2024-08-08 14:07:27,540 [Worker-348: Building] INFO  o.e.m.c.i.embedder.EclipseLogger - Copying 0 resource
2024-08-08 14:07:27,545 [Worker-348: Building] INFO  o.e.m.c.i.embedder.EclipseLogger - Using 'UTF-8' encoding to copy filtered resources.
2024-08-08 14:07:27,545 [Worker-348: Building] INFO  o.e.m.c.i.embedder.EclipseLogger - Using 'UTF-8' encoding to copy filtered properties files.
2024-08-08 14:07:27,545 [Worker-348: Building] INFO  o.e.m.c.i.embedder.EclipseLogger - skip non existing resourceDirectory D:\Sunbeam_Cdac\CDAC\FinalProject_J004\Project\Project\spring_boot_backend_security_jwt_template\src\test\resources
2024-08-08 14:08:20,435 [Worker-346: Building] INFO  o.e.m.c.i.embedder.EclipseLogger - Using 'UTF-8' encoding to copy filtered resources.
2024-08-08 14:08:20,435 [Worker-346: Building] INFO  o.e.m.c.i.embedder.EclipseLogger - Using 'UTF-8' encoding to copy filtered properties files.
2024-08-08 14:08:20,435 [Worker-346: Building] INFO  o.e.m.c.i.embedder.EclipseLogger - Copying 1 resource
2024-08-08 14:08:20,446 [Worker-346: Building] INFO  o.e.m.c.i.embedder.EclipseLogger - Copying 0 resource
2024-08-08 14:08:20,446 [Worker-346: Building] INFO  o.e.m.c.i.embedder.EclipseLogger - Using 'UTF-8' encoding to copy filtered resources.
2024-08-08 14:08:20,446 [Worker-346: Building] INFO  o.e.m.c.i.embedder.EclipseLogger - Using 'UTF-8' encoding to copy filtered properties files.
2024-08-08 14:08:20,446 [Worker-346: Building] INFO  o.e.m.c.i.embedder.EclipseLogger - skip non existing resourceDirectory D:\Sunbeam_Cdac\CDAC\FinalProject_J004\Project\Project\spring_boot_backend_security_jwt_template\src\test\resources
2024-08-08 14:09:35,539 [Worker-346: Building] INFO  o.e.m.c.i.embedder.EclipseLogger - Using 'UTF-8' encoding to copy filtered resources.
2024-08-08 14:09:35,539 [Worker-346: Building] INFO  o.e.m.c.i.embedder.EclipseLogger - Using 'UTF-8' encoding to copy filtered properties files.
2024-08-08 14:09:35,539 [Worker-346: Building] INFO  o.e.m.c.i.embedder.EclipseLogger - Copying 1 resource
2024-08-08 14:09:35,544 [Worker-346: Building] INFO  o.e.m.c.i.embedder.EclipseLogger - Copying 0 resource
2024-08-08 14:09:35,550 [Worker-346: Building] INFO  o.e.m.c.i.embedder.EclipseLogger - Using 'UTF-8' encoding to copy filtered resources.
2024-08-08 14:09:35,550 [Worker-346: Building] INFO  o.e.m.c.i.embedder.EclipseLogger - Using 'UTF-8' encoding to copy filtered properties files.
2024-08-08 14:09:35,550 [Worker-346: Building] INFO  o.e.m.c.i.embedder.EclipseLogger - skip non existing resourceDirectory D:\Sunbeam_Cdac\CDAC\FinalProject_J004\Project\Project\spring_boot_backend_security_jwt_template\src\test\resources
2024-08-08 14:14:08,619 [Worker-354: Building] INFO  o.e.m.c.i.embedder.EclipseLogger - Using 'UTF-8' encoding to copy filtered resources.
2024-08-08 14:14:08,619 [Worker-354: Building] INFO  o.e.m.c.i.embedder.EclipseLogger - Using 'UTF-8' encoding to copy filtered properties files.
2024-08-08 14:14:08,619 [Worker-354: Building] INFO  o.e.m.c.i.embedder.EclipseLogger - Copying 1 resource
2024-08-08 14:14:08,629 [Worker-354: Building] INFO  o.e.m.c.i.embedder.EclipseLogger - Copying 0 resource
2024-08-08 14:14:08,630 [Worker-354: Building] INFO  o.e.m.c.i.embedder.EclipseLogger - Using 'UTF-8' encoding to copy filtered resources.
2024-08-08 14:14:08,630 [Worker-354: Building] INFO  o.e.m.c.i.embedder.EclipseLogger - Using 'UTF-8' encoding to copy filtered properties files.
2024-08-08 14:14:08,630 [Worker-354: Building] INFO  o.e.m.c.i.embedder.EclipseLogger - skip non existing resourceDirectory D:\Sunbeam_Cdac\CDAC\FinalProject_J004\Project\Project\spring_boot_backend_security_jwt_template\src\test\resources
2024-08-08 14:51:54,599 [Worker-361: Building] INFO  o.e.m.c.i.embedder.EclipseLogger - Using 'UTF-8' encoding to copy filtered resources.
2024-08-08 14:51:54,599 [Worker-361: Building] INFO  o.e.m.c.i.embedder.EclipseLogger - Using 'UTF-8' encoding to copy filtered properties files.
2024-08-08 14:51:54,599 [Worker-361: Building] INFO  o.e.m.c.i.embedder.EclipseLogger - Copying 1 resource
2024-08-08 14:51:54,631 [Worker-361: Building] INFO  o.e.m.c.i.embedder.EclipseLogger - Copying 0 resource
2024-08-08 14:51:54,631 [Worker-361: Building] INFO  o.e.m.c.i.embedder.EclipseLogger - Using 'UTF-8' encoding to copy filtered resources.
2024-08-08 14:51:54,631 [Worker-361: Building] INFO  o.e.m.c.i.embedder.EclipseLogger - Using 'UTF-8' encoding to copy filtered properties files.
2024-08-08 14:51:54,631 [Worker-361: Building] INFO  o.e.m.c.i.embedder.EclipseLogger - skip non existing resourceDirectory D:\Sunbeam_Cdac\CDAC\FinalProject_J004\Project\Project\spring_boot_backend_security_jwt_template\src\test\resources
2024-08-08 14:54:36,016 [Worker-361: Building] INFO  o.e.m.c.i.embedder.EclipseLogger - Using 'UTF-8' encoding to copy filtered resources.
2024-08-08 14:54:36,016 [Worker-361: Building] INFO  o.e.m.c.i.embedder.EclipseLogger - Using 'UTF-8' encoding to copy filtered properties files.
2024-08-08 14:54:36,016 [Worker-361: Building] INFO  o.e.m.c.i.embedder.EclipseLogger - Copying 1 resource
2024-08-08 14:54:36,047 [Worker-361: Building] INFO  o.e.m.c.i.embedder.EclipseLogger - Copying 0 resource
2024-08-08 14:54:36,047 [Worker-361: Building] INFO  o.e.m.c.i.embedder.EclipseLogger - Using 'UTF-8' encoding to copy filtered resources.
2024-08-08 14:54:36,047 [Worker-361: Building] INFO  o.e.m.c.i.embedder.EclipseLogger - Using 'UTF-8' encoding to copy filtered properties files.
2024-08-08 14:54:36,047 [Worker-361: Building] INFO  o.e.m.c.i.embedder.EclipseLogger - skip non existing resourceDirectory D:\Sunbeam_Cdac\CDAC\FinalProject_J004\Project\Project\spring_boot_backend_security_jwt_template\src\test\resources
2024-08-08 14:54:52,472 [Worker-364: Building] INFO  o.e.m.c.i.embedder.EclipseLogger - Using 'UTF-8' encoding to copy filtered resources.
2024-08-08 14:54:52,472 [Worker-364: Building] INFO  o.e.m.c.i.embedder.EclipseLogger - Using 'UTF-8' encoding to copy filtered properties files.
2024-08-08 14:54:52,472 [Worker-364: Building] INFO  o.e.m.c.i.embedder.EclipseLogger - Copying 1 resource
2024-08-08 14:54:52,503 [Worker-364: Building] INFO  o.e.m.c.i.embedder.EclipseLogger - Copying 0 resource
2024-08-08 14:54:52,503 [Worker-364: Building] INFO  o.e.m.c.i.embedder.EclipseLogger - Using 'UTF-8' encoding to copy filtered resources.
2024-08-08 14:54:52,503 [Worker-364: Building] INFO  o.e.m.c.i.embedder.EclipseLogger - Using 'UTF-8' encoding to copy filtered properties files.
2024-08-08 14:54:52,503 [Worker-364: Building] INFO  o.e.m.c.i.embedder.EclipseLogger - skip non existing resourceDirectory D:\Sunbeam_Cdac\CDAC\FinalProject_J004\Project\Project\spring_boot_backend_security_jwt_template\src\test\resources
2024-08-08 14:55:25,926 [Worker-361: Building] INFO  o.e.m.c.i.embedder.EclipseLogger - Using 'UTF-8' encoding to copy filtered resources.
2024-08-08 14:55:25,926 [Worker-361: Building] INFO  o.e.m.c.i.embedder.EclipseLogger - Using 'UTF-8' encoding to copy filtered properties files.
2024-08-08 14:55:25,926 [Worker-361: Building] INFO  o.e.m.c.i.embedder.EclipseLogger - Copying 1 resource
2024-08-08 14:55:26,073 [Worker-361: Building] INFO  o.e.m.c.i.embedder.EclipseLogger - Copying 0 resource
2024-08-08 14:55:26,073 [Worker-361: Building] INFO  o.e.m.c.i.embedder.EclipseLogger - Using 'UTF-8' encoding to copy filtered resources.
2024-08-08 14:55:26,073 [Worker-361: Building] INFO  o.e.m.c.i.embedder.EclipseLogger - Using 'UTF-8' encoding to copy filtered properties files.
2024-08-08 14:55:26,073 [Worker-361: Building] INFO  o.e.m.c.i.embedder.EclipseLogger - skip non existing resourceDirectory D:\Sunbeam_Cdac\CDAC\FinalProject_J004\Project\Project\spring_boot_backend_security_jwt_template\src\test\resources
2024-08-08 14:57:07,265 [Worker-361: Building] INFO  o.e.m.c.i.embedder.EclipseLogger - Using 'UTF-8' encoding to copy filtered resources.
2024-08-08 14:57:07,265 [Worker-361: Building] INFO  o.e.m.c.i.embedder.EclipseLogger - Using 'UTF-8' encoding to copy filtered properties files.
2024-08-08 14:57:07,265 [Worker-361: Building] INFO  o.e.m.c.i.embedder.EclipseLogger - Copying 1 resource
2024-08-08 14:57:07,295 [Worker-361: Building] INFO  o.e.m.c.i.embedder.EclipseLogger - Copying 0 resource
2024-08-08 14:57:07,295 [Worker-361: Building] INFO  o.e.m.c.i.embedder.EclipseLogger - Using 'UTF-8' encoding to copy filtered resources.
2024-08-08 14:57:07,295 [Worker-361: Building] INFO  o.e.m.c.i.embedder.EclipseLogger - Using 'UTF-8' encoding to copy filtered properties files.
2024-08-08 14:57:07,295 [Worker-361: Building] INFO  o.e.m.c.i.embedder.EclipseLogger - skip non existing resourceDirectory D:\Sunbeam_Cdac\CDAC\FinalProject_J004\Project\Project\spring_boot_backend_security_jwt_template\src\test\resources
2024-08-08 14:57:16,138 [Worker-365: Building] INFO  o.e.m.c.i.embedder.EclipseLogger - Using 'UTF-8' encoding to copy filtered resources.
2024-08-08 14:57:16,138 [Worker-365: Building] INFO  o.e.m.c.i.embedder.EclipseLogger - Using 'UTF-8' encoding to copy filtered properties files.
2024-08-08 14:57:16,138 [Worker-365: Building] INFO  o.e.m.c.i.embedder.EclipseLogger - Copying 1 resource
2024-08-08 14:57:16,170 [Worker-365: Building] INFO  o.e.m.c.i.embedder.EclipseLogger - Copying 0 resource
2024-08-08 14:57:16,170 [Worker-365: Building] INFO  o.e.m.c.i.embedder.EclipseLogger - Using 'UTF-8' encoding to copy filtered resources.
2024-08-08 14:57:16,170 [Worker-365: Building] INFO  o.e.m.c.i.embedder.EclipseLogger - Using 'UTF-8' encoding to copy filtered properties files.
2024-08-08 14:57:16,170 [Worker-365: Building] INFO  o.e.m.c.i.embedder.EclipseLogger - skip non existing resourceDirectory D:\Sunbeam_Cdac\CDAC\FinalProject_J004\Project\Project\spring_boot_backend_security_jwt_template\src\test\resources
2024-08-08 14:57:34,969 [Worker-365: Building] INFO  o.e.m.c.i.embedder.EclipseLogger - Using 'UTF-8' encoding to copy filtered resources.
2024-08-08 14:57:34,969 [Worker-365: Building] INFO  o.e.m.c.i.embedder.EclipseLogger - Using 'UTF-8' encoding to copy filtered properties files.
2024-08-08 14:57:34,969 [Worker-365: Building] INFO  o.e.m.c.i.embedder.EclipseLogger - Copying 1 resource
2024-08-08 14:57:34,985 [Worker-365: Building] INFO  o.e.m.c.i.embedder.EclipseLogger - Copying 0 resource
2024-08-08 14:57:35,000 [Worker-365: Building] INFO  o.e.m.c.i.embedder.EclipseLogger - Using 'UTF-8' encoding to copy filtered resources.
2024-08-08 14:57:35,000 [Worker-365: Building] INFO  o.e.m.c.i.embedder.EclipseLogger - Using 'UTF-8' encoding to copy filtered properties files.
2024-08-08 14:57:35,000 [Worker-365: Building] INFO  o.e.m.c.i.embedder.EclipseLogger - skip non existing resourceDirectory D:\Sunbeam_Cdac\CDAC\FinalProject_J004\Project\Project\spring_boot_backend_security_jwt_template\src\test\resources
2024-08-08 14:58:11,188 [Worker-366: Building] INFO  o.e.m.c.i.embedder.EclipseLogger - Using 'UTF-8' encoding to copy filtered resources.
2024-08-08 14:58:11,188 [Worker-366: Building] INFO  o.e.m.c.i.embedder.EclipseLogger - Using 'UTF-8' encoding to copy filtered properties files.
2024-08-08 14:58:11,198 [Worker-366: Building] INFO  o.e.m.c.i.embedder.EclipseLogger - Copying 1 resource
2024-08-08 14:58:11,213 [Worker-366: Building] INFO  o.e.m.c.i.embedder.EclipseLogger - Copying 0 resource
2024-08-08 14:58:11,213 [Worker-366: Building] INFO  o.e.m.c.i.embedder.EclipseLogger - Using 'UTF-8' encoding to copy filtered resources.
2024-08-08 14:58:11,213 [Worker-366: Building] INFO  o.e.m.c.i.embedder.EclipseLogger - Using 'UTF-8' encoding to copy filtered properties files.
2024-08-08 14:58:11,213 [Worker-366: Building] INFO  o.e.m.c.i.embedder.EclipseLogger - skip non existing resourceDirectory D:\Sunbeam_Cdac\CDAC\FinalProject_J004\Project\Project\spring_boot_backend_security_jwt_template\src\test\resources
2024-08-08 14:59:13,343 [Worker-361: Building] INFO  o.e.m.c.i.embedder.EclipseLogger - Using 'UTF-8' encoding to copy filtered resources.
2024-08-08 14:59:13,343 [Worker-361: Building] INFO  o.e.m.c.i.embedder.EclipseLogger - Using 'UTF-8' encoding to copy filtered properties files.
2024-08-08 14:59:13,343 [Worker-361: Building] INFO  o.e.m.c.i.embedder.EclipseLogger - Copying 1 resource
2024-08-08 14:59:13,358 [Worker-361: Building] INFO  o.e.m.c.i.embedder.EclipseLogger - Copying 0 resource
2024-08-08 14:59:13,358 [Worker-361: Building] INFO  o.e.m.c.i.embedder.EclipseLogger - Using 'UTF-8' encoding to copy filtered resources.
2024-08-08 14:59:13,358 [Worker-361: Building] INFO  o.e.m.c.i.embedder.EclipseLogger - Using 'UTF-8' encoding to copy filtered properties files.
2024-08-08 14:59:13,358 [Worker-361: Building] INFO  o.e.m.c.i.embedder.EclipseLogger - skip non existing resourceDirectory D:\Sunbeam_Cdac\CDAC\FinalProject_J004\Project\Project\spring_boot_backend_security_jwt_template\src\test\resources
2024-08-08 14:59:51,082 [Worker-365: Building] INFO  o.e.m.c.i.embedder.EclipseLogger - Using 'UTF-8' encoding to copy filtered resources.
2024-08-08 14:59:51,082 [Worker-365: Building] INFO  o.e.m.c.i.embedder.EclipseLogger - Using 'UTF-8' encoding to copy filtered properties files.
2024-08-08 14:59:51,082 [Worker-365: Building] INFO  o.e.m.c.i.embedder.EclipseLogger - Copying 1 resource
2024-08-08 14:59:51,097 [Worker-365: Building] INFO  o.e.m.c.i.embedder.EclipseLogger - Copying 0 resource
2024-08-08 14:59:51,097 [Worker-365: Building] INFO  o.e.m.c.i.embedder.EclipseLogger - Using 'UTF-8' encoding to copy filtered resources.
2024-08-08 14:59:51,097 [Worker-365: Building] INFO  o.e.m.c.i.embedder.EclipseLogger - Using 'UTF-8' encoding to copy filtered properties files.
2024-08-08 14:59:51,097 [Worker-365: Building] INFO  o.e.m.c.i.embedder.EclipseLogger - skip non existing resourceDirectory D:\Sunbeam_Cdac\CDAC\FinalProject_J004\Project\Project\spring_boot_backend_security_jwt_template\src\test\resources
2024-08-08 15:00:01,630 [Worker-362: Building] INFO  o.e.m.c.i.embedder.EclipseLogger - Using 'UTF-8' encoding to copy filtered resources.
2024-08-08 15:00:01,630 [Worker-362: Building] INFO  o.e.m.c.i.embedder.EclipseLogger - Using 'UTF-8' encoding to copy filtered properties files.
2024-08-08 15:00:01,630 [Worker-362: Building] INFO  o.e.m.c.i.embedder.EclipseLogger - Copying 1 resource
2024-08-08 15:00:01,645 [Worker-362: Building] INFO  o.e.m.c.i.embedder.EclipseLogger - Copying 0 resource
2024-08-08 15:00:01,645 [Worker-362: Building] INFO  o.e.m.c.i.embedder.EclipseLogger - Using 'UTF-8' encoding to copy filtered resources.
2024-08-08 15:00:01,645 [Worker-362: Building] INFO  o.e.m.c.i.embedder.EclipseLogger - Using 'UTF-8' encoding to copy filtered properties files.
2024-08-08 15:00:01,645 [Worker-362: Building] INFO  o.e.m.c.i.embedder.EclipseLogger - skip non existing resourceDirectory D:\Sunbeam_Cdac\CDAC\FinalProject_J004\Project\Project\spring_boot_backend_security_jwt_template\src\test\resources
2024-08-08 15:00:14,037 [Worker-365: Building] INFO  o.e.m.c.i.embedder.EclipseLogger - Using 'UTF-8' encoding to copy filtered resources.
2024-08-08 15:00:14,037 [Worker-365: Building] INFO  o.e.m.c.i.embedder.EclipseLogger - Using 'UTF-8' encoding to copy filtered properties files.
2024-08-08 15:00:14,037 [Worker-365: Building] INFO  o.e.m.c.i.embedder.EclipseLogger - Copying 1 resource
2024-08-08 15:00:14,053 [Worker-365: Building] INFO  o.e.m.c.i.embedder.EclipseLogger - Copying 0 resource
2024-08-08 15:00:14,053 [Worker-365: Building] INFO  o.e.m.c.i.embedder.EclipseLogger - Using 'UTF-8' encoding to copy filtered resources.
2024-08-08 15:00:14,053 [Worker-365: Building] INFO  o.e.m.c.i.embedder.EclipseLogger - Using 'UTF-8' encoding to copy filtered properties files.
2024-08-08 15:00:14,053 [Worker-365: Building] INFO  o.e.m.c.i.embedder.EclipseLogger - skip non existing resourceDirectory D:\Sunbeam_Cdac\CDAC\FinalProject_J004\Project\Project\spring_boot_backend_security_jwt_template\src\test\resources
2024-08-08 15:00:24,274 [Worker-362: Building] INFO  o.e.m.c.i.embedder.EclipseLogger - Using 'UTF-8' encoding to copy filtered resources.
2024-08-08 15:00:24,274 [Worker-362: Building] INFO  o.e.m.c.i.embedder.EclipseLogger - Using 'UTF-8' encoding to copy filtered properties files.
2024-08-08 15:00:24,274 [Worker-362: Building] INFO  o.e.m.c.i.embedder.EclipseLogger - Copying 1 resource
2024-08-08 15:00:24,289 [Worker-362: Building] INFO  o.e.m.c.i.embedder.EclipseLogger - Copying 0 resource
2024-08-08 15:00:24,289 [Worker-362: Building] INFO  o.e.m.c.i.embedder.EclipseLogger - Using 'UTF-8' encoding to copy filtered resources.
2024-08-08 15:00:24,289 [Worker-362: Building] INFO  o.e.m.c.i.embedder.EclipseLogger - Using 'UTF-8' encoding to copy filtered properties files.
2024-08-08 15:00:24,289 [Worker-362: Building] INFO  o.e.m.c.i.embedder.EclipseLogger - skip non existing resourceDirectory D:\Sunbeam_Cdac\CDAC\FinalProject_J004\Project\Project\spring_boot_backend_security_jwt_template\src\test\resources
2024-08-08 15:00:37,106 [Worker-368: Building] INFO  o.e.m.c.i.embedder.EclipseLogger - Using 'UTF-8' encoding to copy filtered resources.
2024-08-08 15:00:37,106 [Worker-368: Building] INFO  o.e.m.c.i.embedder.EclipseLogger - Using 'UTF-8' encoding to copy filtered properties files.
2024-08-08 15:00:37,106 [Worker-368: Building] INFO  o.e.m.c.i.embedder.EclipseLogger - Copying 1 resource
2024-08-08 15:00:37,138 [Worker-368: Building] INFO  o.e.m.c.i.embedder.EclipseLogger - Copying 0 resource
2024-08-08 15:00:37,138 [Worker-368: Building] INFO  o.e.m.c.i.embedder.EclipseLogger - Using 'UTF-8' encoding to copy filtered resources.
2024-08-08 15:00:37,138 [Worker-368: Building] INFO  o.e.m.c.i.embedder.EclipseLogger - Using 'UTF-8' encoding to copy filtered properties files.
2024-08-08 15:00:37,138 [Worker-368: Building] INFO  o.e.m.c.i.embedder.EclipseLogger - skip non existing resourceDirectory D:\Sunbeam_Cdac\CDAC\FinalProject_J004\Project\Project\spring_boot_backend_security_jwt_template\src\test\resources
2024-08-08 15:00:50,908 [Worker-366: Building] INFO  o.e.m.c.i.embedder.EclipseLogger - Using 'UTF-8' encoding to copy filtered resources.
2024-08-08 15:00:50,908 [Worker-366: Building] INFO  o.e.m.c.i.embedder.EclipseLogger - Using 'UTF-8' encoding to copy filtered properties files.
2024-08-08 15:00:50,908 [Worker-366: Building] INFO  o.e.m.c.i.embedder.EclipseLogger - Copying 1 resource
2024-08-08 15:00:50,924 [Worker-366: Building] INFO  o.e.m.c.i.embedder.EclipseLogger - Copying 0 resource
2024-08-08 15:00:50,924 [Worker-366: Building] INFO  o.e.m.c.i.embedder.EclipseLogger - Using 'UTF-8' encoding to copy filtered resources.
2024-08-08 15:00:50,924 [Worker-366: Building] INFO  o.e.m.c.i.embedder.EclipseLogger - Using 'UTF-8' encoding to copy filtered properties files.
2024-08-08 15:00:50,924 [Worker-366: Building] INFO  o.e.m.c.i.embedder.EclipseLogger - skip non existing resourceDirectory D:\Sunbeam_Cdac\CDAC\FinalProject_J004\Project\Project\spring_boot_backend_security_jwt_template\src\test\resources
2024-08-08 15:01:06,155 [Worker-367: Building] INFO  o.e.m.c.i.embedder.EclipseLogger - Using 'UTF-8' encoding to copy filtered resources.
2024-08-08 15:01:06,155 [Worker-367: Building] INFO  o.e.m.c.i.embedder.EclipseLogger - Using 'UTF-8' encoding to copy filtered properties files.
2024-08-08 15:01:06,155 [Worker-367: Building] INFO  o.e.m.c.i.embedder.EclipseLogger - Copying 1 resource
2024-08-08 15:01:06,171 [Worker-367: Building] INFO  o.e.m.c.i.embedder.EclipseLogger - Copying 0 resource
2024-08-08 15:01:06,171 [Worker-367: Building] INFO  o.e.m.c.i.embedder.EclipseLogger - Using 'UTF-8' encoding to copy filtered resources.
2024-08-08 15:01:06,171 [Worker-367: Building] INFO  o.e.m.c.i.embedder.EclipseLogger - Using 'UTF-8' encoding to copy filtered properties files.
2024-08-08 15:01:06,171 [Worker-367: Building] INFO  o.e.m.c.i.embedder.EclipseLogger - skip non existing resourceDirectory D:\Sunbeam_Cdac\CDAC\FinalProject_J004\Project\Project\spring_boot_backend_security_jwt_template\src\test\resources
2024-08-08 15:01:08,829 [Worker-362: Building] INFO  o.e.m.c.i.embedder.EclipseLogger - Using 'UTF-8' encoding to copy filtered resources.
2024-08-08 15:01:08,829 [Worker-362: Building] INFO  o.e.m.c.i.embedder.EclipseLogger - Using 'UTF-8' encoding to copy filtered properties files.
2024-08-08 15:01:08,829 [Worker-362: Building] INFO  o.e.m.c.i.embedder.EclipseLogger - Copying 1 resource
2024-08-08 15:01:08,844 [Worker-362: Building] INFO  o.e.m.c.i.embedder.EclipseLogger - Copying 0 resource
2024-08-08 15:01:08,844 [Worker-362: Building] INFO  o.e.m.c.i.embedder.EclipseLogger - Using 'UTF-8' encoding to copy filtered resources.
2024-08-08 15:01:08,844 [Worker-362: Building] INFO  o.e.m.c.i.embedder.EclipseLogger - Using 'UTF-8' encoding to copy filtered properties files.
2024-08-08 15:01:08,844 [Worker-362: Building] INFO  o.e.m.c.i.embedder.EclipseLogger - skip non existing resourceDirectory D:\Sunbeam_Cdac\CDAC\FinalProject_J004\Project\Project\spring_boot_backend_security_jwt_template\src\test\resources
2024-08-08 15:01:15,894 [Worker-361: Building] INFO  o.e.m.c.i.embedder.EclipseLogger - Using 'UTF-8' encoding to copy filtered resources.
2024-08-08 15:01:15,894 [Worker-361: Building] INFO  o.e.m.c.i.embedder.EclipseLogger - Using 'UTF-8' encoding to copy filtered properties files.
2024-08-08 15:01:15,894 [Worker-361: Building] INFO  o.e.m.c.i.embedder.EclipseLogger - Copying 1 resource
2024-08-08 15:01:15,910 [Worker-361: Building] INFO  o.e.m.c.i.embedder.EclipseLogger - Copying 0 resource
2024-08-08 15:01:15,910 [Worker-361: Building] INFO  o.e.m.c.i.embedder.EclipseLogger - Using 'UTF-8' encoding to copy filtered resources.
2024-08-08 15:01:15,910 [Worker-361: Building] INFO  o.e.m.c.i.embedder.EclipseLogger - Using 'UTF-8' encoding to copy filtered properties files.
2024-08-08 15:01:15,910 [Worker-361: Building] INFO  o.e.m.c.i.embedder.EclipseLogger - skip non existing resourceDirectory D:\Sunbeam_Cdac\CDAC\FinalProject_J004\Project\Project\spring_boot_backend_security_jwt_template\src\test\resources
2024-08-08 15:02:17,323 [Worker-368: Building] INFO  o.e.m.c.i.embedder.EclipseLogger - Using 'UTF-8' encoding to copy filtered resources.
2024-08-08 15:02:17,323 [Worker-368: Building] INFO  o.e.m.c.i.embedder.EclipseLogger - Using 'UTF-8' encoding to copy filtered properties files.
2024-08-08 15:02:17,323 [Worker-368: Building] INFO  o.e.m.c.i.embedder.EclipseLogger - Copying 1 resource
2024-08-08 15:02:17,339 [Worker-368: Building] INFO  o.e.m.c.i.embedder.EclipseLogger - Copying 0 resource
2024-08-08 15:02:17,339 [Worker-368: Building] INFO  o.e.m.c.i.embedder.EclipseLogger - Using 'UTF-8' encoding to copy filtered resources.
2024-08-08 15:02:17,339 [Worker-368: Building] INFO  o.e.m.c.i.embedder.EclipseLogger - Using 'UTF-8' encoding to copy filtered properties files.
2024-08-08 15:02:17,339 [Worker-368: Building] INFO  o.e.m.c.i.embedder.EclipseLogger - skip non existing resourceDirectory D:\Sunbeam_Cdac\CDAC\FinalProject_J004\Project\Project\spring_boot_backend_security_jwt_template\src\test\resources
2024-08-08 15:02:32,821 [Worker-362: Building] INFO  o.e.m.c.i.embedder.EclipseLogger - Using 'UTF-8' encoding to copy filtered resources.
2024-08-08 15:02:32,821 [Worker-362: Building] INFO  o.e.m.c.i.embedder.EclipseLogger - Using 'UTF-8' encoding to copy filtered properties files.
2024-08-08 15:02:32,821 [Worker-362: Building] INFO  o.e.m.c.i.embedder.EclipseLogger - Copying 1 resource
2024-08-08 15:02:32,836 [Worker-362: Building] INFO  o.e.m.c.i.embedder.EclipseLogger - Copying 0 resource
2024-08-08 15:02:32,836 [Worker-362: Building] INFO  o.e.m.c.i.embedder.EclipseLogger - Using 'UTF-8' encoding to copy filtered resources.
2024-08-08 15:02:32,836 [Worker-362: Building] INFO  o.e.m.c.i.embedder.EclipseLogger - Using 'UTF-8' encoding to copy filtered properties files.
2024-08-08 15:02:32,836 [Worker-362: Building] INFO  o.e.m.c.i.embedder.EclipseLogger - skip non existing resourceDirectory D:\Sunbeam_Cdac\CDAC\FinalProject_J004\Project\Project\spring_boot_backend_security_jwt_template\src\test\resources
2024-08-08 15:07:02,210 [Worker-365: Building] INFO  o.e.m.c.i.embedder.EclipseLogger - Using 'UTF-8' encoding to copy filtered resources.
2024-08-08 15:07:02,210 [Worker-365: Building] INFO  o.e.m.c.i.embedder.EclipseLogger - Using 'UTF-8' encoding to copy filtered properties files.
2024-08-08 15:07:02,210 [Worker-365: Building] INFO  o.e.m.c.i.embedder.EclipseLogger - Copying 1 resource
2024-08-08 15:07:02,241 [Worker-365: Building] INFO  o.e.m.c.i.embedder.EclipseLogger - Copying 0 resource
2024-08-08 15:07:02,241 [Worker-365: Building] INFO  o.e.m.c.i.embedder.EclipseLogger - Using 'UTF-8' encoding to copy filtered resources.
2024-08-08 15:07:02,241 [Worker-365: Building] INFO  o.e.m.c.i.embedder.EclipseLogger - Using 'UTF-8' encoding to copy filtered properties files.
2024-08-08 15:07:02,241 [Worker-365: Building] INFO  o.e.m.c.i.embedder.EclipseLogger - skip non existing resourceDirectory D:\Sunbeam_Cdac\CDAC\FinalProject_J004\Project\Project\spring_boot_backend_security_jwt_template\src\test\resources
2024-08-08 15:07:27,724 [Worker-365: Building] INFO  o.e.m.c.i.embedder.EclipseLogger - Using 'UTF-8' encoding to copy filtered resources.
2024-08-08 15:07:27,724 [Worker-365: Building] INFO  o.e.m.c.i.embedder.EclipseLogger - Using 'UTF-8' encoding to copy filtered properties files.
2024-08-08 15:07:27,724 [Worker-365: Building] INFO  o.e.m.c.i.embedder.EclipseLogger - Copying 1 resource
2024-08-08 15:07:27,802 [Worker-365: Building] INFO  o.e.m.c.i.embedder.EclipseLogger - Copying 0 resource
2024-08-08 15:07:27,802 [Worker-365: Building] INFO  o.e.m.c.i.embedder.EclipseLogger - Using 'UTF-8' encoding to copy filtered resources.
2024-08-08 15:07:27,802 [Worker-365: Building] INFO  o.e.m.c.i.embedder.EclipseLogger - Using 'UTF-8' encoding to copy filtered properties files.
2024-08-08 15:07:27,802 [Worker-365: Building] INFO  o.e.m.c.i.embedder.EclipseLogger - skip non existing resourceDirectory D:\Sunbeam_Cdac\CDAC\FinalProject_J004\Project\Project\spring_boot_backend_security_jwt_template\src\test\resources
2024-08-08 15:11:02,600 [Worker-370: Building] INFO  o.e.m.c.i.embedder.EclipseLogger - Using 'UTF-8' encoding to copy filtered resources.
2024-08-08 15:11:02,600 [Worker-370: Building] INFO  o.e.m.c.i.embedder.EclipseLogger - Using 'UTF-8' encoding to copy filtered properties files.
2024-08-08 15:11:02,600 [Worker-370: Building] INFO  o.e.m.c.i.embedder.EclipseLogger - Copying 1 resource
2024-08-08 15:11:02,616 [Worker-370: Building] INFO  o.e.m.c.i.embedder.EclipseLogger - Copying 0 resource
2024-08-08 15:11:02,616 [Worker-370: Building] INFO  o.e.m.c.i.embedder.EclipseLogger - Using 'UTF-8' encoding to copy filtered resources.
2024-08-08 15:11:02,616 [Worker-370: Building] INFO  o.e.m.c.i.embedder.EclipseLogger - Using 'UTF-8' encoding to copy filtered properties files.
2024-08-08 15:11:02,616 [Worker-370: Building] INFO  o.e.m.c.i.embedder.EclipseLogger - skip non existing resourceDirectory D:\Sunbeam_Cdac\CDAC\FinalProject_J004\Project\Project\spring_boot_backend_security_jwt_template\src\test\resources
2024-08-08 15:11:11,992 [Worker-366: Building] INFO  o.e.m.c.i.embedder.EclipseLogger - Using 'UTF-8' encoding to copy filtered resources.
2024-08-08 15:11:11,992 [Worker-366: Building] INFO  o.e.m.c.i.embedder.EclipseLogger - Using 'UTF-8' encoding to copy filtered properties files.
2024-08-08 15:11:11,992 [Worker-366: Building] INFO  o.e.m.c.i.embedder.EclipseLogger - Copying 1 resource
2024-08-08 15:11:12,007 [Worker-366: Building] INFO  o.e.m.c.i.embedder.EclipseLogger - Copying 0 resource
2024-08-08 15:11:12,007 [Worker-366: Building] INFO  o.e.m.c.i.embedder.EclipseLogger - Using 'UTF-8' encoding to copy filtered resources.
2024-08-08 15:11:12,007 [Worker-366: Building] INFO  o.e.m.c.i.embedder.EclipseLogger - Using 'UTF-8' encoding to copy filtered properties files.
2024-08-08 15:11:12,007 [Worker-366: Building] INFO  o.e.m.c.i.embedder.EclipseLogger - skip non existing resourceDirectory D:\Sunbeam_Cdac\CDAC\FinalProject_J004\Project\Project\spring_boot_backend_security_jwt_template\src\test\resources
2024-08-08 15:12:10,851 [Worker-372: Building] INFO  o.e.m.c.i.embedder.EclipseLogger - Using 'UTF-8' encoding to copy filtered resources.
2024-08-08 15:12:10,851 [Worker-372: Building] INFO  o.e.m.c.i.embedder.EclipseLogger - Using 'UTF-8' encoding to copy filtered properties files.
2024-08-08 15:12:10,867 [Worker-372: Building] INFO  o.e.m.c.i.embedder.EclipseLogger - Copying 1 resource
2024-08-08 15:12:10,867 [Worker-372: Building] INFO  o.e.m.c.i.embedder.EclipseLogger - Copying 0 resource
2024-08-08 15:12:10,883 [Worker-372: Building] INFO  o.e.m.c.i.embedder.EclipseLogger - Using 'UTF-8' encoding to copy filtered resources.
2024-08-08 15:12:10,883 [Worker-372: Building] INFO  o.e.m.c.i.embedder.EclipseLogger - Using 'UTF-8' encoding to copy filtered properties files.
2024-08-08 15:12:10,883 [Worker-372: Building] INFO  o.e.m.c.i.embedder.EclipseLogger - skip non existing resourceDirectory D:\Sunbeam_Cdac\CDAC\FinalProject_J004\Project\Project\spring_boot_backend_security_jwt_template\src\test\resources
2024-08-08 15:12:40,957 [Worker-372: Building] INFO  o.e.m.c.i.embedder.EclipseLogger - Using 'UTF-8' encoding to copy filtered resources.
2024-08-08 15:12:40,957 [Worker-372: Building] INFO  o.e.m.c.i.embedder.EclipseLogger - Using 'UTF-8' encoding to copy filtered properties files.
2024-08-08 15:12:40,957 [Worker-372: Building] INFO  o.e.m.c.i.embedder.EclipseLogger - Copying 1 resource
2024-08-08 15:12:40,972 [Worker-372: Building] INFO  o.e.m.c.i.embedder.EclipseLogger - Copying 0 resource
2024-08-08 15:12:40,972 [Worker-372: Building] INFO  o.e.m.c.i.embedder.EclipseLogger - Using 'UTF-8' encoding to copy filtered resources.
2024-08-08 15:12:40,972 [Worker-372: Building] INFO  o.e.m.c.i.embedder.EclipseLogger - Using 'UTF-8' encoding to copy filtered properties files.
2024-08-08 15:12:40,972 [Worker-372: Building] INFO  o.e.m.c.i.embedder.EclipseLogger - skip non existing resourceDirectory D:\Sunbeam_Cdac\CDAC\FinalProject_J004\Project\Project\spring_boot_backend_security_jwt_template\src\test\resources
2024-08-08 15:13:14,528 [Worker-366: Building] INFO  o.e.m.c.i.embedder.EclipseLogger - Using 'UTF-8' encoding to copy filtered resources.
2024-08-08 15:13:14,528 [Worker-366: Building] INFO  o.e.m.c.i.embedder.EclipseLogger - Using 'UTF-8' encoding to copy filtered properties files.
2024-08-08 15:13:14,528 [Worker-366: Building] INFO  o.e.m.c.i.embedder.EclipseLogger - Copying 1 resource
2024-08-08 15:13:14,544 [Worker-366: Building] INFO  o.e.m.c.i.embedder.EclipseLogger - Copying 0 resource
2024-08-08 15:13:14,544 [Worker-366: Building] INFO  o.e.m.c.i.embedder.EclipseLogger - Using 'UTF-8' encoding to copy filtered resources.
2024-08-08 15:13:14,544 [Worker-366: Building] INFO  o.e.m.c.i.embedder.EclipseLogger - Using 'UTF-8' encoding to copy filtered properties files.
2024-08-08 15:13:14,544 [Worker-366: Building] INFO  o.e.m.c.i.embedder.EclipseLogger - skip non existing resourceDirectory D:\Sunbeam_Cdac\CDAC\FinalProject_J004\Project\Project\spring_boot_backend_security_jwt_template\src\test\resources
2024-08-08 15:13:36,177 [Worker-366: Building] INFO  o.e.m.c.i.embedder.EclipseLogger - Using 'UTF-8' encoding to copy filtered resources.
2024-08-08 15:13:36,177 [Worker-366: Building] INFO  o.e.m.c.i.embedder.EclipseLogger - Using 'UTF-8' encoding to copy filtered properties files.
2024-08-08 15:13:36,177 [Worker-366: Building] INFO  o.e.m.c.i.embedder.EclipseLogger - Copying 1 resource
2024-08-08 15:13:36,193 [Worker-366: Building] INFO  o.e.m.c.i.embedder.EclipseLogger - Copying 0 resource
2024-08-08 15:13:36,209 [Worker-366: Building] INFO  o.e.m.c.i.embedder.EclipseLogger - Using 'UTF-8' encoding to copy filtered resources.
2024-08-08 15:13:36,209 [Worker-366: Building] INFO  o.e.m.c.i.embedder.EclipseLogger - Using 'UTF-8' encoding to copy filtered properties files.
2024-08-08 15:13:36,209 [Worker-366: Building] INFO  o.e.m.c.i.embedder.EclipseLogger - skip non existing resourceDirectory D:\Sunbeam_Cdac\CDAC\FinalProject_J004\Project\Project\spring_boot_backend_security_jwt_template\src\test\resources
2024-08-08 15:14:02,374 [Worker-372: Building] INFO  o.e.m.c.i.embedder.EclipseLogger - Using 'UTF-8' encoding to copy filtered resources.
2024-08-08 15:14:02,374 [Worker-372: Building] INFO  o.e.m.c.i.embedder.EclipseLogger - Using 'UTF-8' encoding to copy filtered properties files.
2024-08-08 15:14:02,374 [Worker-372: Building] INFO  o.e.m.c.i.embedder.EclipseLogger - Copying 1 resource
2024-08-08 15:14:02,390 [Worker-372: Building] INFO  o.e.m.c.i.embedder.EclipseLogger - Copying 0 resource
2024-08-08 15:14:02,390 [Worker-372: Building] INFO  o.e.m.c.i.embedder.EclipseLogger - Using 'UTF-8' encoding to copy filtered resources.
2024-08-08 15:14:02,390 [Worker-372: Building] INFO  o.e.m.c.i.embedder.EclipseLogger - Using 'UTF-8' encoding to copy filtered properties files.
2024-08-08 15:14:02,390 [Worker-372: Building] INFO  o.e.m.c.i.embedder.EclipseLogger - skip non existing resourceDirectory D:\Sunbeam_Cdac\CDAC\FinalProject_J004\Project\Project\spring_boot_backend_security_jwt_template\src\test\resources
2024-08-08 15:14:16,566 [Worker-372: Building] INFO  o.e.m.c.i.embedder.EclipseLogger - Using 'UTF-8' encoding to copy filtered resources.
2024-08-08 15:14:16,566 [Worker-372: Building] INFO  o.e.m.c.i.embedder.EclipseLogger - Using 'UTF-8' encoding to copy filtered properties files.
2024-08-08 15:14:16,566 [Worker-372: Building] INFO  o.e.m.c.i.embedder.EclipseLogger - Copying 1 resource
2024-08-08 15:14:16,582 [Worker-372: Building] INFO  o.e.m.c.i.embedder.EclipseLogger - Copying 0 resource
2024-08-08 15:14:16,582 [Worker-372: Building] INFO  o.e.m.c.i.embedder.EclipseLogger - Using 'UTF-8' encoding to copy filtered resources.
2024-08-08 15:14:16,582 [Worker-372: Building] INFO  o.e.m.c.i.embedder.EclipseLogger - Using 'UTF-8' encoding to copy filtered properties files.
2024-08-08 15:14:16,582 [Worker-372: Building] INFO  o.e.m.c.i.embedder.EclipseLogger - skip non existing resourceDirectory D:\Sunbeam_Cdac\CDAC\FinalProject_J004\Project\Project\spring_boot_backend_security_jwt_template\src\test\resources
2024-08-08 15:14:24,943 [Worker-373: Building] INFO  o.e.m.c.i.embedder.EclipseLogger - Using 'UTF-8' encoding to copy filtered resources.
2024-08-08 15:14:24,943 [Worker-373: Building] INFO  o.e.m.c.i.embedder.EclipseLogger - Using 'UTF-8' encoding to copy filtered properties files.
2024-08-08 15:14:24,943 [Worker-373: Building] INFO  o.e.m.c.i.embedder.EclipseLogger - Copying 1 resource
2024-08-08 15:14:24,958 [Worker-373: Building] INFO  o.e.m.c.i.embedder.EclipseLogger - Copying 0 resource
2024-08-08 15:14:24,958 [Worker-373: Building] INFO  o.e.m.c.i.embedder.EclipseLogger - Using 'UTF-8' encoding to copy filtered resources.
2024-08-08 15:14:24,958 [Worker-373: Building] INFO  o.e.m.c.i.embedder.EclipseLogger - Using 'UTF-8' encoding to copy filtered properties files.
2024-08-08 15:14:24,958 [Worker-373: Building] INFO  o.e.m.c.i.embedder.EclipseLogger - skip non existing resourceDirectory D:\Sunbeam_Cdac\CDAC\FinalProject_J004\Project\Project\spring_boot_backend_security_jwt_template\src\test\resources
2024-08-08 15:14:31,194 [Worker-372: Building] INFO  o.e.m.c.i.embedder.EclipseLogger - Using 'UTF-8' encoding to copy filtered resources.
2024-08-08 15:14:31,194 [Worker-372: Building] INFO  o.e.m.c.i.embedder.EclipseLogger - Using 'UTF-8' encoding to copy filtered properties files.
2024-08-08 15:14:31,194 [Worker-372: Building] INFO  o.e.m.c.i.embedder.EclipseLogger - Copying 1 resource
2024-08-08 15:14:31,209 [Worker-372: Building] INFO  o.e.m.c.i.embedder.EclipseLogger - Copying 0 resource
2024-08-08 15:14:31,209 [Worker-372: Building] INFO  o.e.m.c.i.embedder.EclipseLogger - Using 'UTF-8' encoding to copy filtered resources.
2024-08-08 15:14:31,209 [Worker-372: Building] INFO  o.e.m.c.i.embedder.EclipseLogger - Using 'UTF-8' encoding to copy filtered properties files.
2024-08-08 15:14:31,209 [Worker-372: Building] INFO  o.e.m.c.i.embedder.EclipseLogger - skip non existing resourceDirectory D:\Sunbeam_Cdac\CDAC\FinalProject_J004\Project\Project\spring_boot_backend_security_jwt_template\src\test\resources
2024-08-08 15:14:37,388 [Worker-373: Building] INFO  o.e.m.c.i.embedder.EclipseLogger - Using 'UTF-8' encoding to copy filtered resources.
2024-08-08 15:14:37,388 [Worker-373: Building] INFO  o.e.m.c.i.embedder.EclipseLogger - Using 'UTF-8' encoding to copy filtered properties files.
2024-08-08 15:14:37,388 [Worker-373: Building] INFO  o.e.m.c.i.embedder.EclipseLogger - Copying 1 resource
2024-08-08 15:14:37,404 [Worker-373: Building] INFO  o.e.m.c.i.embedder.EclipseLogger - Copying 0 resource
2024-08-08 15:14:37,404 [Worker-373: Building] INFO  o.e.m.c.i.embedder.EclipseLogger - Using 'UTF-8' encoding to copy filtered resources.
2024-08-08 15:14:37,404 [Worker-373: Building] INFO  o.e.m.c.i.embedder.EclipseLogger - Using 'UTF-8' encoding to copy filtered properties files.
2024-08-08 15:14:37,404 [Worker-373: Building] INFO  o.e.m.c.i.embedder.EclipseLogger - skip non existing resourceDirectory D:\Sunbeam_Cdac\CDAC\FinalProject_J004\Project\Project\spring_boot_backend_security_jwt_template\src\test\resources
2024-08-08 15:14:55,968 [Worker-373: Building] INFO  o.e.m.c.i.embedder.EclipseLogger - Using 'UTF-8' encoding to copy filtered resources.
2024-08-08 15:14:55,968 [Worker-373: Building] INFO  o.e.m.c.i.embedder.EclipseLogger - Using 'UTF-8' encoding to copy filtered properties files.
2024-08-08 15:14:55,968 [Worker-373: Building] INFO  o.e.m.c.i.embedder.EclipseLogger - Copying 1 resource
2024-08-08 15:14:55,984 [Worker-373: Building] INFO  o.e.m.c.i.embedder.EclipseLogger - Copying 0 resource
2024-08-08 15:14:55,984 [Worker-373: Building] INFO  o.e.m.c.i.embedder.EclipseLogger - Using 'UTF-8' encoding to copy filtered resources.
2024-08-08 15:14:55,984 [Worker-373: Building] INFO  o.e.m.c.i.embedder.EclipseLogger - Using 'UTF-8' encoding to copy filtered properties files.
2024-08-08 15:14:55,984 [Worker-373: Building] INFO  o.e.m.c.i.embedder.EclipseLogger - skip non existing resourceDirectory D:\Sunbeam_Cdac\CDAC\FinalProject_J004\Project\Project\spring_boot_backend_security_jwt_template\src\test\resources
2024-08-08 15:16:15,685 [Worker-366: Building] INFO  o.e.m.c.i.embedder.EclipseLogger - Using 'UTF-8' encoding to copy filtered resources.
2024-08-08 15:16:15,685 [Worker-366: Building] INFO  o.e.m.c.i.embedder.EclipseLogger - Using 'UTF-8' encoding to copy filtered properties files.
2024-08-08 15:16:15,685 [Worker-366: Building] INFO  o.e.m.c.i.embedder.EclipseLogger - Copying 1 resource
2024-08-08 15:16:15,701 [Worker-366: Building] INFO  o.e.m.c.i.embedder.EclipseLogger - Copying 0 resource
2024-08-08 15:16:15,701 [Worker-366: Building] INFO  o.e.m.c.i.embedder.EclipseLogger - Using 'UTF-8' encoding to copy filtered resources.
2024-08-08 15:16:15,701 [Worker-366: Building] INFO  o.e.m.c.i.embedder.EclipseLogger - Using 'UTF-8' encoding to copy filtered properties files.
2024-08-08 15:16:15,701 [Worker-366: Building] INFO  o.e.m.c.i.embedder.EclipseLogger - skip non existing resourceDirectory D:\Sunbeam_Cdac\CDAC\FinalProject_J004\Project\Project\spring_boot_backend_security_jwt_template\src\test\resources
2024-08-08 15:17:16,336 [Worker-371: Building] INFO  o.e.m.c.i.embedder.EclipseLogger - Using 'UTF-8' encoding to copy filtered resources.
2024-08-08 15:17:16,336 [Worker-371: Building] INFO  o.e.m.c.i.embedder.EclipseLogger - Using 'UTF-8' encoding to copy filtered properties files.
2024-08-08 15:17:16,336 [Worker-371: Building] INFO  o.e.m.c.i.embedder.EclipseLogger - Copying 1 resource
2024-08-08 15:17:16,351 [Worker-371: Building] INFO  o.e.m.c.i.embedder.EclipseLogger - Copying 0 resource
2024-08-08 15:17:16,351 [Worker-371: Building] INFO  o.e.m.c.i.embedder.EclipseLogger - Using 'UTF-8' encoding to copy filtered resources.
2024-08-08 15:17:16,351 [Worker-371: Building] INFO  o.e.m.c.i.embedder.EclipseLogger - Using 'UTF-8' encoding to copy filtered properties files.
2024-08-08 15:17:16,351 [Worker-371: Building] INFO  o.e.m.c.i.embedder.EclipseLogger - skip non existing resourceDirectory D:\Sunbeam_Cdac\CDAC\FinalProject_J004\Project\Project\spring_boot_backend_security_jwt_template\src\test\resources
2024-08-08 15:23:56,397 [Worker-366: Building] INFO  o.e.m.c.i.embedder.EclipseLogger - Using 'UTF-8' encoding to copy filtered resources.
2024-08-08 15:23:56,397 [Worker-366: Building] INFO  o.e.m.c.i.embedder.EclipseLogger - Using 'UTF-8' encoding to copy filtered properties files.
2024-08-08 15:23:56,397 [Worker-366: Building] INFO  o.e.m.c.i.embedder.EclipseLogger - Copying 1 resource
2024-08-08 15:23:56,460 [Worker-366: Building] INFO  o.e.m.c.i.embedder.EclipseLogger - Copying 0 resource
2024-08-08 15:23:56,460 [Worker-366: Building] INFO  o.e.m.c.i.embedder.EclipseLogger - Using 'UTF-8' encoding to copy filtered resources.
2024-08-08 15:23:56,460 [Worker-366: Building] INFO  o.e.m.c.i.embedder.EclipseLogger - Using 'UTF-8' encoding to copy filtered properties files.
2024-08-08 15:23:56,460 [Worker-366: Building] INFO  o.e.m.c.i.embedder.EclipseLogger - skip non existing resourceDirectory D:\Sunbeam_Cdac\CDAC\FinalProject_J004\Project\Project\spring_boot_backend_security_jwt_template\src\test\resources
2024-08-08 15:24:10,589 [Worker-366: Building] INFO  o.e.m.c.i.embedder.EclipseLogger - Using 'UTF-8' encoding to copy filtered resources.
2024-08-08 15:24:10,589 [Worker-366: Building] INFO  o.e.m.c.i.embedder.EclipseLogger - Using 'UTF-8' encoding to copy filtered properties files.
2024-08-08 15:24:10,589 [Worker-366: Building] INFO  o.e.m.c.i.embedder.EclipseLogger - Copying 1 resource
2024-08-08 15:24:10,605 [Worker-366: Building] INFO  o.e.m.c.i.embedder.EclipseLogger - Copying 0 resource
2024-08-08 15:24:10,605 [Worker-366: Building] INFO  o.e.m.c.i.embedder.EclipseLogger - Using 'UTF-8' encoding to copy filtered resources.
2024-08-08 15:24:10,605 [Worker-366: Building] INFO  o.e.m.c.i.embedder.EclipseLogger - Using 'UTF-8' encoding to copy filtered properties files.
2024-08-08 15:24:10,605 [Worker-366: Building] INFO  o.e.m.c.i.embedder.EclipseLogger - skip non existing resourceDirectory D:\Sunbeam_Cdac\CDAC\FinalProject_J004\Project\Project\spring_boot_backend_security_jwt_template\src\test\resources
2024-08-08 15:24:21,199 [Worker-378: Building] INFO  o.e.m.c.i.embedder.EclipseLogger - Using 'UTF-8' encoding to copy filtered resources.
2024-08-08 15:24:21,199 [Worker-378: Building] INFO  o.e.m.c.i.embedder.EclipseLogger - Using 'UTF-8' encoding to copy filtered properties files.
2024-08-08 15:24:21,199 [Worker-378: Building] INFO  o.e.m.c.i.embedder.EclipseLogger - Copying 1 resource
2024-08-08 15:24:21,214 [Worker-378: Building] INFO  o.e.m.c.i.embedder.EclipseLogger - Copying 0 resource
2024-08-08 15:24:21,214 [Worker-378: Building] INFO  o.e.m.c.i.embedder.EclipseLogger - Using 'UTF-8' encoding to copy filtered resources.
2024-08-08 15:24:21,214 [Worker-378: Building] INFO  o.e.m.c.i.embedder.EclipseLogger - Using 'UTF-8' encoding to copy filtered properties files.
2024-08-08 15:24:21,214 [Worker-378: Building] INFO  o.e.m.c.i.embedder.EclipseLogger - skip non existing resourceDirectory D:\Sunbeam_Cdac\CDAC\FinalProject_J004\Project\Project\spring_boot_backend_security_jwt_template\src\test\resources
2024-08-08 15:25:08,902 [Worker-378: Building] INFO  o.e.m.c.i.embedder.EclipseLogger - Using 'UTF-8' encoding to copy filtered resources.
2024-08-08 15:25:08,902 [Worker-378: Building] INFO  o.e.m.c.i.embedder.EclipseLogger - Using 'UTF-8' encoding to copy filtered properties files.
2024-08-08 15:25:08,918 [Worker-378: Building] INFO  o.e.m.c.i.embedder.EclipseLogger - Copying 1 resource
2024-08-08 15:25:08,933 [Worker-378: Building] INFO  o.e.m.c.i.embedder.EclipseLogger - Copying 0 resource
2024-08-08 15:25:08,933 [Worker-378: Building] INFO  o.e.m.c.i.embedder.EclipseLogger - Using 'UTF-8' encoding to copy filtered resources.
2024-08-08 15:25:08,933 [Worker-378: Building] INFO  o.e.m.c.i.embedder.EclipseLogger - Using 'UTF-8' encoding to copy filtered properties files.
2024-08-08 15:25:08,933 [Worker-378: Building] INFO  o.e.m.c.i.embedder.EclipseLogger - skip non existing resourceDirectory D:\Sunbeam_Cdac\CDAC\FinalProject_J004\Project\Project\spring_boot_backend_security_jwt_template\src\test\resources
2024-08-08 15:26:04,854 [Worker-378: Building] INFO  o.e.m.c.i.embedder.EclipseLogger - Using 'UTF-8' encoding to copy filtered resources.
2024-08-08 15:26:04,854 [Worker-378: Building] INFO  o.e.m.c.i.embedder.EclipseLogger - Using 'UTF-8' encoding to copy filtered properties files.
2024-08-08 15:26:04,854 [Worker-378: Building] INFO  o.e.m.c.i.embedder.EclipseLogger - Copying 1 resource
2024-08-08 15:26:04,870 [Worker-378: Building] INFO  o.e.m.c.i.embedder.EclipseLogger - Copying 0 resource
2024-08-08 15:26:04,870 [Worker-378: Building] INFO  o.e.m.c.i.embedder.EclipseLogger - Using 'UTF-8' encoding to copy filtered resources.
2024-08-08 15:26:04,870 [Worker-378: Building] INFO  o.e.m.c.i.embedder.EclipseLogger - Using 'UTF-8' encoding to copy filtered properties files.
2024-08-08 15:26:04,870 [Worker-378: Building] INFO  o.e.m.c.i.embedder.EclipseLogger - skip non existing resourceDirectory D:\Sunbeam_Cdac\CDAC\FinalProject_J004\Project\Project\spring_boot_backend_security_jwt_template\src\test\resources
2024-08-08 15:26:53,452 [Worker-366: Building] INFO  o.e.m.c.i.embedder.EclipseLogger - Using 'UTF-8' encoding to copy filtered resources.
2024-08-08 15:26:53,452 [Worker-366: Building] INFO  o.e.m.c.i.embedder.EclipseLogger - Using 'UTF-8' encoding to copy filtered properties files.
2024-08-08 15:26:53,452 [Worker-366: Building] INFO  o.e.m.c.i.embedder.EclipseLogger - Copying 1 resource
2024-08-08 15:26:53,452 [Worker-366: Building] INFO  o.e.m.c.i.embedder.EclipseLogger - Copying 0 resource
2024-08-08 15:26:53,452 [Worker-366: Building] INFO  o.e.m.c.i.embedder.EclipseLogger - Using 'UTF-8' encoding to copy filtered resources.
2024-08-08 15:26:53,452 [Worker-366: Building] INFO  o.e.m.c.i.embedder.EclipseLogger - Using 'UTF-8' encoding to copy filtered properties files.
2024-08-08 15:26:53,452 [Worker-366: Building] INFO  o.e.m.c.i.embedder.EclipseLogger - skip non existing resourceDirectory D:\Sunbeam_Cdac\CDAC\FinalProject_J004\Project\Project\spring_boot_backend_security_jwt_template\src\test\resources
2024-08-08 15:27:13,941 [Worker-377: Building] INFO  o.e.m.c.i.embedder.EclipseLogger - Using 'UTF-8' encoding to copy filtered resources.
2024-08-08 15:27:13,941 [Worker-377: Building] INFO  o.e.m.c.i.embedder.EclipseLogger - Using 'UTF-8' encoding to copy filtered properties files.
2024-08-08 15:27:13,941 [Worker-377: Building] INFO  o.e.m.c.i.embedder.EclipseLogger - Copying 1 resource
2024-08-08 15:27:13,956 [Worker-377: Building] INFO  o.e.m.c.i.embedder.EclipseLogger - Copying 0 resource
2024-08-08 15:27:13,956 [Worker-377: Building] INFO  o.e.m.c.i.embedder.EclipseLogger - Using 'UTF-8' encoding to copy filtered resources.
2024-08-08 15:27:13,956 [Worker-377: Building] INFO  o.e.m.c.i.embedder.EclipseLogger - Using 'UTF-8' encoding to copy filtered properties files.
2024-08-08 15:27:13,956 [Worker-377: Building] INFO  o.e.m.c.i.embedder.EclipseLogger - skip non existing resourceDirectory D:\Sunbeam_Cdac\CDAC\FinalProject_J004\Project\Project\spring_boot_backend_security_jwt_template\src\test\resources
2024-08-08 15:27:25,686 [Worker-366: Building] INFO  o.e.m.c.i.embedder.EclipseLogger - Using 'UTF-8' encoding to copy filtered resources.
2024-08-08 15:27:25,686 [Worker-366: Building] INFO  o.e.m.c.i.embedder.EclipseLogger - Using 'UTF-8' encoding to copy filtered properties files.
2024-08-08 15:27:25,686 [Worker-366: Building] INFO  o.e.m.c.i.embedder.EclipseLogger - Copying 1 resource
2024-08-08 15:27:25,702 [Worker-366: Building] INFO  o.e.m.c.i.embedder.EclipseLogger - Copying 0 resource
2024-08-08 15:27:25,702 [Worker-366: Building] INFO  o.e.m.c.i.embedder.EclipseLogger - Using 'UTF-8' encoding to copy filtered resources.
2024-08-08 15:27:25,702 [Worker-366: Building] INFO  o.e.m.c.i.embedder.EclipseLogger - Using 'UTF-8' encoding to copy filtered properties files.
2024-08-08 15:27:25,702 [Worker-366: Building] INFO  o.e.m.c.i.embedder.EclipseLogger - skip non existing resourceDirectory D:\Sunbeam_Cdac\CDAC\FinalProject_J004\Project\Project\spring_boot_backend_security_jwt_template\src\test\resources
2024-08-08 15:27:56,433 [Worker-366: Building] INFO  o.e.m.c.i.embedder.EclipseLogger - Using 'UTF-8' encoding to copy filtered resources.
2024-08-08 15:27:56,433 [Worker-366: Building] INFO  o.e.m.c.i.embedder.EclipseLogger - Using 'UTF-8' encoding to copy filtered properties files.
2024-08-08 15:27:56,433 [Worker-366: Building] INFO  o.e.m.c.i.embedder.EclipseLogger - Copying 1 resource
2024-08-08 15:27:56,433 [Worker-366: Building] INFO  o.e.m.c.i.embedder.EclipseLogger - Copying 0 resource
2024-08-08 15:27:56,433 [Worker-366: Building] INFO  o.e.m.c.i.embedder.EclipseLogger - Using 'UTF-8' encoding to copy filtered resources.
2024-08-08 15:27:56,433 [Worker-366: Building] INFO  o.e.m.c.i.embedder.EclipseLogger - Using 'UTF-8' encoding to copy filtered properties files.
2024-08-08 15:27:56,433 [Worker-366: Building] INFO  o.e.m.c.i.embedder.EclipseLogger - skip non existing resourceDirectory D:\Sunbeam_Cdac\CDAC\FinalProject_J004\Project\Project\spring_boot_backend_security_jwt_template\src\test\resources
2024-08-08 15:28:23,403 [Worker-371: Building] INFO  o.e.m.c.i.embedder.EclipseLogger - Using 'UTF-8' encoding to copy filtered resources.
2024-08-08 15:28:23,403 [Worker-371: Building] INFO  o.e.m.c.i.embedder.EclipseLogger - Using 'UTF-8' encoding to copy filtered properties files.
2024-08-08 15:28:23,403 [Worker-371: Building] INFO  o.e.m.c.i.embedder.EclipseLogger - Copying 1 resource
2024-08-08 15:28:23,403 [Worker-371: Building] INFO  o.e.m.c.i.embedder.EclipseLogger - Copying 0 resource
2024-08-08 15:28:23,419 [Worker-371: Building] INFO  o.e.m.c.i.embedder.EclipseLogger - Using 'UTF-8' encoding to copy filtered resources.
2024-08-08 15:28:23,419 [Worker-371: Building] INFO  o.e.m.c.i.embedder.EclipseLogger - Using 'UTF-8' encoding to copy filtered properties files.
2024-08-08 15:28:23,419 [Worker-371: Building] INFO  o.e.m.c.i.embedder.EclipseLogger - skip non existing resourceDirectory D:\Sunbeam_Cdac\CDAC\FinalProject_J004\Project\Project\spring_boot_backend_security_jwt_template\src\test\resources
2024-08-08 15:28:37,453 [Worker-377: Building] INFO  o.e.m.c.i.embedder.EclipseLogger - Using 'UTF-8' encoding to copy filtered resources.
2024-08-08 15:28:37,453 [Worker-377: Building] INFO  o.e.m.c.i.embedder.EclipseLogger - Using 'UTF-8' encoding to copy filtered properties files.
2024-08-08 15:28:37,453 [Worker-377: Building] INFO  o.e.m.c.i.embedder.EclipseLogger - Copying 1 resource
2024-08-08 15:28:37,469 [Worker-377: Building] INFO  o.e.m.c.i.embedder.EclipseLogger - Copying 0 resource
2024-08-08 15:28:37,469 [Worker-377: Building] INFO  o.e.m.c.i.embedder.EclipseLogger - Using 'UTF-8' encoding to copy filtered resources.
2024-08-08 15:28:37,469 [Worker-377: Building] INFO  o.e.m.c.i.embedder.EclipseLogger - Using 'UTF-8' encoding to copy filtered properties files.
2024-08-08 15:28:37,469 [Worker-377: Building] INFO  o.e.m.c.i.embedder.EclipseLogger - skip non existing resourceDirectory D:\Sunbeam_Cdac\CDAC\FinalProject_J004\Project\Project\spring_boot_backend_security_jwt_template\src\test\resources
2024-08-08 15:32:40,758 [Worker-379: Building] INFO  o.e.m.c.i.embedder.EclipseLogger - Using 'UTF-8' encoding to copy filtered resources.
2024-08-08 15:32:40,758 [Worker-379: Building] INFO  o.e.m.c.i.embedder.EclipseLogger - Using 'UTF-8' encoding to copy filtered properties files.
2024-08-08 15:32:40,758 [Worker-379: Building] INFO  o.e.m.c.i.embedder.EclipseLogger - Copying 1 resource
2024-08-08 15:32:40,770 [Worker-379: Building] INFO  o.e.m.c.i.embedder.EclipseLogger - Copying 0 resource
2024-08-08 15:32:40,770 [Worker-379: Building] INFO  o.e.m.c.i.embedder.EclipseLogger - Using 'UTF-8' encoding to copy filtered resources.
2024-08-08 15:32:40,770 [Worker-379: Building] INFO  o.e.m.c.i.embedder.EclipseLogger - Using 'UTF-8' encoding to copy filtered properties files.
2024-08-08 15:32:40,770 [Worker-379: Building] INFO  o.e.m.c.i.embedder.EclipseLogger - skip non existing resourceDirectory D:\Sunbeam_Cdac\CDAC\FinalProject_J004\Project\Project\spring_boot_backend_security_jwt_template\src\test\resources
2024-08-08 15:33:14,728 [Worker-381: Building] INFO  o.e.m.c.i.embedder.EclipseLogger - Using 'UTF-8' encoding to copy filtered resources.
2024-08-08 15:33:14,728 [Worker-381: Building] INFO  o.e.m.c.i.embedder.EclipseLogger - Using 'UTF-8' encoding to copy filtered properties files.
2024-08-08 15:33:14,728 [Worker-381: Building] INFO  o.e.m.c.i.embedder.EclipseLogger - Copying 1 resource
2024-08-08 15:33:14,728 [Worker-381: Building] INFO  o.e.m.c.i.embedder.EclipseLogger - Copying 0 resource
2024-08-08 15:33:14,728 [Worker-381: Building] INFO  o.e.m.c.i.embedder.EclipseLogger - Using 'UTF-8' encoding to copy filtered resources.
2024-08-08 15:33:14,728 [Worker-381: Building] INFO  o.e.m.c.i.embedder.EclipseLogger - Using 'UTF-8' encoding to copy filtered properties files.
2024-08-08 15:33:14,728 [Worker-381: Building] INFO  o.e.m.c.i.embedder.EclipseLogger - skip non existing resourceDirectory D:\Sunbeam_Cdac\CDAC\FinalProject_J004\Project\Project\spring_boot_backend_security_jwt_template\src\test\resources
2024-08-08 15:33:35,208 [Worker-379: Building] INFO  o.e.m.c.i.embedder.EclipseLogger - Using 'UTF-8' encoding to copy filtered resources.
2024-08-08 15:33:35,208 [Worker-379: Building] INFO  o.e.m.c.i.embedder.EclipseLogger - Using 'UTF-8' encoding to copy filtered properties files.
2024-08-08 15:33:35,208 [Worker-379: Building] INFO  o.e.m.c.i.embedder.EclipseLogger - Copying 1 resource
2024-08-08 15:33:35,224 [Worker-379: Building] INFO  o.e.m.c.i.embedder.EclipseLogger - Copying 0 resource
2024-08-08 15:33:35,224 [Worker-379: Building] INFO  o.e.m.c.i.embedder.EclipseLogger - Using 'UTF-8' encoding to copy filtered resources.
2024-08-08 15:33:35,224 [Worker-379: Building] INFO  o.e.m.c.i.embedder.EclipseLogger - Using 'UTF-8' encoding to copy filtered properties files.
2024-08-08 15:33:35,224 [Worker-379: Building] INFO  o.e.m.c.i.embedder.EclipseLogger - skip non existing resourceDirectory D:\Sunbeam_Cdac\CDAC\FinalProject_J004\Project\Project\spring_boot_backend_security_jwt_template\src\test\resources
2024-08-08 15:33:45,400 [Worker-380: Building] INFO  o.e.m.c.i.embedder.EclipseLogger - Using 'UTF-8' encoding to copy filtered resources.
2024-08-08 15:33:45,400 [Worker-380: Building] INFO  o.e.m.c.i.embedder.EclipseLogger - Using 'UTF-8' encoding to copy filtered properties files.
2024-08-08 15:33:45,400 [Worker-380: Building] INFO  o.e.m.c.i.embedder.EclipseLogger - Copying 1 resource
2024-08-08 15:33:45,416 [Worker-380: Building] INFO  o.e.m.c.i.embedder.EclipseLogger - Copying 0 resource
2024-08-08 15:33:45,416 [Worker-380: Building] INFO  o.e.m.c.i.embedder.EclipseLogger - Using 'UTF-8' encoding to copy filtered resources.
2024-08-08 15:33:45,416 [Worker-380: Building] INFO  o.e.m.c.i.embedder.EclipseLogger - Using 'UTF-8' encoding to copy filtered properties files.
2024-08-08 15:33:45,416 [Worker-380: Building] INFO  o.e.m.c.i.embedder.EclipseLogger - skip non existing resourceDirectory D:\Sunbeam_Cdac\CDAC\FinalProject_J004\Project\Project\spring_boot_backend_security_jwt_template\src\test\resources
2024-08-08 15:33:50,655 [Worker-381: Building] INFO  o.e.m.c.i.embedder.EclipseLogger - Using 'UTF-8' encoding to copy filtered resources.
2024-08-08 15:33:50,655 [Worker-381: Building] INFO  o.e.m.c.i.embedder.EclipseLogger - Using 'UTF-8' encoding to copy filtered properties files.
2024-08-08 15:33:50,655 [Worker-381: Building] INFO  o.e.m.c.i.embedder.EclipseLogger - Copying 1 resource
2024-08-08 15:33:50,670 [Worker-381: Building] INFO  o.e.m.c.i.embedder.EclipseLogger - Copying 0 resource
2024-08-08 15:33:50,670 [Worker-381: Building] INFO  o.e.m.c.i.embedder.EclipseLogger - Using 'UTF-8' encoding to copy filtered resources.
2024-08-08 15:33:50,670 [Worker-381: Building] INFO  o.e.m.c.i.embedder.EclipseLogger - Using 'UTF-8' encoding to copy filtered properties files.
2024-08-08 15:33:50,670 [Worker-381: Building] INFO  o.e.m.c.i.embedder.EclipseLogger - skip non existing resourceDirectory D:\Sunbeam_Cdac\CDAC\FinalProject_J004\Project\Project\spring_boot_backend_security_jwt_template\src\test\resources
2024-08-08 15:34:52,856 [Worker-382: Building] INFO  o.e.m.c.i.embedder.EclipseLogger - Using 'UTF-8' encoding to copy filtered resources.
2024-08-08 15:34:52,856 [Worker-382: Building] INFO  o.e.m.c.i.embedder.EclipseLogger - Using 'UTF-8' encoding to copy filtered properties files.
2024-08-08 15:34:52,872 [Worker-382: Building] INFO  o.e.m.c.i.embedder.EclipseLogger - Copying 1 resource
2024-08-08 15:34:52,872 [Worker-382: Building] INFO  o.e.m.c.i.embedder.EclipseLogger - Copying 0 resource
2024-08-08 15:34:52,872 [Worker-382: Building] INFO  o.e.m.c.i.embedder.EclipseLogger - Using 'UTF-8' encoding to copy filtered resources.
2024-08-08 15:34:52,872 [Worker-382: Building] INFO  o.e.m.c.i.embedder.EclipseLogger - Using 'UTF-8' encoding to copy filtered properties files.
2024-08-08 15:34:52,872 [Worker-382: Building] INFO  o.e.m.c.i.embedder.EclipseLogger - skip non existing resourceDirectory D:\Sunbeam_Cdac\CDAC\FinalProject_J004\Project\Project\spring_boot_backend_security_jwt_template\src\test\resources
2024-08-08 15:35:07,099 [Worker-371: Updating Maven Project] INFO  o.e.m.c.i.p.ProjectConfigurationManager - Update started
2024-08-08 15:35:07,443 [Worker-371: Updating Maven Project] INFO  o.e.m.c.i.l.LifecycleMappingFactory - Using org.eclipse.m2e.jdt.JarLifecycleMapping lifecycle mapping for MavenProject: com.example:spring_boot_backend_security_jwt_template:0.0.1 @ D:\Sunbeam_Cdac\CDAC\FinalProject_J004\Project\Project\spring_boot_backend_security_jwt_template\pom.xml.
2024-08-08 15:35:07,990 [Worker-371: Updating Maven Project] INFO  o.e.m.j.i.AbstractJavaProjectConfigurator - Adding source folder /spring_boot_backend_security_jwt_template/src/main/java
2024-08-08 15:35:07,990 [Worker-371: Updating Maven Project] INFO  o.e.m.j.i.AbstractJavaProjectConfigurator - Adding resource folder /spring_boot_backend_security_jwt_template/src/main/resources
2024-08-08 15:35:07,990 [Worker-371: Updating Maven Project] INFO  o.e.m.j.i.AbstractJavaProjectConfigurator - Adding resource folder /spring_boot_backend_security_jwt_template/src/main/resources
2024-08-08 15:35:07,990 [Worker-371: Updating Maven Project] INFO  o.e.m.j.i.AbstractJavaProjectConfigurator - Adding source folder /spring_boot_backend_security_jwt_template/src/test/java
2024-08-08 15:35:08,131 [Worker-371: Updating Maven Project] INFO  o.e.m.c.i.p.ProjectConfigurationManager - Update completed: 1 sec
2024-08-08 15:35:09,084 [Worker-381: Building] INFO  o.e.m.c.i.embedder.EclipseLogger - Using 'UTF-8' encoding to copy filtered resources.
2024-08-08 15:35:09,084 [Worker-381: Building] INFO  o.e.m.c.i.embedder.EclipseLogger - Using 'UTF-8' encoding to copy filtered properties files.
2024-08-08 15:35:09,084 [Worker-381: Building] INFO  o.e.m.c.i.embedder.EclipseLogger - Copying 1 resource
2024-08-08 15:35:09,099 [Worker-381: Building] INFO  o.e.m.c.i.embedder.EclipseLogger - Copying 0 resource
2024-08-08 15:35:09,099 [Worker-381: Building] INFO  o.e.m.c.i.embedder.EclipseLogger - Using 'UTF-8' encoding to copy filtered resources.
2024-08-08 15:35:09,099 [Worker-381: Building] INFO  o.e.m.c.i.embedder.EclipseLogger - Using 'UTF-8' encoding to copy filtered properties files.
2024-08-08 15:35:09,099 [Worker-381: Building] INFO  o.e.m.c.i.embedder.EclipseLogger - skip non existing resourceDirectory D:\Sunbeam_Cdac\CDAC\FinalProject_J004\Project\Project\spring_boot_backend_security_jwt_template\src\test\resources
2024-08-08 15:58:38,599 [Worker-0: Loading available Gradle versions] INFO  o.e.b.c.i.u.g.PublishedGradleVersions - Gradle version information cache is out-of-date. Trying to update.
2024-08-08 19:12:10,582 [Worker-5: Loading available Gradle versions] INFO  o.e.b.c.i.u.g.PublishedGradleVersions - Gradle version information cache is up-to-date. Trying to read.
2024-08-08 19:12:26,907 [Worker-9: Updating Maven Project] INFO  o.e.m.c.i.p.ProjectConfigurationManager - Update started
2024-08-08 19:12:28,016 [Worker-9: Updating Maven Project] INFO  o.e.m.c.i.l.LifecycleMappingFactory - Using org.eclipse.m2e.jdt.JarLifecycleMapping lifecycle mapping for MavenProject: com.example:spring_boot_backend_security_jwt_template:0.0.1 @ D:\Sunbeam_Cdac\CDAC\FinalProject_J004\Project\Project\spring_boot_backend_security_jwt_template\pom.xml.
2024-08-08 19:12:29,407 [Worker-9: Updating Maven Project] INFO  o.e.m.j.i.AbstractJavaProjectConfigurator - Adding source folder /spring_boot_backend_security_jwt_template/src/main/java
2024-08-08 19:12:29,407 [Worker-9: Updating Maven Project] INFO  o.e.m.j.i.AbstractJavaProjectConfigurator - Adding resource folder /spring_boot_backend_security_jwt_template/src/main/resources
2024-08-08 19:12:29,407 [Worker-9: Updating Maven Project] INFO  o.e.m.j.i.AbstractJavaProjectConfigurator - Adding resource folder /spring_boot_backend_security_jwt_template/src/main/resources
2024-08-08 19:12:29,407 [Worker-9: Updating Maven Project] INFO  o.e.m.j.i.AbstractJavaProjectConfigurator - Adding source folder /spring_boot_backend_security_jwt_template/src/test/java
2024-08-08 19:12:29,875 [Worker-9: Updating Maven Project] INFO  o.e.m.c.i.p.ProjectConfigurationManager - Update completed: 2 sec
2024-08-08 19:12:32,204 [Worker-0: Building] INFO  o.e.m.c.i.embedder.EclipseLogger - Using 'UTF-8' encoding to copy filtered resources.
2024-08-08 19:12:32,204 [Worker-0: Building] INFO  o.e.m.c.i.embedder.EclipseLogger - Using 'UTF-8' encoding to copy filtered properties files.
2024-08-08 19:12:32,204 [Worker-0: Building] INFO  o.e.m.c.i.embedder.EclipseLogger - Copying 1 resource
2024-08-08 19:12:32,219 [Worker-0: Building] INFO  o.e.m.c.i.embedder.EclipseLogger - Copying 0 resource
2024-08-08 19:12:32,219 [Worker-0: Building] INFO  o.e.m.c.i.embedder.EclipseLogger - Using 'UTF-8' encoding to copy filtered resources.
2024-08-08 19:12:32,219 [Worker-0: Building] INFO  o.e.m.c.i.embedder.EclipseLogger - Using 'UTF-8' encoding to copy filtered properties files.
2024-08-08 19:12:32,219 [Worker-0: Building] INFO  o.e.m.c.i.embedder.EclipseLogger - skip non existing resourceDirectory D:\Sunbeam_Cdac\CDAC\FinalProject_J004\Project\Project\spring_boot_backend_security_jwt_template\src\test\resources
2024-08-08 19:27:47,806 [Worker-1: Building] INFO  o.e.m.c.i.embedder.EclipseLogger - Using 'UTF-8' encoding to copy filtered resources.
2024-08-08 19:27:47,806 [Worker-1: Building] INFO  o.e.m.c.i.embedder.EclipseLogger - Using 'UTF-8' encoding to copy filtered properties files.
2024-08-08 19:27:47,809 [Worker-1: Building] INFO  o.e.m.c.i.embedder.EclipseLogger - Copying 1 resource
2024-08-08 19:27:47,842 [Worker-1: Building] INFO  o.e.m.c.i.embedder.EclipseLogger - Copying 0 resource
2024-08-08 19:27:47,847 [Worker-1: Building] INFO  o.e.m.c.i.embedder.EclipseLogger - Using 'UTF-8' encoding to copy filtered resources.
2024-08-08 19:27:47,847 [Worker-1: Building] INFO  o.e.m.c.i.embedder.EclipseLogger - Using 'UTF-8' encoding to copy filtered properties files.
2024-08-08 19:27:47,847 [Worker-1: Building] INFO  o.e.m.c.i.embedder.EclipseLogger - skip non existing resourceDirectory D:\Sunbeam_Cdac\CDAC\FinalProject_J004\Project\Project\spring_boot_backend_security_jwt_template\src\test\resources
2024-08-08 19:28:03,544 [Worker-18: Building] INFO  o.e.m.c.i.l.LifecycleMappingFactory - Using org.eclipse.m2e.jdt.JarLifecycleMapping lifecycle mapping for MavenProject: com.example:spring_boot_backend_security_jwt_template:0.0.1 @ D:\Sunbeam_Cdac\CDAC\FinalProject_J004\Project\Project\spring_boot_backend_security_jwt_template\pom.xml.
2024-08-08 19:28:07,476 [Worker-18: Building] INFO  o.e.m.c.i.e.AbstractTransferListenerAdapter - Downloading https://repo.maven.apache.org/maven2/org/apache/commons/commons-lang3/3.14.0/commons-lang3-3.14.0.pom
2024-08-08 19:28:07,923 [Worker-18: Building] INFO  o.e.m.c.i.e.AbstractTransferListenerAdapter - Downloaded https://repo.maven.apache.org/maven2/org/apache/commons/commons-lang3/3.14.0/commons-lang3-3.14.0.pom
2024-08-08 19:28:08,146 [Worker-18: Building] INFO  o.e.m.c.i.e.AbstractTransferListenerAdapter - Downloading https://repo.maven.apache.org/maven2/org/apache/commons/commons-parent/64/commons-parent-64.pom
2024-08-08 19:28:08,480 [Worker-18: Building] INFO  o.e.m.c.i.e.AbstractTransferListenerAdapter - Downloaded https://repo.maven.apache.org/maven2/org/apache/commons/commons-parent/64/commons-parent-64.pom
2024-08-08 19:28:08,569 [Worker-18: Building] INFO  o.e.m.c.i.e.AbstractTransferListenerAdapter - Downloading https://repo.maven.apache.org/maven2/org/apache/commons/commons-lang3/3.14.0/commons-lang3-3.14.0.jar
2024-08-08 19:28:10,679 [Worker-18: Building] INFO  o.e.m.c.i.e.AbstractTransferListenerAdapter - Downloaded https://repo.maven.apache.org/maven2/org/apache/commons/commons-lang3/3.14.0/commons-lang3-3.14.0.jar
2024-08-08 19:28:11,375 [Worker-18: Building] INFO  o.e.m.c.i.embedder.EclipseLogger - Using 'UTF-8' encoding to copy filtered resources.
2024-08-08 19:28:11,375 [Worker-18: Building] INFO  o.e.m.c.i.embedder.EclipseLogger - Using 'UTF-8' encoding to copy filtered properties files.
2024-08-08 19:28:11,378 [Worker-18: Building] INFO  o.e.m.c.i.embedder.EclipseLogger - Copying 0 resource
2024-08-08 19:28:11,378 [Worker-18: Building] INFO  o.e.m.c.i.embedder.EclipseLogger - Copying 0 resource
2024-08-08 19:28:11,380 [Worker-18: Building] INFO  o.e.m.c.i.embedder.EclipseLogger - Using 'UTF-8' encoding to copy filtered resources.
2024-08-08 19:28:11,380 [Worker-18: Building] INFO  o.e.m.c.i.embedder.EclipseLogger - Using 'UTF-8' encoding to copy filtered properties files.
2024-08-08 19:28:11,380 [Worker-18: Building] INFO  o.e.m.c.i.embedder.EclipseLogger - skip non existing resourceDirectory D:\Sunbeam_Cdac\CDAC\FinalProject_J004\Project\Project\spring_boot_backend_security_jwt_template\src\test\resources
2024-08-08 19:28:12,871 [Worker-16: Download sources and javadoc] INFO  o.e.m.c.i.e.AbstractTransferListenerAdapter - Downloading https://repo.maven.apache.org/maven2/org/apache/commons/commons-lang3/3.14.0/commons-lang3-3.14.0-sources.jar
2024-08-08 19:28:14,004 [Worker-19: Building] INFO  o.e.m.c.i.embedder.EclipseLogger - Using 'UTF-8' encoding to copy filtered resources.
2024-08-08 19:28:14,004 [Worker-19: Building] INFO  o.e.m.c.i.embedder.EclipseLogger - Using 'UTF-8' encoding to copy filtered properties files.
2024-08-08 19:28:14,005 [Worker-19: Building] INFO  o.e.m.c.i.embedder.EclipseLogger - Copying 1 resource
2024-08-08 19:28:14,022 [Worker-19: Building] INFO  o.e.m.c.i.embedder.EclipseLogger - Copying 0 resource
2024-08-08 19:28:14,024 [Worker-19: Building] INFO  o.e.m.c.i.embedder.EclipseLogger - Using 'UTF-8' encoding to copy filtered resources.
2024-08-08 19:28:14,024 [Worker-19: Building] INFO  o.e.m.c.i.embedder.EclipseLogger - Using 'UTF-8' encoding to copy filtered properties files.
2024-08-08 19:28:14,024 [Worker-19: Building] INFO  o.e.m.c.i.embedder.EclipseLogger - skip non existing resourceDirectory D:\Sunbeam_Cdac\CDAC\FinalProject_J004\Project\Project\spring_boot_backend_security_jwt_template\src\test\resources
2024-08-08 19:28:16,296 [Worker-16: Download sources and javadoc] INFO  o.e.m.c.i.e.AbstractTransferListenerAdapter - Downloaded https://repo.maven.apache.org/maven2/org/apache/commons/commons-lang3/3.14.0/commons-lang3-3.14.0-sources.jar
2024-08-08 19:28:16,391 [Worker-16: Download sources and javadoc] INFO  o.e.m.j.internal.DownloadSourcesJob - Downloaded sources for org.apache.commons:commons-lang3:3.14.0
2024-08-08 19:28:16,831 [Worker-1: Building] INFO  o.e.m.c.i.embedder.EclipseLogger - Using 'UTF-8' encoding to copy filtered resources.
2024-08-08 19:28:16,831 [Worker-1: Building] INFO  o.e.m.c.i.embedder.EclipseLogger - Using 'UTF-8' encoding to copy filtered properties files.
2024-08-08 19:28:16,831 [Worker-1: Building] INFO  o.e.m.c.i.embedder.EclipseLogger - Copying 0 resource
2024-08-08 19:28:16,831 [Worker-1: Building] INFO  o.e.m.c.i.embedder.EclipseLogger - Copying 0 resource
2024-08-08 19:28:16,833 [Worker-1: Building] INFO  o.e.m.c.i.embedder.EclipseLogger - Using 'UTF-8' encoding to copy filtered resources.
2024-08-08 19:28:16,833 [Worker-1: Building] INFO  o.e.m.c.i.embedder.EclipseLogger - Using 'UTF-8' encoding to copy filtered properties files.
2024-08-08 19:28:16,833 [Worker-1: Building] INFO  o.e.m.c.i.embedder.EclipseLogger - skip non existing resourceDirectory D:\Sunbeam_Cdac\CDAC\FinalProject_J004\Project\Project\spring_boot_backend_security_jwt_template\src\test\resources
2024-08-08 19:28:18,949 [Worker-19: Building] ERROR o.e.m.c.i.p.r.ProjectRegistryManager - Could not read pom.xml
org.eclipse.core.runtime.CoreException: Could not read pom.xml
	at org.eclipse.m2e.core.internal.embedder.MavenImpl.readModel(MavenImpl.java:560)
	at org.eclipse.m2e.core.internal.project.registry.ProjectRegistryManager.refreshPhase2(ProjectRegistryManager.java:562)
	at org.eclipse.m2e.core.internal.project.registry.ProjectRegistryManager.refresh(ProjectRegistryManager.java:518)
	at org.eclipse.m2e.core.internal.project.registry.ProjectRegistryManager.refresh(ProjectRegistryManager.java:364)
	at org.eclipse.m2e.core.internal.project.registry.ProjectRegistryManager.refresh(ProjectRegistryManager.java:315)
	at org.eclipse.m2e.core.internal.builder.MavenBuilder$BuildMethod.getProjectFacade(MavenBuilder.java:151)
	at org.eclipse.m2e.core.internal.builder.MavenBuilder$BuildMethod.lambda$0(MavenBuilder.java:89)
	at org.eclipse.m2e.core.internal.embedder.MavenExecutionContext.executeBare(MavenExecutionContext.java:179)
	at org.eclipse.m2e.core.internal.embedder.MavenExecutionContext.execute(MavenExecutionContext.java:153)
	at org.eclipse.m2e.core.internal.embedder.MavenExecutionContext.execute(MavenExecutionContext.java:101)
	at org.eclipse.m2e.core.internal.builder.MavenBuilder$BuildMethod.execute(MavenBuilder.java:88)
	at org.eclipse.m2e.core.internal.builder.MavenBuilder.build(MavenBuilder.java:197)
	at org.eclipse.core.internal.events.BuildManager$2.run(BuildManager.java:853)
	at org.eclipse.core.runtime.SafeRunner.run(SafeRunner.java:45)
	at org.eclipse.core.internal.events.BuildManager.basicBuild(BuildManager.java:232)
	at org.eclipse.core.internal.events.BuildManager.basicBuild(BuildManager.java:281)
	at org.eclipse.core.internal.events.BuildManager$1.run(BuildManager.java:334)
	at org.eclipse.core.runtime.SafeRunner.run(SafeRunner.java:45)
	at org.eclipse.core.internal.events.BuildManager.basicBuild(BuildManager.java:337)
	at org.eclipse.core.internal.events.BuildManager.basicBuildLoop(BuildManager.java:389)
	at org.eclipse.core.internal.events.BuildManager.build(BuildManager.java:410)
	at org.eclipse.core.internal.events.AutoBuildJob.doBuild(AutoBuildJob.java:160)
	at org.eclipse.core.internal.events.AutoBuildJob.run(AutoBuildJob.java:251)
	at org.eclipse.core.internal.jobs.Worker.run(Worker.java:63)
Caused by: org.apache.maven.model.io.ModelParseException: expected START_TAG or END_TAG not TEXT (position: TEXT seen ...\t\thttps://mvnrepository.com/artifact/io.jsonwebtoken/jjwt-api\n\t\t<d... @88:5) 
	at org.apache.maven.model.io.DefaultModelReader.read(DefaultModelReader.java:117)
	at org.apache.maven.model.io.DefaultModelReader.read(DefaultModelReader.java:85)
	at org.eclipse.m2e.core.internal.embedder.MavenImpl.readModel(MavenImpl.java:558)
	... 23 common frames omitted
Caused by: org.codehaus.plexus.util.xml.pull.XmlPullParserException: expected START_TAG or END_TAG not TEXT (position: TEXT seen ...\t\thttps://mvnrepository.com/artifact/io.jsonwebtoken/jjwt-api\n\t\t<d... @88:5) 
	at org.codehaus.plexus.util.xml.pull.MXParser.nextTag(MXParser.java:1309)
	at org.apache.maven.model.io.xpp3.MavenXpp3Reader.parseModel(MavenXpp3Reader.java:2235)
	at org.apache.maven.model.io.xpp3.MavenXpp3Reader.read(MavenXpp3Reader.java:3872)
	at org.apache.maven.model.io.xpp3.MavenXpp3Reader.read(MavenXpp3Reader.java:595)
	at org.apache.maven.model.io.DefaultModelReader.read(DefaultModelReader.java:112)
	... 25 common frames omitted
2024-08-08 19:28:20,497 [Worker-20: Building] ERROR o.e.m.c.i.p.r.ProjectRegistryManager - Could not read pom.xml
org.eclipse.core.runtime.CoreException: Could not read pom.xml
	at org.eclipse.m2e.core.internal.embedder.MavenImpl.readModel(MavenImpl.java:560)
	at org.eclipse.m2e.core.internal.project.registry.ProjectRegistryManager.refreshPhase2(ProjectRegistryManager.java:562)
	at org.eclipse.m2e.core.internal.project.registry.ProjectRegistryManager.refresh(ProjectRegistryManager.java:518)
	at org.eclipse.m2e.core.internal.project.registry.ProjectRegistryManager.refresh(ProjectRegistryManager.java:364)
	at org.eclipse.m2e.core.internal.project.registry.ProjectRegistryManager.refresh(ProjectRegistryManager.java:315)
	at org.eclipse.m2e.core.internal.builder.MavenBuilder$BuildMethod.getProjectFacade(MavenBuilder.java:151)
	at org.eclipse.m2e.core.internal.builder.MavenBuilder$BuildMethod.lambda$0(MavenBuilder.java:89)
	at org.eclipse.m2e.core.internal.embedder.MavenExecutionContext.executeBare(MavenExecutionContext.java:179)
	at org.eclipse.m2e.core.internal.embedder.MavenExecutionContext.execute(MavenExecutionContext.java:153)
	at org.eclipse.m2e.core.internal.embedder.MavenExecutionContext.execute(MavenExecutionContext.java:101)
	at org.eclipse.m2e.core.internal.builder.MavenBuilder$BuildMethod.execute(MavenBuilder.java:88)
	at org.eclipse.m2e.core.internal.builder.MavenBuilder.build(MavenBuilder.java:197)
	at org.eclipse.core.internal.events.BuildManager$2.run(BuildManager.java:853)
	at org.eclipse.core.runtime.SafeRunner.run(SafeRunner.java:45)
	at org.eclipse.core.internal.events.BuildManager.basicBuild(BuildManager.java:232)
	at org.eclipse.core.internal.events.BuildManager.basicBuild(BuildManager.java:281)
	at org.eclipse.core.internal.events.BuildManager$1.run(BuildManager.java:334)
	at org.eclipse.core.runtime.SafeRunner.run(SafeRunner.java:45)
	at org.eclipse.core.internal.events.BuildManager.basicBuild(BuildManager.java:337)
	at org.eclipse.core.internal.events.BuildManager.basicBuildLoop(BuildManager.java:389)
	at org.eclipse.core.internal.events.BuildManager.build(BuildManager.java:410)
	at org.eclipse.core.internal.events.AutoBuildJob.doBuild(AutoBuildJob.java:160)
	at org.eclipse.core.internal.events.AutoBuildJob.run(AutoBuildJob.java:251)
	at org.eclipse.core.internal.jobs.Worker.run(Worker.java:63)
Caused by: org.apache.maven.model.io.ModelParseException: expected START_TAG or END_TAG not TEXT (position: TEXT seen ...\t\thttps://mvnrepository.com/artifact/io.jsonwebtoken/jjwt-api\n\t\t<d... @88:5) 
	at org.apache.maven.model.io.DefaultModelReader.read(DefaultModelReader.java:117)
	at org.apache.maven.model.io.DefaultModelReader.read(DefaultModelReader.java:85)
	at org.eclipse.m2e.core.internal.embedder.MavenImpl.readModel(MavenImpl.java:558)
	... 23 common frames omitted
Caused by: org.codehaus.plexus.util.xml.pull.XmlPullParserException: expected START_TAG or END_TAG not TEXT (position: TEXT seen ...\t\thttps://mvnrepository.com/artifact/io.jsonwebtoken/jjwt-api\n\t\t<d... @88:5) 
	at org.codehaus.plexus.util.xml.pull.MXParser.nextTag(MXParser.java:1309)
	at org.apache.maven.model.io.xpp3.MavenXpp3Reader.parseModel(MavenXpp3Reader.java:2235)
	at org.apache.maven.model.io.xpp3.MavenXpp3Reader.read(MavenXpp3Reader.java:3872)
	at org.apache.maven.model.io.xpp3.MavenXpp3Reader.read(MavenXpp3Reader.java:595)
	at org.apache.maven.model.io.DefaultModelReader.read(DefaultModelReader.java:112)
	... 25 common frames omitted
2024-08-08 19:28:32,769 [Worker-16: reload maven project] ERROR o.e.m.c.i.p.r.ProjectRegistryManager - Failed to read Maven project: Some problems were encountered while processing the POMs:
[FATAL] Non-parseable POM D:\Sunbeam_Cdac\CDAC\FinalProject_J004\Project\Project\spring_boot_backend_security_jwt_template\pom.xml: expected START_TAG or END_TAG not TEXT (position: TEXT seen ...\thttps://mvnrepository.com/artifact/io.jsonwebtoken/jjwt-impl\n\t\t<d... @95:5)  @ line 95, column 5

org.apache.maven.project.ProjectBuildingException: Some problems were encountered while processing the POMs:
[FATAL] Non-parseable POM D:\Sunbeam_Cdac\CDAC\FinalProject_J004\Project\Project\spring_boot_backend_security_jwt_template\pom.xml: expected START_TAG or END_TAG not TEXT (position: TEXT seen ...\thttps://mvnrepository.com/artifact/io.jsonwebtoken/jjwt-impl\n\t\t<d... @95:5)  @ line 95, column 5

	at org.eclipse.m2e.core.internal.embedder.MavenImpl.readMavenProjects(MavenImpl.java:676)
	at org.eclipse.m2e.core.internal.project.registry.ProjectRegistryManager.lambda$13(ProjectRegistryManager.java:870)
	at org.eclipse.m2e.core.internal.embedder.MavenExecutionContext.executeBare(MavenExecutionContext.java:179)
	at org.eclipse.m2e.core.internal.embedder.MavenExecutionContext.execute(MavenExecutionContext.java:153)
	at org.eclipse.m2e.core.internal.embedder.MavenExecutionContext.execute(MavenExecutionContext.java:101)
	at org.eclipse.m2e.core.internal.project.registry.ProjectRegistryManager.execute(ProjectRegistryManager.java:1028)
	at org.eclipse.m2e.core.internal.project.registry.ProjectRegistryManager.readProjectsWithDependencies(ProjectRegistryManager.java:866)
	at org.eclipse.m2e.core.internal.project.registry.ProjectRegistryManager.create(ProjectRegistryManager.java:210)
	at org.eclipse.m2e.core.internal.project.registry.MavenProjectManager.create(MavenProjectManager.java:81)
	at org.eclipse.m2e.core.ui.internal.actions.SelectionUtil.getMavenProject(SelectionUtil.java:258)
	at org.eclipse.m2e.editor.pom.MavenPomEditor.readMavenProject(MavenPomEditor.java:632)
	at org.eclipse.m2e.editor.pom.MavenPomEditor$3.run(MavenPomEditor.java:936)
	at org.eclipse.core.internal.jobs.Worker.run(Worker.java:63)
2024-08-08 19:28:33,110 [Worker-20: Building] ERROR o.e.m.c.i.p.r.ProjectRegistryManager - Could not read pom.xml
org.eclipse.core.runtime.CoreException: Could not read pom.xml
	at org.eclipse.m2e.core.internal.embedder.MavenImpl.readModel(MavenImpl.java:560)
	at org.eclipse.m2e.core.internal.project.registry.ProjectRegistryManager.refreshPhase2(ProjectRegistryManager.java:562)
	at org.eclipse.m2e.core.internal.project.registry.ProjectRegistryManager.refresh(ProjectRegistryManager.java:518)
	at org.eclipse.m2e.core.internal.project.registry.ProjectRegistryManager.refresh(ProjectRegistryManager.java:364)
	at org.eclipse.m2e.core.internal.project.registry.ProjectRegistryManager.refresh(ProjectRegistryManager.java:315)
	at org.eclipse.m2e.core.internal.builder.MavenBuilder$BuildMethod.getProjectFacade(MavenBuilder.java:151)
	at org.eclipse.m2e.core.internal.builder.MavenBuilder$BuildMethod.lambda$0(MavenBuilder.java:89)
	at org.eclipse.m2e.core.internal.embedder.MavenExecutionContext.executeBare(MavenExecutionContext.java:179)
	at org.eclipse.m2e.core.internal.embedder.MavenExecutionContext.execute(MavenExecutionContext.java:153)
	at org.eclipse.m2e.core.internal.embedder.MavenExecutionContext.execute(MavenExecutionContext.java:101)
	at org.eclipse.m2e.core.internal.builder.MavenBuilder$BuildMethod.execute(MavenBuilder.java:88)
	at org.eclipse.m2e.core.internal.builder.MavenBuilder.build(MavenBuilder.java:197)
	at org.eclipse.core.internal.events.BuildManager$2.run(BuildManager.java:853)
	at org.eclipse.core.runtime.SafeRunner.run(SafeRunner.java:45)
	at org.eclipse.core.internal.events.BuildManager.basicBuild(BuildManager.java:232)
	at org.eclipse.core.internal.events.BuildManager.basicBuild(BuildManager.java:281)
	at org.eclipse.core.internal.events.BuildManager$1.run(BuildManager.java:334)
	at org.eclipse.core.runtime.SafeRunner.run(SafeRunner.java:45)
	at org.eclipse.core.internal.events.BuildManager.basicBuild(BuildManager.java:337)
	at org.eclipse.core.internal.events.BuildManager.basicBuildLoop(BuildManager.java:389)
	at org.eclipse.core.internal.events.BuildManager.build(BuildManager.java:410)
	at org.eclipse.core.internal.events.AutoBuildJob.doBuild(AutoBuildJob.java:160)
	at org.eclipse.core.internal.events.AutoBuildJob.run(AutoBuildJob.java:251)
	at org.eclipse.core.internal.jobs.Worker.run(Worker.java:63)
Caused by: org.apache.maven.model.io.ModelParseException: expected START_TAG or END_TAG not TEXT (position: TEXT seen ...\thttps://mvnrepository.com/artifact/io.jsonwebtoken/jjwt-impl\n\t\t<d... @95:5) 
	at org.apache.maven.model.io.DefaultModelReader.read(DefaultModelReader.java:117)
	at org.apache.maven.model.io.DefaultModelReader.read(DefaultModelReader.java:85)
	at org.eclipse.m2e.core.internal.embedder.MavenImpl.readModel(MavenImpl.java:558)
	... 23 common frames omitted
Caused by: org.codehaus.plexus.util.xml.pull.XmlPullParserException: expected START_TAG or END_TAG not TEXT (position: TEXT seen ...\thttps://mvnrepository.com/artifact/io.jsonwebtoken/jjwt-impl\n\t\t<d... @95:5) 
	at org.codehaus.plexus.util.xml.pull.MXParser.nextTag(MXParser.java:1309)
	at org.apache.maven.model.io.xpp3.MavenXpp3Reader.parseModel(MavenXpp3Reader.java:2235)
	at org.apache.maven.model.io.xpp3.MavenXpp3Reader.read(MavenXpp3Reader.java:3872)
	at org.apache.maven.model.io.xpp3.MavenXpp3Reader.read(MavenXpp3Reader.java:595)
	at org.apache.maven.model.io.DefaultModelReader.read(DefaultModelReader.java:112)
	... 25 common frames omitted
2024-08-08 19:28:40,649 [Worker-17: reload maven project] ERROR o.e.m.c.i.p.r.ProjectRegistryManager - Failed to read Maven project: Some problems were encountered while processing the POMs:
[FATAL] Non-parseable POM D:\Sunbeam_Cdac\CDAC\FinalProject_J004\Project\Project\spring_boot_backend_security_jwt_template\pom.xml: expected START_TAG or END_TAG not TEXT (position: TEXT seen ...tps://mvnrepository.com/artifact/io.jsonwebtoken/jjwt-jackson\n\t\t<d... @104:5)  @ line 104, column 5

org.apache.maven.project.ProjectBuildingException: Some problems were encountered while processing the POMs:
[FATAL] Non-parseable POM D:\Sunbeam_Cdac\CDAC\FinalProject_J004\Project\Project\spring_boot_backend_security_jwt_template\pom.xml: expected START_TAG or END_TAG not TEXT (position: TEXT seen ...tps://mvnrepository.com/artifact/io.jsonwebtoken/jjwt-jackson\n\t\t<d... @104:5)  @ line 104, column 5

	at org.eclipse.m2e.core.internal.embedder.MavenImpl.readMavenProjects(MavenImpl.java:676)
	at org.eclipse.m2e.core.internal.project.registry.ProjectRegistryManager.lambda$13(ProjectRegistryManager.java:870)
	at org.eclipse.m2e.core.internal.embedder.MavenExecutionContext.executeBare(MavenExecutionContext.java:179)
	at org.eclipse.m2e.core.internal.embedder.MavenExecutionContext.execute(MavenExecutionContext.java:153)
	at org.eclipse.m2e.core.internal.embedder.MavenExecutionContext.execute(MavenExecutionContext.java:101)
	at org.eclipse.m2e.core.internal.project.registry.ProjectRegistryManager.execute(ProjectRegistryManager.java:1028)
	at org.eclipse.m2e.core.internal.project.registry.ProjectRegistryManager.readProjectsWithDependencies(ProjectRegistryManager.java:866)
	at org.eclipse.m2e.core.internal.project.registry.ProjectRegistryManager.create(ProjectRegistryManager.java:210)
	at org.eclipse.m2e.core.internal.project.registry.MavenProjectManager.create(MavenProjectManager.java:81)
	at org.eclipse.m2e.core.ui.internal.actions.SelectionUtil.getMavenProject(SelectionUtil.java:258)
	at org.eclipse.m2e.editor.pom.MavenPomEditor.readMavenProject(MavenPomEditor.java:632)
	at org.eclipse.m2e.editor.pom.MavenPomEditor$3.run(MavenPomEditor.java:936)
	at org.eclipse.core.internal.jobs.Worker.run(Worker.java:63)
2024-08-08 19:28:40,765 [Worker-1: Building] ERROR o.e.m.c.i.p.r.ProjectRegistryManager - Could not read pom.xml
org.eclipse.core.runtime.CoreException: Could not read pom.xml
	at org.eclipse.m2e.core.internal.embedder.MavenImpl.readModel(MavenImpl.java:560)
	at org.eclipse.m2e.core.internal.project.registry.ProjectRegistryManager.refreshPhase2(ProjectRegistryManager.java:562)
	at org.eclipse.m2e.core.internal.project.registry.ProjectRegistryManager.refresh(ProjectRegistryManager.java:518)
	at org.eclipse.m2e.core.internal.project.registry.ProjectRegistryManager.refresh(ProjectRegistryManager.java:364)
	at org.eclipse.m2e.core.internal.project.registry.ProjectRegistryManager.refresh(ProjectRegistryManager.java:315)
	at org.eclipse.m2e.core.internal.builder.MavenBuilder$BuildMethod.getProjectFacade(MavenBuilder.java:151)
	at org.eclipse.m2e.core.internal.builder.MavenBuilder$BuildMethod.lambda$0(MavenBuilder.java:89)
	at org.eclipse.m2e.core.internal.embedder.MavenExecutionContext.executeBare(MavenExecutionContext.java:179)
	at org.eclipse.m2e.core.internal.embedder.MavenExecutionContext.execute(MavenExecutionContext.java:153)
	at org.eclipse.m2e.core.internal.embedder.MavenExecutionContext.execute(MavenExecutionContext.java:101)
	at org.eclipse.m2e.core.internal.builder.MavenBuilder$BuildMethod.execute(MavenBuilder.java:88)
	at org.eclipse.m2e.core.internal.builder.MavenBuilder.build(MavenBuilder.java:197)
	at org.eclipse.core.internal.events.BuildManager$2.run(BuildManager.java:853)
	at org.eclipse.core.runtime.SafeRunner.run(SafeRunner.java:45)
	at org.eclipse.core.internal.events.BuildManager.basicBuild(BuildManager.java:232)
	at org.eclipse.core.internal.events.BuildManager.basicBuild(BuildManager.java:281)
	at org.eclipse.core.internal.events.BuildManager$1.run(BuildManager.java:334)
	at org.eclipse.core.runtime.SafeRunner.run(SafeRunner.java:45)
	at org.eclipse.core.internal.events.BuildManager.basicBuild(BuildManager.java:337)
	at org.eclipse.core.internal.events.BuildManager.basicBuildLoop(BuildManager.java:389)
	at org.eclipse.core.internal.events.BuildManager.build(BuildManager.java:410)
	at org.eclipse.core.internal.events.AutoBuildJob.doBuild(AutoBuildJob.java:160)
	at org.eclipse.core.internal.events.AutoBuildJob.run(AutoBuildJob.java:251)
	at org.eclipse.core.internal.jobs.Worker.run(Worker.java:63)
Caused by: org.apache.maven.model.io.ModelParseException: expected START_TAG or END_TAG not TEXT (position: TEXT seen ...tps://mvnrepository.com/artifact/io.jsonwebtoken/jjwt-jackson\n\t\t<d... @104:5) 
	at org.apache.maven.model.io.DefaultModelReader.read(DefaultModelReader.java:117)
	at org.apache.maven.model.io.DefaultModelReader.read(DefaultModelReader.java:85)
	at org.eclipse.m2e.core.internal.embedder.MavenImpl.readModel(MavenImpl.java:558)
	... 23 common frames omitted
Caused by: org.codehaus.plexus.util.xml.pull.XmlPullParserException: expected START_TAG or END_TAG not TEXT (position: TEXT seen ...tps://mvnrepository.com/artifact/io.jsonwebtoken/jjwt-jackson\n\t\t<d... @104:5) 
	at org.codehaus.plexus.util.xml.pull.MXParser.nextTag(MXParser.java:1309)
	at org.apache.maven.model.io.xpp3.MavenXpp3Reader.parseModel(MavenXpp3Reader.java:2235)
	at org.apache.maven.model.io.xpp3.MavenXpp3Reader.read(MavenXpp3Reader.java:3872)
	at org.apache.maven.model.io.xpp3.MavenXpp3Reader.read(MavenXpp3Reader.java:595)
	at org.apache.maven.model.io.DefaultModelReader.read(DefaultModelReader.java:112)
	... 25 common frames omitted
2024-08-08 19:28:49,786 [Worker-19: Building] INFO  o.e.m.c.i.l.LifecycleMappingFactory - Using org.eclipse.m2e.jdt.JarLifecycleMapping lifecycle mapping for MavenProject: com.example:spring_boot_backend_security_jwt_template:0.0.1 @ D:\Sunbeam_Cdac\CDAC\FinalProject_J004\Project\Project\spring_boot_backend_security_jwt_template\pom.xml.
2024-08-08 19:28:50,879 [Worker-19: Building] INFO  o.e.m.c.i.embedder.EclipseLogger - Using 'UTF-8' encoding to copy filtered resources.
2024-08-08 19:28:50,880 [Worker-19: Building] INFO  o.e.m.c.i.embedder.EclipseLogger - Using 'UTF-8' encoding to copy filtered properties files.
2024-08-08 19:28:50,882 [Worker-19: Building] INFO  o.e.m.c.i.embedder.EclipseLogger - Copying 0 resource
2024-08-08 19:28:50,883 [Worker-19: Building] INFO  o.e.m.c.i.embedder.EclipseLogger - Copying 0 resource
2024-08-08 19:28:50,885 [Worker-19: Building] INFO  o.e.m.c.i.embedder.EclipseLogger - Using 'UTF-8' encoding to copy filtered resources.
2024-08-08 19:28:50,885 [Worker-19: Building] INFO  o.e.m.c.i.embedder.EclipseLogger - Using 'UTF-8' encoding to copy filtered properties files.
2024-08-08 19:28:50,885 [Worker-19: Building] INFO  o.e.m.c.i.embedder.EclipseLogger - skip non existing resourceDirectory D:\Sunbeam_Cdac\CDAC\FinalProject_J004\Project\Project\spring_boot_backend_security_jwt_template\src\test\resources
2024-08-08 19:28:53,421 [Worker-20: Building] INFO  o.e.m.c.i.embedder.EclipseLogger - Using 'UTF-8' encoding to copy filtered resources.
2024-08-08 19:28:53,421 [Worker-20: Building] INFO  o.e.m.c.i.embedder.EclipseLogger - Using 'UTF-8' encoding to copy filtered properties files.
2024-08-08 19:28:53,422 [Worker-20: Building] INFO  o.e.m.c.i.embedder.EclipseLogger - Copying 1 resource
2024-08-08 19:28:53,444 [Worker-20: Building] INFO  o.e.m.c.i.embedder.EclipseLogger - Copying 0 resource
2024-08-08 19:28:53,447 [Worker-20: Building] INFO  o.e.m.c.i.embedder.EclipseLogger - Using 'UTF-8' encoding to copy filtered resources.
2024-08-08 19:28:53,447 [Worker-20: Building] INFO  o.e.m.c.i.embedder.EclipseLogger - Using 'UTF-8' encoding to copy filtered properties files.
2024-08-08 19:28:53,447 [Worker-20: Building] INFO  o.e.m.c.i.embedder.EclipseLogger - skip non existing resourceDirectory D:\Sunbeam_Cdac\CDAC\FinalProject_J004\Project\Project\spring_boot_backend_security_jwt_template\src\test\resources
2024-08-08 19:29:00,605 [Worker-22: Updating Maven Project] INFO  o.e.m.c.i.p.ProjectConfigurationManager - Update started
2024-08-08 19:29:01,095 [Worker-22: Updating Maven Project] INFO  o.e.m.c.i.l.LifecycleMappingFactory - Using org.eclipse.m2e.jdt.JarLifecycleMapping lifecycle mapping for MavenProject: com.example:spring_boot_backend_security_jwt_template:0.0.1 @ D:\Sunbeam_Cdac\CDAC\FinalProject_J004\Project\Project\spring_boot_backend_security_jwt_template\pom.xml.
2024-08-08 19:29:01,751 [Worker-22: Updating Maven Project] INFO  o.e.m.j.i.AbstractJavaProjectConfigurator - Adding source folder /spring_boot_backend_security_jwt_template/src/main/java
2024-08-08 19:29:01,751 [Worker-22: Updating Maven Project] INFO  o.e.m.j.i.AbstractJavaProjectConfigurator - Adding resource folder /spring_boot_backend_security_jwt_template/src/main/resources
2024-08-08 19:29:01,751 [Worker-22: Updating Maven Project] INFO  o.e.m.j.i.AbstractJavaProjectConfigurator - Adding resource folder /spring_boot_backend_security_jwt_template/src/main/resources
2024-08-08 19:29:01,752 [Worker-22: Updating Maven Project] INFO  o.e.m.j.i.AbstractJavaProjectConfigurator - Adding source folder /spring_boot_backend_security_jwt_template/src/test/java
2024-08-08 19:29:01,930 [Worker-22: Updating Maven Project] INFO  o.e.m.c.i.p.ProjectConfigurationManager - Update completed: 1 sec
2024-08-08 19:29:03,328 [Worker-19: Building] INFO  o.e.m.c.i.embedder.EclipseLogger - Using 'UTF-8' encoding to copy filtered resources.
2024-08-08 19:29:03,328 [Worker-19: Building] INFO  o.e.m.c.i.embedder.EclipseLogger - Using 'UTF-8' encoding to copy filtered properties files.
2024-08-08 19:29:03,329 [Worker-19: Building] INFO  o.e.m.c.i.embedder.EclipseLogger - Copying 1 resource
2024-08-08 19:29:03,348 [Worker-19: Building] INFO  o.e.m.c.i.embedder.EclipseLogger - Copying 0 resource
2024-08-08 19:29:03,351 [Worker-19: Building] INFO  o.e.m.c.i.embedder.EclipseLogger - Using 'UTF-8' encoding to copy filtered resources.
2024-08-08 19:29:03,351 [Worker-19: Building] INFO  o.e.m.c.i.embedder.EclipseLogger - Using 'UTF-8' encoding to copy filtered properties files.
2024-08-08 19:29:03,351 [Worker-19: Building] INFO  o.e.m.c.i.embedder.EclipseLogger - skip non existing resourceDirectory D:\Sunbeam_Cdac\CDAC\FinalProject_J004\Project\Project\spring_boot_backend_security_jwt_template\src\test\resources
2024-08-08 19:29:30,137 [Worker-19: Building] INFO  o.e.m.c.i.embedder.EclipseLogger - Using 'UTF-8' encoding to copy filtered resources.
2024-08-08 19:29:30,137 [Worker-19: Building] INFO  o.e.m.c.i.embedder.EclipseLogger - Using 'UTF-8' encoding to copy filtered properties files.
2024-08-08 19:29:30,137 [Worker-19: Building] INFO  o.e.m.c.i.embedder.EclipseLogger - Copying 1 resource
2024-08-08 19:29:30,147 [Worker-19: Building] INFO  o.e.m.c.i.embedder.EclipseLogger - Copying 0 resource
2024-08-08 19:29:30,147 [Worker-19: Building] INFO  o.e.m.c.i.embedder.EclipseLogger - Using 'UTF-8' encoding to copy filtered resources.
2024-08-08 19:29:30,147 [Worker-19: Building] INFO  o.e.m.c.i.embedder.EclipseLogger - Using 'UTF-8' encoding to copy filtered properties files.
2024-08-08 19:29:30,147 [Worker-19: Building] INFO  o.e.m.c.i.embedder.EclipseLogger - skip non existing resourceDirectory D:\Sunbeam_Cdac\CDAC\FinalProject_J004\Project\Project\spring_boot_backend_security_jwt_template\src\test\resources
2024-08-08 19:30:08,223 [Worker-20: Building] INFO  o.e.m.c.i.embedder.EclipseLogger - Using 'UTF-8' encoding to copy filtered resources.
2024-08-08 19:30:08,223 [Worker-20: Building] INFO  o.e.m.c.i.embedder.EclipseLogger - Using 'UTF-8' encoding to copy filtered properties files.
2024-08-08 19:30:08,224 [Worker-20: Building] INFO  o.e.m.c.i.embedder.EclipseLogger - Copying 1 resource
2024-08-08 19:30:08,232 [Worker-20: Building] INFO  o.e.m.c.i.embedder.EclipseLogger - Copying 0 resource
2024-08-08 19:30:08,234 [Worker-20: Building] INFO  o.e.m.c.i.embedder.EclipseLogger - Using 'UTF-8' encoding to copy filtered resources.
2024-08-08 19:30:08,234 [Worker-20: Building] INFO  o.e.m.c.i.embedder.EclipseLogger - Using 'UTF-8' encoding to copy filtered properties files.
2024-08-08 19:30:08,234 [Worker-20: Building] INFO  o.e.m.c.i.embedder.EclipseLogger - skip non existing resourceDirectory D:\Sunbeam_Cdac\CDAC\FinalProject_J004\Project\Project\spring_boot_backend_security_jwt_template\src\test\resources
2024-08-08 19:30:16,308 [Worker-1: Building] INFO  o.e.m.c.i.embedder.EclipseLogger - Using 'UTF-8' encoding to copy filtered resources.
2024-08-08 19:30:16,308 [Worker-1: Building] INFO  o.e.m.c.i.embedder.EclipseLogger - Using 'UTF-8' encoding to copy filtered properties files.
2024-08-08 19:30:16,309 [Worker-1: Building] INFO  o.e.m.c.i.embedder.EclipseLogger - Copying 1 resource
2024-08-08 19:30:16,318 [Worker-1: Building] INFO  o.e.m.c.i.embedder.EclipseLogger - Copying 0 resource
2024-08-08 19:30:16,320 [Worker-1: Building] INFO  o.e.m.c.i.embedder.EclipseLogger - Using 'UTF-8' encoding to copy filtered resources.
2024-08-08 19:30:16,321 [Worker-1: Building] INFO  o.e.m.c.i.embedder.EclipseLogger - Using 'UTF-8' encoding to copy filtered properties files.
2024-08-08 19:30:16,321 [Worker-1: Building] INFO  o.e.m.c.i.embedder.EclipseLogger - skip non existing resourceDirectory D:\Sunbeam_Cdac\CDAC\FinalProject_J004\Project\Project\spring_boot_backend_security_jwt_template\src\test\resources
2024-08-08 19:53:44,489 [Worker-20: Building] INFO  o.e.m.c.i.embedder.EclipseLogger - Using 'UTF-8' encoding to copy filtered resources.
2024-08-08 19:53:44,489 [Worker-20: Building] INFO  o.e.m.c.i.embedder.EclipseLogger - Using 'UTF-8' encoding to copy filtered properties files.
2024-08-08 19:53:44,489 [Worker-20: Building] INFO  o.e.m.c.i.embedder.EclipseLogger - Copying 1 resource
2024-08-08 19:53:44,505 [Worker-20: Building] INFO  o.e.m.c.i.embedder.EclipseLogger - Copying 0 resource
2024-08-08 19:53:44,505 [Worker-20: Building] INFO  o.e.m.c.i.embedder.EclipseLogger - Using 'UTF-8' encoding to copy filtered resources.
2024-08-08 19:53:44,505 [Worker-20: Building] INFO  o.e.m.c.i.embedder.EclipseLogger - Using 'UTF-8' encoding to copy filtered properties files.
2024-08-08 19:53:44,505 [Worker-20: Building] INFO  o.e.m.c.i.embedder.EclipseLogger - skip non existing resourceDirectory D:\Sunbeam_Cdac\CDAC\FinalProject_J004\Project\Project\spring_boot_backend_security_jwt_template\src\test\resources
2024-08-08 19:53:59,451 [Worker-25: Building] INFO  o.e.m.c.i.embedder.EclipseLogger - Using 'UTF-8' encoding to copy filtered resources.
2024-08-08 19:53:59,451 [Worker-25: Building] INFO  o.e.m.c.i.embedder.EclipseLogger - Using 'UTF-8' encoding to copy filtered properties files.
2024-08-08 19:53:59,451 [Worker-25: Building] INFO  o.e.m.c.i.embedder.EclipseLogger - Copying 1 resource
2024-08-08 19:53:59,467 [Worker-25: Building] INFO  o.e.m.c.i.embedder.EclipseLogger - Copying 0 resource
2024-08-08 19:53:59,467 [Worker-25: Building] INFO  o.e.m.c.i.embedder.EclipseLogger - Using 'UTF-8' encoding to copy filtered resources.
2024-08-08 19:53:59,467 [Worker-25: Building] INFO  o.e.m.c.i.embedder.EclipseLogger - Using 'UTF-8' encoding to copy filtered properties files.
2024-08-08 19:53:59,467 [Worker-25: Building] INFO  o.e.m.c.i.embedder.EclipseLogger - skip non existing resourceDirectory D:\Sunbeam_Cdac\CDAC\FinalProject_J004\Project\Project\spring_boot_backend_security_jwt_template\src\test\resources
2024-08-08 19:59:07,393 [Worker-20: Building] INFO  o.e.m.c.i.embedder.EclipseLogger - Using 'UTF-8' encoding to copy filtered resources.
2024-08-08 19:59:07,393 [Worker-20: Building] INFO  o.e.m.c.i.embedder.EclipseLogger - Using 'UTF-8' encoding to copy filtered properties files.
2024-08-08 19:59:07,409 [Worker-20: Building] INFO  o.e.m.c.i.embedder.EclipseLogger - Copying 1 resource
2024-08-08 19:59:07,409 [Worker-20: Building] INFO  o.e.m.c.i.embedder.EclipseLogger - Copying 0 resource
2024-08-08 19:59:07,409 [Worker-20: Building] INFO  o.e.m.c.i.embedder.EclipseLogger - Using 'UTF-8' encoding to copy filtered resources.
2024-08-08 19:59:07,409 [Worker-20: Building] INFO  o.e.m.c.i.embedder.EclipseLogger - Using 'UTF-8' encoding to copy filtered properties files.
2024-08-08 19:59:07,409 [Worker-20: Building] INFO  o.e.m.c.i.embedder.EclipseLogger - skip non existing resourceDirectory D:\Sunbeam_Cdac\CDAC\FinalProject_J004\Project\Project\spring_boot_backend_security_jwt_template\src\test\resources
2024-08-08 20:00:17,731 [Worker-28: Building] INFO  o.e.m.c.i.embedder.EclipseLogger - Using 'UTF-8' encoding to copy filtered resources.
2024-08-08 20:00:17,731 [Worker-28: Building] INFO  o.e.m.c.i.embedder.EclipseLogger - Using 'UTF-8' encoding to copy filtered properties files.
2024-08-08 20:00:17,731 [Worker-28: Building] INFO  o.e.m.c.i.embedder.EclipseLogger - Copying 1 resource
2024-08-08 20:00:17,747 [Worker-28: Building] INFO  o.e.m.c.i.embedder.EclipseLogger - Copying 0 resource
2024-08-08 20:00:17,747 [Worker-28: Building] INFO  o.e.m.c.i.embedder.EclipseLogger - Using 'UTF-8' encoding to copy filtered resources.
2024-08-08 20:00:17,747 [Worker-28: Building] INFO  o.e.m.c.i.embedder.EclipseLogger - Using 'UTF-8' encoding to copy filtered properties files.
2024-08-08 20:00:17,747 [Worker-28: Building] INFO  o.e.m.c.i.embedder.EclipseLogger - skip non existing resourceDirectory D:\Sunbeam_Cdac\CDAC\FinalProject_J004\Project\Project\spring_boot_backend_security_jwt_template\src\test\resources
2024-08-08 20:02:26,213 [Worker-25: Building] INFO  o.e.m.c.i.embedder.EclipseLogger - Using 'UTF-8' encoding to copy filtered resources.
2024-08-08 20:02:26,213 [Worker-25: Building] INFO  o.e.m.c.i.embedder.EclipseLogger - Using 'UTF-8' encoding to copy filtered properties files.
2024-08-08 20:02:26,213 [Worker-25: Building] INFO  o.e.m.c.i.embedder.EclipseLogger - Copying 1 resource
2024-08-08 20:02:26,229 [Worker-25: Building] INFO  o.e.m.c.i.embedder.EclipseLogger - Copying 0 resource
2024-08-08 20:02:26,229 [Worker-25: Building] INFO  o.e.m.c.i.embedder.EclipseLogger - Using 'UTF-8' encoding to copy filtered resources.
2024-08-08 20:02:26,229 [Worker-25: Building] INFO  o.e.m.c.i.embedder.EclipseLogger - Using 'UTF-8' encoding to copy filtered properties files.
2024-08-08 20:02:26,229 [Worker-25: Building] INFO  o.e.m.c.i.embedder.EclipseLogger - skip non existing resourceDirectory D:\Sunbeam_Cdac\CDAC\FinalProject_J004\Project\Project\spring_boot_backend_security_jwt_template\src\test\resources
2024-08-08 20:09:17,515 [Worker-32: Building] INFO  o.e.m.c.i.embedder.EclipseLogger - Using 'UTF-8' encoding to copy filtered resources.
2024-08-08 20:09:17,515 [Worker-32: Building] INFO  o.e.m.c.i.embedder.EclipseLogger - Using 'UTF-8' encoding to copy filtered properties files.
2024-08-08 20:09:17,515 [Worker-32: Building] INFO  o.e.m.c.i.embedder.EclipseLogger - Copying 1 resource
2024-08-08 20:09:17,531 [Worker-32: Building] INFO  o.e.m.c.i.embedder.EclipseLogger - Copying 0 resource
2024-08-08 20:09:17,531 [Worker-32: Building] INFO  o.e.m.c.i.embedder.EclipseLogger - Using 'UTF-8' encoding to copy filtered resources.
2024-08-08 20:09:17,531 [Worker-32: Building] INFO  o.e.m.c.i.embedder.EclipseLogger - Using 'UTF-8' encoding to copy filtered properties files.
2024-08-08 20:09:17,531 [Worker-32: Building] INFO  o.e.m.c.i.embedder.EclipseLogger - skip non existing resourceDirectory D:\Sunbeam_Cdac\CDAC\FinalProject_J004\Project\Project\spring_boot_backend_security_jwt_template\src\test\resources
2024-08-08 20:09:32,677 [Worker-28: Building] INFO  o.e.m.c.i.embedder.EclipseLogger - Using 'UTF-8' encoding to copy filtered resources.
2024-08-08 20:09:32,677 [Worker-28: Building] INFO  o.e.m.c.i.embedder.EclipseLogger - Using 'UTF-8' encoding to copy filtered properties files.
2024-08-08 20:09:32,677 [Worker-28: Building] INFO  o.e.m.c.i.embedder.EclipseLogger - Copying 1 resource
2024-08-08 20:09:32,677 [Worker-28: Building] INFO  o.e.m.c.i.embedder.EclipseLogger - Copying 0 resource
2024-08-08 20:09:32,677 [Worker-28: Building] INFO  o.e.m.c.i.embedder.EclipseLogger - Using 'UTF-8' encoding to copy filtered resources.
2024-08-08 20:09:32,677 [Worker-28: Building] INFO  o.e.m.c.i.embedder.EclipseLogger - Using 'UTF-8' encoding to copy filtered properties files.
2024-08-08 20:09:32,677 [Worker-28: Building] INFO  o.e.m.c.i.embedder.EclipseLogger - skip non existing resourceDirectory D:\Sunbeam_Cdac\CDAC\FinalProject_J004\Project\Project\spring_boot_backend_security_jwt_template\src\test\resources
2024-08-08 20:10:09,648 [Worker-29: Building] INFO  o.e.m.c.i.embedder.EclipseLogger - Using 'UTF-8' encoding to copy filtered resources.
2024-08-08 20:10:09,648 [Worker-29: Building] INFO  o.e.m.c.i.embedder.EclipseLogger - Using 'UTF-8' encoding to copy filtered properties files.
2024-08-08 20:10:09,648 [Worker-29: Building] INFO  o.e.m.c.i.embedder.EclipseLogger - Copying 1 resource
2024-08-08 20:10:09,648 [Worker-29: Building] INFO  o.e.m.c.i.embedder.EclipseLogger - Copying 0 resource
2024-08-08 20:10:09,648 [Worker-29: Building] INFO  o.e.m.c.i.embedder.EclipseLogger - Using 'UTF-8' encoding to copy filtered resources.
2024-08-08 20:10:09,648 [Worker-29: Building] INFO  o.e.m.c.i.embedder.EclipseLogger - Using 'UTF-8' encoding to copy filtered properties files.
2024-08-08 20:10:09,648 [Worker-29: Building] INFO  o.e.m.c.i.embedder.EclipseLogger - skip non existing resourceDirectory D:\Sunbeam_Cdac\CDAC\FinalProject_J004\Project\Project\spring_boot_backend_security_jwt_template\src\test\resources
2024-08-08 20:10:30,303 [Worker-31: Building] INFO  o.e.m.c.i.embedder.EclipseLogger - Using 'UTF-8' encoding to copy filtered resources.
2024-08-08 20:10:30,303 [Worker-31: Building] INFO  o.e.m.c.i.embedder.EclipseLogger - Using 'UTF-8' encoding to copy filtered properties files.
2024-08-08 20:10:30,319 [Worker-31: Building] INFO  o.e.m.c.i.embedder.EclipseLogger - Copying 1 resource
2024-08-08 20:10:30,319 [Worker-31: Building] INFO  o.e.m.c.i.embedder.EclipseLogger - Copying 0 resource
2024-08-08 20:10:30,319 [Worker-31: Building] INFO  o.e.m.c.i.embedder.EclipseLogger - Using 'UTF-8' encoding to copy filtered resources.
2024-08-08 20:10:30,319 [Worker-31: Building] INFO  o.e.m.c.i.embedder.EclipseLogger - Using 'UTF-8' encoding to copy filtered properties files.
2024-08-08 20:10:30,319 [Worker-31: Building] INFO  o.e.m.c.i.embedder.EclipseLogger - skip non existing resourceDirectory D:\Sunbeam_Cdac\CDAC\FinalProject_J004\Project\Project\spring_boot_backend_security_jwt_template\src\test\resources
2024-08-08 20:13:45,913 [Worker-34: Building] INFO  o.e.m.c.i.embedder.EclipseLogger - Using 'UTF-8' encoding to copy filtered resources.
2024-08-08 20:13:45,913 [Worker-34: Building] INFO  o.e.m.c.i.embedder.EclipseLogger - Using 'UTF-8' encoding to copy filtered properties files.
2024-08-08 20:13:45,913 [Worker-34: Building] INFO  o.e.m.c.i.embedder.EclipseLogger - Copying 1 resource
2024-08-08 20:13:45,913 [Worker-34: Building] INFO  o.e.m.c.i.embedder.EclipseLogger - Copying 0 resource
2024-08-08 20:13:45,913 [Worker-34: Building] INFO  o.e.m.c.i.embedder.EclipseLogger - Using 'UTF-8' encoding to copy filtered resources.
2024-08-08 20:13:45,913 [Worker-34: Building] INFO  o.e.m.c.i.embedder.EclipseLogger - Using 'UTF-8' encoding to copy filtered properties files.
2024-08-08 20:13:45,913 [Worker-34: Building] INFO  o.e.m.c.i.embedder.EclipseLogger - skip non existing resourceDirectory D:\Sunbeam_Cdac\CDAC\FinalProject_J004\Project\Project\spring_boot_backend_security_jwt_template\src\test\resources
2024-08-08 20:15:02,557 [Worker-34: Building] INFO  o.e.m.c.i.embedder.EclipseLogger - Using 'UTF-8' encoding to copy filtered resources.
2024-08-08 20:15:02,557 [Worker-34: Building] INFO  o.e.m.c.i.embedder.EclipseLogger - Using 'UTF-8' encoding to copy filtered properties files.
2024-08-08 20:15:02,557 [Worker-34: Building] INFO  o.e.m.c.i.embedder.EclipseLogger - Copying 1 resource
2024-08-08 20:15:02,573 [Worker-34: Building] INFO  o.e.m.c.i.embedder.EclipseLogger - Copying 0 resource
2024-08-08 20:15:02,573 [Worker-34: Building] INFO  o.e.m.c.i.embedder.EclipseLogger - Using 'UTF-8' encoding to copy filtered resources.
2024-08-08 20:15:02,573 [Worker-34: Building] INFO  o.e.m.c.i.embedder.EclipseLogger - Using 'UTF-8' encoding to copy filtered properties files.
2024-08-08 20:15:02,573 [Worker-34: Building] INFO  o.e.m.c.i.embedder.EclipseLogger - skip non existing resourceDirectory D:\Sunbeam_Cdac\CDAC\FinalProject_J004\Project\Project\spring_boot_backend_security_jwt_template\src\test\resources
2024-08-08 20:15:18,376 [Worker-31: Building] INFO  o.e.m.c.i.embedder.EclipseLogger - Using 'UTF-8' encoding to copy filtered resources.
2024-08-08 20:15:18,376 [Worker-31: Building] INFO  o.e.m.c.i.embedder.EclipseLogger - Using 'UTF-8' encoding to copy filtered properties files.
2024-08-08 20:15:18,376 [Worker-31: Building] INFO  o.e.m.c.i.embedder.EclipseLogger - Copying 1 resource
2024-08-08 20:15:18,392 [Worker-31: Building] INFO  o.e.m.c.i.embedder.EclipseLogger - Copying 0 resource
2024-08-08 20:15:18,392 [Worker-31: Building] INFO  o.e.m.c.i.embedder.EclipseLogger - Using 'UTF-8' encoding to copy filtered resources.
2024-08-08 20:15:18,392 [Worker-31: Building] INFO  o.e.m.c.i.embedder.EclipseLogger - Using 'UTF-8' encoding to copy filtered properties files.
2024-08-08 20:15:18,392 [Worker-31: Building] INFO  o.e.m.c.i.embedder.EclipseLogger - skip non existing resourceDirectory D:\Sunbeam_Cdac\CDAC\FinalProject_J004\Project\Project\spring_boot_backend_security_jwt_template\src\test\resources
2024-08-08 20:15:36,103 [Worker-28: Building] INFO  o.e.m.c.i.embedder.EclipseLogger - Using 'UTF-8' encoding to copy filtered resources.
2024-08-08 20:15:36,103 [Worker-28: Building] INFO  o.e.m.c.i.embedder.EclipseLogger - Using 'UTF-8' encoding to copy filtered properties files.
2024-08-08 20:15:36,103 [Worker-28: Building] INFO  o.e.m.c.i.embedder.EclipseLogger - Copying 1 resource
2024-08-08 20:15:36,118 [Worker-28: Building] INFO  o.e.m.c.i.embedder.EclipseLogger - Copying 0 resource
2024-08-08 20:15:36,118 [Worker-28: Building] INFO  o.e.m.c.i.embedder.EclipseLogger - Using 'UTF-8' encoding to copy filtered resources.
2024-08-08 20:15:36,118 [Worker-28: Building] INFO  o.e.m.c.i.embedder.EclipseLogger - Using 'UTF-8' encoding to copy filtered properties files.
2024-08-08 20:15:36,118 [Worker-28: Building] INFO  o.e.m.c.i.embedder.EclipseLogger - skip non existing resourceDirectory D:\Sunbeam_Cdac\CDAC\FinalProject_J004\Project\Project\spring_boot_backend_security_jwt_template\src\test\resources
2024-08-08 20:17:48,741 [Worker-38: Building] INFO  o.e.m.c.i.embedder.EclipseLogger - Using 'UTF-8' encoding to copy filtered resources.
2024-08-08 20:17:48,741 [Worker-38: Building] INFO  o.e.m.c.i.embedder.EclipseLogger - Using 'UTF-8' encoding to copy filtered properties files.
2024-08-08 20:17:48,741 [Worker-38: Building] INFO  o.e.m.c.i.embedder.EclipseLogger - Copying 1 resource
2024-08-08 20:17:48,757 [Worker-38: Building] INFO  o.e.m.c.i.embedder.EclipseLogger - Copying 0 resource
2024-08-08 20:17:48,757 [Worker-38: Building] INFO  o.e.m.c.i.embedder.EclipseLogger - Using 'UTF-8' encoding to copy filtered resources.
2024-08-08 20:17:48,757 [Worker-38: Building] INFO  o.e.m.c.i.embedder.EclipseLogger - Using 'UTF-8' encoding to copy filtered properties files.
2024-08-08 20:17:48,757 [Worker-38: Building] INFO  o.e.m.c.i.embedder.EclipseLogger - skip non existing resourceDirectory D:\Sunbeam_Cdac\CDAC\FinalProject_J004\Project\Project\spring_boot_backend_security_jwt_template\src\test\resources
2024-08-08 20:18:01,886 [Worker-36: Updating Maven Project] INFO  o.e.m.c.i.p.ProjectConfigurationManager - Update started
2024-08-08 20:18:02,370 [Worker-36: Updating Maven Project] INFO  o.e.m.c.i.l.LifecycleMappingFactory - Using org.eclipse.m2e.jdt.JarLifecycleMapping lifecycle mapping for MavenProject: com.example:spring_boot_backend_security_jwt_template:0.0.1 @ D:\Sunbeam_Cdac\CDAC\FinalProject_J004\Project\Project\spring_boot_backend_security_jwt_template\pom.xml.
2024-08-08 20:18:03,152 [Worker-36: Updating Maven Project] INFO  o.e.m.j.i.AbstractJavaProjectConfigurator - Adding source folder /spring_boot_backend_security_jwt_template/src/main/java
2024-08-08 20:18:03,152 [Worker-36: Updating Maven Project] INFO  o.e.m.j.i.AbstractJavaProjectConfigurator - Adding resource folder /spring_boot_backend_security_jwt_template/src/main/resources
2024-08-08 20:18:03,152 [Worker-36: Updating Maven Project] INFO  o.e.m.j.i.AbstractJavaProjectConfigurator - Adding resource folder /spring_boot_backend_security_jwt_template/src/main/resources
2024-08-08 20:18:03,152 [Worker-36: Updating Maven Project] INFO  o.e.m.j.i.AbstractJavaProjectConfigurator - Adding source folder /spring_boot_backend_security_jwt_template/src/test/java
2024-08-08 20:18:03,340 [Worker-36: Updating Maven Project] INFO  o.e.m.c.i.p.ProjectConfigurationManager - Update completed: 1 sec
2024-08-08 20:18:04,762 [Worker-38: Building] INFO  o.e.m.c.i.embedder.EclipseLogger - Using 'UTF-8' encoding to copy filtered resources.
2024-08-08 20:18:04,762 [Worker-38: Building] INFO  o.e.m.c.i.embedder.EclipseLogger - Using 'UTF-8' encoding to copy filtered properties files.
2024-08-08 20:18:04,762 [Worker-38: Building] INFO  o.e.m.c.i.embedder.EclipseLogger - Copying 1 resource
2024-08-08 20:18:04,777 [Worker-38: Building] INFO  o.e.m.c.i.embedder.EclipseLogger - Copying 0 resource
2024-08-08 20:18:04,777 [Worker-38: Building] INFO  o.e.m.c.i.embedder.EclipseLogger - Using 'UTF-8' encoding to copy filtered resources.
2024-08-08 20:18:04,777 [Worker-38: Building] INFO  o.e.m.c.i.embedder.EclipseLogger - Using 'UTF-8' encoding to copy filtered properties files.
2024-08-08 20:18:04,777 [Worker-38: Building] INFO  o.e.m.c.i.embedder.EclipseLogger - skip non existing resourceDirectory D:\Sunbeam_Cdac\CDAC\FinalProject_J004\Project\Project\spring_boot_backend_security_jwt_template\src\test\resources
2024-08-08 20:25:13,581 [Worker-45: Building] INFO  o.e.m.c.i.embedder.EclipseLogger - Using 'UTF-8' encoding to copy filtered resources.
2024-08-08 20:25:13,581 [Worker-45: Building] INFO  o.e.m.c.i.embedder.EclipseLogger - Using 'UTF-8' encoding to copy filtered properties files.
2024-08-08 20:25:13,581 [Worker-45: Building] INFO  o.e.m.c.i.embedder.EclipseLogger - Copying 1 resource
2024-08-08 20:25:13,597 [Worker-45: Building] INFO  o.e.m.c.i.embedder.EclipseLogger - Copying 0 resource
2024-08-08 20:25:13,597 [Worker-45: Building] INFO  o.e.m.c.i.embedder.EclipseLogger - Using 'UTF-8' encoding to copy filtered resources.
2024-08-08 20:25:13,597 [Worker-45: Building] INFO  o.e.m.c.i.embedder.EclipseLogger - Using 'UTF-8' encoding to copy filtered properties files.
2024-08-08 20:25:13,597 [Worker-45: Building] INFO  o.e.m.c.i.embedder.EclipseLogger - skip non existing resourceDirectory D:\Sunbeam_Cdac\CDAC\FinalProject_J004\Project\Project\spring_boot_backend_security_jwt_template\src\test\resources
2024-08-08 20:25:32,240 [Worker-46: Building] INFO  o.e.m.c.i.embedder.EclipseLogger - Using 'UTF-8' encoding to copy filtered resources.
2024-08-08 20:25:32,240 [Worker-46: Building] INFO  o.e.m.c.i.embedder.EclipseLogger - Using 'UTF-8' encoding to copy filtered properties files.
2024-08-08 20:25:32,240 [Worker-46: Building] INFO  o.e.m.c.i.embedder.EclipseLogger - Copying 1 resource
2024-08-08 20:25:32,255 [Worker-46: Building] INFO  o.e.m.c.i.embedder.EclipseLogger - Copying 0 resource
2024-08-08 20:25:32,255 [Worker-46: Building] INFO  o.e.m.c.i.embedder.EclipseLogger - Using 'UTF-8' encoding to copy filtered resources.
2024-08-08 20:25:32,255 [Worker-46: Building] INFO  o.e.m.c.i.embedder.EclipseLogger - Using 'UTF-8' encoding to copy filtered properties files.
2024-08-08 20:25:32,255 [Worker-46: Building] INFO  o.e.m.c.i.embedder.EclipseLogger - skip non existing resourceDirectory D:\Sunbeam_Cdac\CDAC\FinalProject_J004\Project\Project\spring_boot_backend_security_jwt_template\src\test\resources
2024-08-08 20:25:55,083 [Worker-42: Updating Maven Project] INFO  o.e.m.c.i.p.ProjectConfigurationManager - Update started
2024-08-08 20:25:55,458 [Worker-42: Updating Maven Project] INFO  o.e.m.c.i.l.LifecycleMappingFactory - Using org.eclipse.m2e.jdt.JarLifecycleMapping lifecycle mapping for MavenProject: com.example:spring_boot_backend_security_jwt_template:0.0.1 @ D:\Sunbeam_Cdac\CDAC\FinalProject_J004\Project\Project\spring_boot_backend_security_jwt_template\pom.xml.
2024-08-08 20:25:56,145 [Worker-42: Updating Maven Project] INFO  o.e.m.j.i.AbstractJavaProjectConfigurator - Adding source folder /spring_boot_backend_security_jwt_template/src/main/java
2024-08-08 20:25:56,145 [Worker-42: Updating Maven Project] INFO  o.e.m.j.i.AbstractJavaProjectConfigurator - Adding resource folder /spring_boot_backend_security_jwt_template/src/main/resources
2024-08-08 20:25:56,145 [Worker-42: Updating Maven Project] INFO  o.e.m.j.i.AbstractJavaProjectConfigurator - Adding resource folder /spring_boot_backend_security_jwt_template/src/main/resources
2024-08-08 20:25:56,145 [Worker-42: Updating Maven Project] INFO  o.e.m.j.i.AbstractJavaProjectConfigurator - Adding source folder /spring_boot_backend_security_jwt_template/src/test/java
2024-08-08 20:25:56,333 [Worker-42: Updating Maven Project] INFO  o.e.m.c.i.p.ProjectConfigurationManager - Update completed: 1 sec
2024-08-08 20:25:57,593 [Worker-44: Building] INFO  o.e.m.c.i.embedder.EclipseLogger - Using 'UTF-8' encoding to copy filtered resources.
2024-08-08 20:25:57,609 [Worker-44: Building] INFO  o.e.m.c.i.embedder.EclipseLogger - Using 'UTF-8' encoding to copy filtered properties files.
2024-08-08 20:25:57,609 [Worker-44: Building] INFO  o.e.m.c.i.embedder.EclipseLogger - Copying 1 resource
2024-08-08 20:25:57,609 [Worker-44: Building] INFO  o.e.m.c.i.embedder.EclipseLogger - Copying 0 resource
2024-08-08 20:25:57,625 [Worker-44: Building] INFO  o.e.m.c.i.embedder.EclipseLogger - Using 'UTF-8' encoding to copy filtered resources.
2024-08-08 20:25:57,625 [Worker-44: Building] INFO  o.e.m.c.i.embedder.EclipseLogger - Using 'UTF-8' encoding to copy filtered properties files.
2024-08-08 20:25:57,625 [Worker-44: Building] INFO  o.e.m.c.i.embedder.EclipseLogger - skip non existing resourceDirectory D:\Sunbeam_Cdac\CDAC\FinalProject_J004\Project\Project\spring_boot_backend_security_jwt_template\src\test\resources
2024-08-08 20:27:37,524 [Worker-45: Building] INFO  o.e.m.c.i.embedder.EclipseLogger - Using 'UTF-8' encoding to copy filtered resources.
2024-08-08 20:27:37,524 [Worker-45: Building] INFO  o.e.m.c.i.embedder.EclipseLogger - Using 'UTF-8' encoding to copy filtered properties files.
2024-08-08 20:27:37,524 [Worker-45: Building] INFO  o.e.m.c.i.embedder.EclipseLogger - Copying 1 resource
2024-08-08 20:27:37,524 [Worker-45: Building] INFO  o.e.m.c.i.embedder.EclipseLogger - Copying 0 resource
2024-08-08 20:27:37,524 [Worker-45: Building] INFO  o.e.m.c.i.embedder.EclipseLogger - Using 'UTF-8' encoding to copy filtered resources.
2024-08-08 20:27:37,524 [Worker-45: Building] INFO  o.e.m.c.i.embedder.EclipseLogger - Using 'UTF-8' encoding to copy filtered properties files.
2024-08-08 20:27:37,524 [Worker-45: Building] INFO  o.e.m.c.i.embedder.EclipseLogger - skip non existing resourceDirectory D:\Sunbeam_Cdac\CDAC\FinalProject_J004\Project\Project\spring_boot_backend_security_jwt_template\src\test\resources
2024-08-08 20:27:48,717 [Worker-44: Building] INFO  o.e.m.c.i.embedder.EclipseLogger - Using 'UTF-8' encoding to copy filtered resources.
2024-08-08 20:27:48,717 [Worker-44: Building] INFO  o.e.m.c.i.embedder.EclipseLogger - Using 'UTF-8' encoding to copy filtered properties files.
2024-08-08 20:27:48,717 [Worker-44: Building] INFO  o.e.m.c.i.embedder.EclipseLogger - Copying 1 resource
2024-08-08 20:27:48,733 [Worker-44: Building] INFO  o.e.m.c.i.embedder.EclipseLogger - Copying 0 resource
2024-08-08 20:27:48,749 [Worker-44: Building] INFO  o.e.m.c.i.embedder.EclipseLogger - Using 'UTF-8' encoding to copy filtered resources.
2024-08-08 20:27:48,749 [Worker-44: Building] INFO  o.e.m.c.i.embedder.EclipseLogger - Using 'UTF-8' encoding to copy filtered properties files.
2024-08-08 20:27:48,749 [Worker-44: Building] INFO  o.e.m.c.i.embedder.EclipseLogger - skip non existing resourceDirectory D:\Sunbeam_Cdac\CDAC\FinalProject_J004\Project\Project\spring_boot_backend_security_jwt_template\src\test\resources
2024-08-08 20:28:01,891 [Worker-44: Updating Maven Project] INFO  o.e.m.c.i.p.ProjectConfigurationManager - Update started
2024-08-08 20:28:02,235 [Worker-44: Updating Maven Project] INFO  o.e.m.c.i.l.LifecycleMappingFactory - Using org.eclipse.m2e.jdt.JarLifecycleMapping lifecycle mapping for MavenProject: com.example:spring_boot_backend_security_jwt_template:0.0.1 @ D:\Sunbeam_Cdac\CDAC\FinalProject_J004\Project\Project\spring_boot_backend_security_jwt_template\pom.xml.
2024-08-08 20:28:02,860 [Worker-44: Updating Maven Project] INFO  o.e.m.j.i.AbstractJavaProjectConfigurator - Adding source folder /spring_boot_backend_security_jwt_template/src/main/java
2024-08-08 20:28:02,860 [Worker-44: Updating Maven Project] INFO  o.e.m.j.i.AbstractJavaProjectConfigurator - Adding resource folder /spring_boot_backend_security_jwt_template/src/main/resources
2024-08-08 20:28:02,860 [Worker-44: Updating Maven Project] INFO  o.e.m.j.i.AbstractJavaProjectConfigurator - Adding resource folder /spring_boot_backend_security_jwt_template/src/main/resources
2024-08-08 20:28:02,860 [Worker-44: Updating Maven Project] INFO  o.e.m.j.i.AbstractJavaProjectConfigurator - Adding source folder /spring_boot_backend_security_jwt_template/src/test/java
2024-08-08 20:28:03,016 [Worker-44: Updating Maven Project] INFO  o.e.m.c.i.p.ProjectConfigurationManager - Update completed: 1 sec
2024-08-08 20:28:04,188 [Worker-48: Building] INFO  o.e.m.c.i.embedder.EclipseLogger - Using 'UTF-8' encoding to copy filtered resources.
2024-08-08 20:28:04,188 [Worker-48: Building] INFO  o.e.m.c.i.embedder.EclipseLogger - Using 'UTF-8' encoding to copy filtered properties files.
2024-08-08 20:28:04,188 [Worker-48: Building] INFO  o.e.m.c.i.embedder.EclipseLogger - Copying 1 resource
2024-08-08 20:28:04,204 [Worker-48: Building] INFO  o.e.m.c.i.embedder.EclipseLogger - Copying 0 resource
2024-08-08 20:28:04,204 [Worker-48: Building] INFO  o.e.m.c.i.embedder.EclipseLogger - Using 'UTF-8' encoding to copy filtered resources.
2024-08-08 20:28:04,219 [Worker-48: Building] INFO  o.e.m.c.i.embedder.EclipseLogger - Using 'UTF-8' encoding to copy filtered properties files.
2024-08-08 20:28:04,219 [Worker-48: Building] INFO  o.e.m.c.i.embedder.EclipseLogger - skip non existing resourceDirectory D:\Sunbeam_Cdac\CDAC\FinalProject_J004\Project\Project\spring_boot_backend_security_jwt_template\src\test\resources
2024-08-08 20:28:13,569 [Worker-51: Building] INFO  o.e.m.c.i.l.LifecycleMappingFactory - Using org.eclipse.m2e.jdt.JarLifecycleMapping lifecycle mapping for MavenProject: com.example:spring_boot_backend_security_jwt_template:0.0.1 @ D:\Sunbeam_Cdac\CDAC\FinalProject_J004\Project\Project\spring_boot_backend_security_jwt_template\pom.xml.
2024-08-08 20:28:14,131 [Worker-51: Building] INFO  o.e.m.c.i.embedder.EclipseLogger - Using 'UTF-8' encoding to copy filtered resources.
2024-08-08 20:28:14,131 [Worker-51: Building] INFO  o.e.m.c.i.embedder.EclipseLogger - Using 'UTF-8' encoding to copy filtered properties files.
2024-08-08 20:28:14,131 [Worker-51: Building] INFO  o.e.m.c.i.embedder.EclipseLogger - Copying 0 resource
2024-08-08 20:28:14,131 [Worker-51: Building] INFO  o.e.m.c.i.embedder.EclipseLogger - Copying 0 resource
2024-08-08 20:28:14,131 [Worker-51: Building] INFO  o.e.m.c.i.embedder.EclipseLogger - Using 'UTF-8' encoding to copy filtered resources.
2024-08-08 20:28:14,131 [Worker-51: Building] INFO  o.e.m.c.i.embedder.EclipseLogger - Using 'UTF-8' encoding to copy filtered properties files.
2024-08-08 20:28:14,131 [Worker-51: Building] INFO  o.e.m.c.i.embedder.EclipseLogger - skip non existing resourceDirectory D:\Sunbeam_Cdac\CDAC\FinalProject_J004\Project\Project\spring_boot_backend_security_jwt_template\src\test\resources
2024-08-08 20:28:45,422 [Worker-44: Building] INFO  o.e.m.c.i.embedder.EclipseLogger - Using 'UTF-8' encoding to copy filtered resources.
2024-08-08 20:28:45,422 [Worker-44: Building] INFO  o.e.m.c.i.embedder.EclipseLogger - Using 'UTF-8' encoding to copy filtered properties files.
2024-08-08 20:28:45,422 [Worker-44: Building] INFO  o.e.m.c.i.embedder.EclipseLogger - Copying 1 resource
2024-08-08 20:28:45,453 [Worker-44: Building] INFO  o.e.m.c.i.embedder.EclipseLogger - Copying 0 resource
2024-08-08 20:28:45,453 [Worker-44: Building] INFO  o.e.m.c.i.embedder.EclipseLogger - Using 'UTF-8' encoding to copy filtered resources.
2024-08-08 20:28:45,453 [Worker-44: Building] INFO  o.e.m.c.i.embedder.EclipseLogger - Using 'UTF-8' encoding to copy filtered properties files.
2024-08-08 20:28:45,453 [Worker-44: Building] INFO  o.e.m.c.i.embedder.EclipseLogger - skip non existing resourceDirectory D:\Sunbeam_Cdac\CDAC\FinalProject_J004\Project\Project\spring_boot_backend_security_jwt_template\src\test\resources
2024-08-08 20:28:52,533 [Worker-44: Updating Maven Project] INFO  o.e.m.c.i.p.ProjectConfigurationManager - Update started
2024-08-08 20:28:52,847 [Worker-44: Updating Maven Project] INFO  o.e.m.c.i.l.LifecycleMappingFactory - Using org.eclipse.m2e.jdt.JarLifecycleMapping lifecycle mapping for MavenProject: com.example:spring_boot_backend_security_jwt_template:0.0.1 @ D:\Sunbeam_Cdac\CDAC\FinalProject_J004\Project\Project\spring_boot_backend_security_jwt_template\pom.xml.
2024-08-08 20:28:53,487 [Worker-44: Updating Maven Project] INFO  o.e.m.j.i.AbstractJavaProjectConfigurator - Adding source folder /spring_boot_backend_security_jwt_template/src/main/java
2024-08-08 20:28:53,487 [Worker-44: Updating Maven Project] INFO  o.e.m.j.i.AbstractJavaProjectConfigurator - Adding resource folder /spring_boot_backend_security_jwt_template/src/main/resources
2024-08-08 20:28:53,487 [Worker-44: Updating Maven Project] INFO  o.e.m.j.i.AbstractJavaProjectConfigurator - Adding resource folder /spring_boot_backend_security_jwt_template/src/main/resources
2024-08-08 20:28:53,487 [Worker-44: Updating Maven Project] INFO  o.e.m.j.i.AbstractJavaProjectConfigurator - Adding source folder /spring_boot_backend_security_jwt_template/src/test/java
2024-08-08 20:28:53,643 [Worker-44: Updating Maven Project] INFO  o.e.m.c.i.p.ProjectConfigurationManager - Update completed: 1 sec
2024-08-08 20:28:54,784 [Worker-48: Building] INFO  o.e.m.c.i.embedder.EclipseLogger - Using 'UTF-8' encoding to copy filtered resources.
2024-08-08 20:28:54,784 [Worker-48: Building] INFO  o.e.m.c.i.embedder.EclipseLogger - Using 'UTF-8' encoding to copy filtered properties files.
2024-08-08 20:28:54,784 [Worker-48: Building] INFO  o.e.m.c.i.embedder.EclipseLogger - Copying 1 resource
2024-08-08 20:28:54,800 [Worker-48: Building] INFO  o.e.m.c.i.embedder.EclipseLogger - Copying 0 resource
2024-08-08 20:28:54,800 [Worker-48: Building] INFO  o.e.m.c.i.embedder.EclipseLogger - Using 'UTF-8' encoding to copy filtered resources.
2024-08-08 20:28:54,800 [Worker-48: Building] INFO  o.e.m.c.i.embedder.EclipseLogger - Using 'UTF-8' encoding to copy filtered properties files.
2024-08-08 20:28:54,800 [Worker-48: Building] INFO  o.e.m.c.i.embedder.EclipseLogger - skip non existing resourceDirectory D:\Sunbeam_Cdac\CDAC\FinalProject_J004\Project\Project\spring_boot_backend_security_jwt_template\src\test\resources
2024-08-08 20:29:35,123 [Worker-53: Building] INFO  o.e.m.c.i.embedder.EclipseLogger - Using 'UTF-8' encoding to copy filtered resources.
2024-08-08 20:29:35,123 [Worker-53: Building] INFO  o.e.m.c.i.embedder.EclipseLogger - Using 'UTF-8' encoding to copy filtered properties files.
2024-08-08 20:29:35,123 [Worker-53: Building] INFO  o.e.m.c.i.embedder.EclipseLogger - Copying 1 resource
2024-08-08 20:29:35,139 [Worker-53: Building] INFO  o.e.m.c.i.embedder.EclipseLogger - Copying 0 resource
2024-08-08 20:29:35,139 [Worker-53: Building] INFO  o.e.m.c.i.embedder.EclipseLogger - Using 'UTF-8' encoding to copy filtered resources.
2024-08-08 20:29:35,139 [Worker-53: Building] INFO  o.e.m.c.i.embedder.EclipseLogger - Using 'UTF-8' encoding to copy filtered properties files.
2024-08-08 20:29:35,139 [Worker-53: Building] INFO  o.e.m.c.i.embedder.EclipseLogger - skip non existing resourceDirectory D:\Sunbeam_Cdac\CDAC\FinalProject_J004\Project\Project\spring_boot_backend_security_jwt_template\src\test\resources
2024-08-08 20:29:49,254 [Worker-42: Building] INFO  o.e.m.c.i.embedder.EclipseLogger - Using 'UTF-8' encoding to copy filtered resources.
2024-08-08 20:29:49,254 [Worker-42: Building] INFO  o.e.m.c.i.embedder.EclipseLogger - Using 'UTF-8' encoding to copy filtered properties files.
2024-08-08 20:29:49,254 [Worker-42: Building] INFO  o.e.m.c.i.embedder.EclipseLogger - Copying 1 resource
2024-08-08 20:29:49,270 [Worker-42: Building] INFO  o.e.m.c.i.embedder.EclipseLogger - Copying 0 resource
2024-08-08 20:29:49,270 [Worker-42: Building] INFO  o.e.m.c.i.embedder.EclipseLogger - Using 'UTF-8' encoding to copy filtered resources.
2024-08-08 20:29:49,270 [Worker-42: Building] INFO  o.e.m.c.i.embedder.EclipseLogger - Using 'UTF-8' encoding to copy filtered properties files.
2024-08-08 20:29:49,270 [Worker-42: Building] INFO  o.e.m.c.i.embedder.EclipseLogger - skip non existing resourceDirectory D:\Sunbeam_Cdac\CDAC\FinalProject_J004\Project\Project\spring_boot_backend_security_jwt_template\src\test\resources
2024-08-08 20:30:16,626 [Worker-51: Launching spring_boot_backend_security_jwt_template - Application] INFO  o.e.m.c.i.embedder.EclipseLogger - Using 'UTF-8' encoding to copy filtered resources.
2024-08-08 20:30:16,626 [Worker-51: Launching spring_boot_backend_security_jwt_template - Application] INFO  o.e.m.c.i.embedder.EclipseLogger - Using 'UTF-8' encoding to copy filtered properties files.
2024-08-08 20:30:16,626 [Worker-51: Launching spring_boot_backend_security_jwt_template - Application] INFO  o.e.m.c.i.embedder.EclipseLogger - Copying 1 resource
2024-08-08 20:30:16,642 [Worker-51: Launching spring_boot_backend_security_jwt_template - Application] INFO  o.e.m.c.i.embedder.EclipseLogger - Copying 0 resource
2024-08-08 20:30:16,642 [Worker-51: Launching spring_boot_backend_security_jwt_template - Application] INFO  o.e.m.c.i.embedder.EclipseLogger - Using 'UTF-8' encoding to copy filtered resources.
2024-08-08 20:30:16,642 [Worker-51: Launching spring_boot_backend_security_jwt_template - Application] INFO  o.e.m.c.i.embedder.EclipseLogger - Using 'UTF-8' encoding to copy filtered properties files.
2024-08-08 20:30:16,642 [Worker-51: Launching spring_boot_backend_security_jwt_template - Application] INFO  o.e.m.c.i.embedder.EclipseLogger - skip non existing resourceDirectory D:\Sunbeam_Cdac\CDAC\FinalProject_J004\Project\Project\spring_boot_backend_security_jwt_template\src\test\resources
2024-08-08 20:31:18,397 [Worker-45: Building] INFO  o.e.m.c.i.embedder.EclipseLogger - Using 'UTF-8' encoding to copy filtered resources.
2024-08-08 20:31:18,397 [Worker-45: Building] INFO  o.e.m.c.i.embedder.EclipseLogger - Using 'UTF-8' encoding to copy filtered properties files.
2024-08-08 20:31:18,413 [Worker-45: Building] INFO  o.e.m.c.i.embedder.EclipseLogger - Copying 1 resource
2024-08-08 20:31:18,413 [Worker-45: Building] INFO  o.e.m.c.i.embedder.EclipseLogger - Copying 0 resource
2024-08-08 20:31:18,413 [Worker-45: Building] INFO  o.e.m.c.i.embedder.EclipseLogger - Using 'UTF-8' encoding to copy filtered resources.
2024-08-08 20:31:18,413 [Worker-45: Building] INFO  o.e.m.c.i.embedder.EclipseLogger - Using 'UTF-8' encoding to copy filtered properties files.
2024-08-08 20:31:18,413 [Worker-45: Building] INFO  o.e.m.c.i.embedder.EclipseLogger - skip non existing resourceDirectory D:\Sunbeam_Cdac\CDAC\FinalProject_J004\Project\Project\spring_boot_backend_security_jwt_template\src\test\resources
2024-08-08 20:31:50,245 [Worker-53: Updating Maven Project] INFO  o.e.m.c.i.p.ProjectConfigurationManager - Update started
2024-08-08 20:31:50,557 [Worker-53: Updating Maven Project] INFO  o.e.m.c.i.l.LifecycleMappingFactory - Using org.eclipse.m2e.jdt.JarLifecycleMapping lifecycle mapping for MavenProject: com.example:spring_boot_backend_security_jwt_template:0.0.1 @ D:\Sunbeam_Cdac\CDAC\FinalProject_J004\Project\Project\spring_boot_backend_security_jwt_template\pom.xml.
2024-08-08 20:31:51,150 [Worker-53: Updating Maven Project] INFO  o.e.m.j.i.AbstractJavaProjectConfigurator - Adding source folder /spring_boot_backend_security_jwt_template/src/main/java
2024-08-08 20:31:51,150 [Worker-53: Updating Maven Project] INFO  o.e.m.j.i.AbstractJavaProjectConfigurator - Adding resource folder /spring_boot_backend_security_jwt_template/src/main/resources
2024-08-08 20:31:51,150 [Worker-53: Updating Maven Project] INFO  o.e.m.j.i.AbstractJavaProjectConfigurator - Adding resource folder /spring_boot_backend_security_jwt_template/src/main/resources
2024-08-08 20:31:51,150 [Worker-53: Updating Maven Project] INFO  o.e.m.j.i.AbstractJavaProjectConfigurator - Adding source folder /spring_boot_backend_security_jwt_template/src/test/java
2024-08-08 20:31:51,290 [Worker-53: Updating Maven Project] INFO  o.e.m.c.i.p.ProjectConfigurationManager - Update completed: 1 sec
2024-08-08 20:31:52,432 [Worker-54: Building] INFO  o.e.m.c.i.embedder.EclipseLogger - Using 'UTF-8' encoding to copy filtered resources.
2024-08-08 20:31:52,432 [Worker-54: Building] INFO  o.e.m.c.i.embedder.EclipseLogger - Using 'UTF-8' encoding to copy filtered properties files.
2024-08-08 20:31:52,432 [Worker-54: Building] INFO  o.e.m.c.i.embedder.EclipseLogger - Copying 1 resource
2024-08-08 20:31:52,448 [Worker-54: Building] INFO  o.e.m.c.i.embedder.EclipseLogger - Copying 0 resource
2024-08-08 20:31:52,448 [Worker-54: Building] INFO  o.e.m.c.i.embedder.EclipseLogger - Using 'UTF-8' encoding to copy filtered resources.
2024-08-08 20:31:52,448 [Worker-54: Building] INFO  o.e.m.c.i.embedder.EclipseLogger - Using 'UTF-8' encoding to copy filtered properties files.
2024-08-08 20:31:52,448 [Worker-54: Building] INFO  o.e.m.c.i.embedder.EclipseLogger - skip non existing resourceDirectory D:\Sunbeam_Cdac\CDAC\FinalProject_J004\Project\Project\spring_boot_backend_security_jwt_template\src\test\resources
2024-08-08 20:33:56,917 [Worker-56: Building] INFO  o.e.m.c.i.embedder.EclipseLogger - Using 'UTF-8' encoding to copy filtered resources.
2024-08-08 20:33:56,917 [Worker-56: Building] INFO  o.e.m.c.i.embedder.EclipseLogger - Using 'UTF-8' encoding to copy filtered properties files.
2024-08-08 20:33:56,917 [Worker-56: Building] INFO  o.e.m.c.i.embedder.EclipseLogger - Copying 1 resource
2024-08-08 20:33:56,917 [Worker-56: Building] INFO  o.e.m.c.i.embedder.EclipseLogger - Copying 0 resource
2024-08-08 20:33:56,917 [Worker-56: Building] INFO  o.e.m.c.i.embedder.EclipseLogger - Using 'UTF-8' encoding to copy filtered resources.
2024-08-08 20:33:56,917 [Worker-56: Building] INFO  o.e.m.c.i.embedder.EclipseLogger - Using 'UTF-8' encoding to copy filtered properties files.
2024-08-08 20:33:56,917 [Worker-56: Building] INFO  o.e.m.c.i.embedder.EclipseLogger - skip non existing resourceDirectory D:\Sunbeam_Cdac\CDAC\FinalProject_J004\Project\Project\spring_boot_backend_security_jwt_template\src\test\resources
2024-08-08 20:35:40,669 [Worker-45: Building] INFO  o.e.m.c.i.embedder.EclipseLogger - Using 'UTF-8' encoding to copy filtered resources.
2024-08-08 20:35:40,669 [Worker-45: Building] INFO  o.e.m.c.i.embedder.EclipseLogger - Using 'UTF-8' encoding to copy filtered properties files.
2024-08-08 20:35:40,669 [Worker-45: Building] INFO  o.e.m.c.i.embedder.EclipseLogger - Copying 1 resource
2024-08-08 20:35:40,685 [Worker-45: Building] INFO  o.e.m.c.i.embedder.EclipseLogger - Copying 0 resource
2024-08-08 20:35:40,685 [Worker-45: Building] INFO  o.e.m.c.i.embedder.EclipseLogger - Using 'UTF-8' encoding to copy filtered resources.
2024-08-08 20:35:40,685 [Worker-45: Building] INFO  o.e.m.c.i.embedder.EclipseLogger - Using 'UTF-8' encoding to copy filtered properties files.
2024-08-08 20:35:40,685 [Worker-45: Building] INFO  o.e.m.c.i.embedder.EclipseLogger - skip non existing resourceDirectory D:\Sunbeam_Cdac\CDAC\FinalProject_J004\Project\Project\spring_boot_backend_security_jwt_template\src\test\resources
2024-08-08 20:36:15,865 [Worker-55: Building] INFO  o.e.m.c.i.embedder.EclipseLogger - Using 'UTF-8' encoding to copy filtered resources.
2024-08-08 20:36:15,865 [Worker-55: Building] INFO  o.e.m.c.i.embedder.EclipseLogger - Using 'UTF-8' encoding to copy filtered properties files.
2024-08-08 20:36:15,865 [Worker-55: Building] INFO  o.e.m.c.i.embedder.EclipseLogger - Copying 1 resource
2024-08-08 20:36:15,880 [Worker-55: Building] INFO  o.e.m.c.i.embedder.EclipseLogger - Copying 0 resource
2024-08-08 20:36:15,880 [Worker-55: Building] INFO  o.e.m.c.i.embedder.EclipseLogger - Using 'UTF-8' encoding to copy filtered resources.
2024-08-08 20:36:15,880 [Worker-55: Building] INFO  o.e.m.c.i.embedder.EclipseLogger - Using 'UTF-8' encoding to copy filtered properties files.
2024-08-08 20:36:15,880 [Worker-55: Building] INFO  o.e.m.c.i.embedder.EclipseLogger - skip non existing resourceDirectory D:\Sunbeam_Cdac\CDAC\FinalProject_J004\Project\Project\spring_boot_backend_security_jwt_template\src\test\resources
2024-08-08 20:36:24,685 [Worker-48: Updating Maven Project] INFO  o.e.m.c.i.p.ProjectConfigurationManager - Update started
2024-08-08 20:36:24,998 [Worker-48: Updating Maven Project] INFO  o.e.m.c.i.l.LifecycleMappingFactory - Using org.eclipse.m2e.jdt.JarLifecycleMapping lifecycle mapping for MavenProject: com.example:spring_boot_backend_security_jwt_template:0.0.1 @ D:\Sunbeam_Cdac\CDAC\FinalProject_J004\Project\Project\spring_boot_backend_security_jwt_template\pom.xml.
2024-08-08 20:36:25,529 [Worker-48: Updating Maven Project] INFO  o.e.m.j.i.AbstractJavaProjectConfigurator - Adding source folder /spring_boot_backend_security_jwt_template/src/main/java
2024-08-08 20:36:25,529 [Worker-48: Updating Maven Project] INFO  o.e.m.j.i.AbstractJavaProjectConfigurator - Adding resource folder /spring_boot_backend_security_jwt_template/src/main/resources
2024-08-08 20:36:25,529 [Worker-48: Updating Maven Project] INFO  o.e.m.j.i.AbstractJavaProjectConfigurator - Adding resource folder /spring_boot_backend_security_jwt_template/src/main/resources
2024-08-08 20:36:25,529 [Worker-48: Updating Maven Project] INFO  o.e.m.j.i.AbstractJavaProjectConfigurator - Adding source folder /spring_boot_backend_security_jwt_template/src/test/java
2024-08-08 20:36:25,669 [Worker-48: Updating Maven Project] INFO  o.e.m.c.i.p.ProjectConfigurationManager - Update completed: 0 sec
2024-08-08 20:36:26,779 [Worker-57: Building] INFO  o.e.m.c.i.embedder.EclipseLogger - Using 'UTF-8' encoding to copy filtered resources.
2024-08-08 20:36:26,779 [Worker-57: Building] INFO  o.e.m.c.i.embedder.EclipseLogger - Using 'UTF-8' encoding to copy filtered properties files.
2024-08-08 20:36:26,779 [Worker-57: Building] INFO  o.e.m.c.i.embedder.EclipseLogger - Copying 1 resource
2024-08-08 20:36:26,794 [Worker-57: Building] INFO  o.e.m.c.i.embedder.EclipseLogger - Copying 0 resource
2024-08-08 20:36:26,794 [Worker-57: Building] INFO  o.e.m.c.i.embedder.EclipseLogger - Using 'UTF-8' encoding to copy filtered resources.
2024-08-08 20:36:26,794 [Worker-57: Building] INFO  o.e.m.c.i.embedder.EclipseLogger - Using 'UTF-8' encoding to copy filtered properties files.
2024-08-08 20:36:26,794 [Worker-57: Building] INFO  o.e.m.c.i.embedder.EclipseLogger - skip non existing resourceDirectory D:\Sunbeam_Cdac\CDAC\FinalProject_J004\Project\Project\spring_boot_backend_security_jwt_template\src\test\resources
2024-08-08 21:36:24,927 [Worker-77: Building] INFO  o.e.m.c.i.embedder.EclipseLogger - Using 'UTF-8' encoding to copy filtered resources.
2024-08-08 21:36:24,927 [Worker-77: Building] INFO  o.e.m.c.i.embedder.EclipseLogger - Using 'UTF-8' encoding to copy filtered properties files.
2024-08-08 21:36:24,927 [Worker-77: Building] INFO  o.e.m.c.i.embedder.EclipseLogger - Copying 1 resource
2024-08-08 21:36:24,958 [Worker-77: Building] INFO  o.e.m.c.i.embedder.EclipseLogger - Copying 0 resource
2024-08-08 21:36:24,958 [Worker-77: Building] INFO  o.e.m.c.i.embedder.EclipseLogger - Using 'UTF-8' encoding to copy filtered resources.
2024-08-08 21:36:24,958 [Worker-77: Building] INFO  o.e.m.c.i.embedder.EclipseLogger - Using 'UTF-8' encoding to copy filtered properties files.
2024-08-08 21:36:24,958 [Worker-77: Building] INFO  o.e.m.c.i.embedder.EclipseLogger - skip non existing resourceDirectory D:\Sunbeam_Cdac\CDAC\FinalProject_J004\Project\Project\spring_boot_backend_security_jwt_template\src\test\resources
2024-08-08 21:36:33,104 [Worker-78: Building] INFO  o.e.m.c.i.embedder.EclipseLogger - Using 'UTF-8' encoding to copy filtered resources.
2024-08-08 21:36:33,104 [Worker-78: Building] INFO  o.e.m.c.i.embedder.EclipseLogger - Using 'UTF-8' encoding to copy filtered properties files.
2024-08-08 21:36:33,104 [Worker-78: Building] INFO  o.e.m.c.i.embedder.EclipseLogger - Copying 1 resource
2024-08-08 21:36:33,120 [Worker-78: Building] INFO  o.e.m.c.i.embedder.EclipseLogger - Copying 0 resource
2024-08-08 21:36:33,120 [Worker-78: Building] INFO  o.e.m.c.i.embedder.EclipseLogger - Using 'UTF-8' encoding to copy filtered resources.
2024-08-08 21:36:33,120 [Worker-78: Building] INFO  o.e.m.c.i.embedder.EclipseLogger - Using 'UTF-8' encoding to copy filtered properties files.
2024-08-08 21:36:33,120 [Worker-78: Building] INFO  o.e.m.c.i.embedder.EclipseLogger - skip non existing resourceDirectory D:\Sunbeam_Cdac\CDAC\FinalProject_J004\Project\Project\spring_boot_backend_security_jwt_template\src\test\resources
2024-08-08 21:37:28,142 [Worker-79: Building] INFO  o.e.m.c.i.embedder.EclipseLogger - Using 'UTF-8' encoding to copy filtered resources.
2024-08-08 21:37:28,142 [Worker-79: Building] INFO  o.e.m.c.i.embedder.EclipseLogger - Using 'UTF-8' encoding to copy filtered properties files.
2024-08-08 21:37:28,142 [Worker-79: Building] INFO  o.e.m.c.i.embedder.EclipseLogger - Copying 1 resource
2024-08-08 21:37:28,157 [Worker-79: Building] INFO  o.e.m.c.i.embedder.EclipseLogger - Copying 0 resource
2024-08-08 21:37:28,157 [Worker-79: Building] INFO  o.e.m.c.i.embedder.EclipseLogger - Using 'UTF-8' encoding to copy filtered resources.
2024-08-08 21:37:28,157 [Worker-79: Building] INFO  o.e.m.c.i.embedder.EclipseLogger - Using 'UTF-8' encoding to copy filtered properties files.
2024-08-08 21:37:28,157 [Worker-79: Building] INFO  o.e.m.c.i.embedder.EclipseLogger - skip non existing resourceDirectory D:\Sunbeam_Cdac\CDAC\FinalProject_J004\Project\Project\spring_boot_backend_security_jwt_template\src\test\resources
2024-08-08 22:12:17,425 [Worker-85: Building] INFO  o.e.m.c.i.embedder.EclipseLogger - Using 'UTF-8' encoding to copy filtered resources.
2024-08-08 22:12:17,425 [Worker-85: Building] INFO  o.e.m.c.i.embedder.EclipseLogger - Using 'UTF-8' encoding to copy filtered properties files.
2024-08-08 22:12:17,425 [Worker-85: Building] INFO  o.e.m.c.i.embedder.EclipseLogger - Copying 1 resource
2024-08-08 22:12:17,441 [Worker-85: Building] INFO  o.e.m.c.i.embedder.EclipseLogger - Copying 0 resource
2024-08-08 22:12:17,441 [Worker-85: Building] INFO  o.e.m.c.i.embedder.EclipseLogger - Using 'UTF-8' encoding to copy filtered resources.
2024-08-08 22:12:17,441 [Worker-85: Building] INFO  o.e.m.c.i.embedder.EclipseLogger - Using 'UTF-8' encoding to copy filtered properties files.
2024-08-08 22:12:17,441 [Worker-85: Building] INFO  o.e.m.c.i.embedder.EclipseLogger - skip non existing resourceDirectory D:\Sunbeam_Cdac\CDAC\FinalProject_J004\Project\Project\spring_boot_backend_security_jwt_template\src\test\resources
2024-08-08 23:14:54,555 [Worker-103: Building] INFO  o.e.m.c.i.embedder.EclipseLogger - Using 'UTF-8' encoding to copy filtered resources.
2024-08-08 23:14:54,555 [Worker-103: Building] INFO  o.e.m.c.i.embedder.EclipseLogger - Using 'UTF-8' encoding to copy filtered properties files.
2024-08-08 23:14:54,556 [Worker-103: Building] INFO  o.e.m.c.i.embedder.EclipseLogger - Copying 1 resource
2024-08-08 23:14:54,595 [Worker-103: Building] INFO  o.e.m.c.i.embedder.EclipseLogger - Copying 0 resource
2024-08-08 23:14:54,598 [Worker-103: Building] INFO  o.e.m.c.i.embedder.EclipseLogger - Using 'UTF-8' encoding to copy filtered resources.
2024-08-08 23:14:54,598 [Worker-103: Building] INFO  o.e.m.c.i.embedder.EclipseLogger - Using 'UTF-8' encoding to copy filtered properties files.
2024-08-08 23:14:54,598 [Worker-103: Building] INFO  o.e.m.c.i.embedder.EclipseLogger - skip non existing resourceDirectory D:\Sunbeam_Cdac\CDAC\FinalProject_J004\Project\Project\spring_boot_backend_security_jwt_template\src\test\resources
2024-08-09 07:43:46,039 [Worker-217: Building] INFO  o.e.m.c.i.embedder.EclipseLogger - Using 'UTF-8' encoding to copy filtered resources.
2024-08-09 07:43:46,039 [Worker-217: Building] INFO  o.e.m.c.i.embedder.EclipseLogger - Using 'UTF-8' encoding to copy filtered properties files.
2024-08-09 07:43:46,039 [Worker-217: Building] INFO  o.e.m.c.i.embedder.EclipseLogger - Copying 1 resource
2024-08-09 07:43:46,133 [Worker-217: Building] INFO  o.e.m.c.i.embedder.EclipseLogger - Copying 0 resource
2024-08-09 07:43:46,133 [Worker-217: Building] INFO  o.e.m.c.i.embedder.EclipseLogger - Using 'UTF-8' encoding to copy filtered resources.
2024-08-09 07:43:46,133 [Worker-217: Building] INFO  o.e.m.c.i.embedder.EclipseLogger - Using 'UTF-8' encoding to copy filtered properties files.
2024-08-09 07:43:46,133 [Worker-217: Building] INFO  o.e.m.c.i.embedder.EclipseLogger - skip non existing resourceDirectory D:\Sunbeam_Cdac\CDAC\FinalProject_J004\Project\Project\spring_boot_backend_security_jwt_template\src\test\resources
2024-08-09 08:04:33,407 [Worker-223: Building] INFO  o.e.m.c.i.embedder.EclipseLogger - Using 'UTF-8' encoding to copy filtered resources.
2024-08-09 08:04:33,407 [Worker-223: Building] INFO  o.e.m.c.i.embedder.EclipseLogger - Using 'UTF-8' encoding to copy filtered properties files.
2024-08-09 08:04:33,408 [Worker-223: Building] INFO  o.e.m.c.i.embedder.EclipseLogger - Copying 1 resource
2024-08-09 08:04:33,493 [Worker-223: Building] INFO  o.e.m.c.i.embedder.EclipseLogger - Copying 0 resource
2024-08-09 08:04:33,496 [Worker-223: Building] INFO  o.e.m.c.i.embedder.EclipseLogger - Using 'UTF-8' encoding to copy filtered resources.
2024-08-09 08:04:33,496 [Worker-223: Building] INFO  o.e.m.c.i.embedder.EclipseLogger - Using 'UTF-8' encoding to copy filtered properties files.
2024-08-09 08:04:33,496 [Worker-223: Building] INFO  o.e.m.c.i.embedder.EclipseLogger - skip non existing resourceDirectory D:\Sunbeam_Cdac\CDAC\FinalProject_J004\Project\Project\spring_boot_backend_security_jwt_template\src\test\resources
2024-08-09 08:05:23,461 [Worker-217: Building] INFO  o.e.m.c.i.embedder.EclipseLogger - Using 'UTF-8' encoding to copy filtered resources.
2024-08-09 08:05:23,461 [Worker-217: Building] INFO  o.e.m.c.i.embedder.EclipseLogger - Using 'UTF-8' encoding to copy filtered properties files.
2024-08-09 08:05:23,461 [Worker-217: Building] INFO  o.e.m.c.i.embedder.EclipseLogger - Copying 1 resource
2024-08-09 08:05:23,474 [Worker-217: Building] INFO  o.e.m.c.i.embedder.EclipseLogger - Copying 0 resource
2024-08-09 08:05:23,481 [Worker-217: Building] INFO  o.e.m.c.i.embedder.EclipseLogger - Using 'UTF-8' encoding to copy filtered resources.
2024-08-09 08:05:23,481 [Worker-217: Building] INFO  o.e.m.c.i.embedder.EclipseLogger - Using 'UTF-8' encoding to copy filtered properties files.
2024-08-09 08:05:23,481 [Worker-217: Building] INFO  o.e.m.c.i.embedder.EclipseLogger - skip non existing resourceDirectory D:\Sunbeam_Cdac\CDAC\FinalProject_J004\Project\Project\spring_boot_backend_security_jwt_template\src\test\resources
2024-08-09 08:06:42,182 [Worker-224: Building] INFO  o.e.m.c.i.embedder.EclipseLogger - Using 'UTF-8' encoding to copy filtered resources.
2024-08-09 08:06:42,182 [Worker-224: Building] INFO  o.e.m.c.i.embedder.EclipseLogger - Using 'UTF-8' encoding to copy filtered properties files.
2024-08-09 08:06:42,182 [Worker-224: Building] INFO  o.e.m.c.i.embedder.EclipseLogger - Copying 1 resource
2024-08-09 08:06:42,182 [Worker-224: Building] INFO  o.e.m.c.i.embedder.EclipseLogger - Copying 0 resource
2024-08-09 08:06:42,182 [Worker-224: Building] INFO  o.e.m.c.i.embedder.EclipseLogger - Using 'UTF-8' encoding to copy filtered resources.
2024-08-09 08:06:42,182 [Worker-224: Building] INFO  o.e.m.c.i.embedder.EclipseLogger - Using 'UTF-8' encoding to copy filtered properties files.
2024-08-09 08:06:42,182 [Worker-224: Building] INFO  o.e.m.c.i.embedder.EclipseLogger - skip non existing resourceDirectory D:\Sunbeam_Cdac\CDAC\FinalProject_J004\Project\Project\spring_boot_backend_security_jwt_template\src\test\resources
2024-08-09 08:15:02,280 [Worker-224: Building] INFO  o.e.m.c.i.embedder.EclipseLogger - Using 'UTF-8' encoding to copy filtered resources.
2024-08-09 08:15:02,280 [Worker-224: Building] INFO  o.e.m.c.i.embedder.EclipseLogger - Using 'UTF-8' encoding to copy filtered properties files.
2024-08-09 08:15:02,281 [Worker-224: Building] INFO  o.e.m.c.i.embedder.EclipseLogger - Copying 1 resource
2024-08-09 08:15:02,381 [Worker-224: Building] INFO  o.e.m.c.i.embedder.EclipseLogger - Copying 0 resource
2024-08-09 08:15:02,382 [Worker-224: Building] INFO  o.e.m.c.i.embedder.EclipseLogger - Using 'UTF-8' encoding to copy filtered resources.
2024-08-09 08:15:02,382 [Worker-224: Building] INFO  o.e.m.c.i.embedder.EclipseLogger - Using 'UTF-8' encoding to copy filtered properties files.
2024-08-09 08:15:02,382 [Worker-224: Building] INFO  o.e.m.c.i.embedder.EclipseLogger - skip non existing resourceDirectory D:\Sunbeam_Cdac\CDAC\FinalProject_J004\Project\Project\spring_boot_backend_security_jwt_template\src\test\resources
2024-08-09 10:15:19,506 [Worker-248: Building] INFO  o.e.m.c.i.embedder.EclipseLogger - Using 'UTF-8' encoding to copy filtered resources.
2024-08-09 10:15:19,506 [Worker-248: Building] INFO  o.e.m.c.i.embedder.EclipseLogger - Using 'UTF-8' encoding to copy filtered properties files.
2024-08-09 10:15:19,506 [Worker-248: Building] INFO  o.e.m.c.i.embedder.EclipseLogger - Copying 1 resource
2024-08-09 10:15:19,537 [Worker-248: Building] INFO  o.e.m.c.i.embedder.EclipseLogger - Copying 0 resource
2024-08-09 10:15:19,552 [Worker-248: Building] INFO  o.e.m.c.i.embedder.EclipseLogger - Using 'UTF-8' encoding to copy filtered resources.
2024-08-09 10:15:19,552 [Worker-248: Building] INFO  o.e.m.c.i.embedder.EclipseLogger - Using 'UTF-8' encoding to copy filtered properties files.
2024-08-09 10:15:19,552 [Worker-248: Building] INFO  o.e.m.c.i.embedder.EclipseLogger - skip non existing resourceDirectory D:\Sunbeam_Cdac\CDAC\FinalProject_J004\Project\Project\spring_boot_backend_security_jwt_template\src\test\resources
2024-08-09 10:15:31,084 [Worker-248: Building] INFO  o.e.m.c.i.embedder.EclipseLogger - Using 'UTF-8' encoding to copy filtered resources.
2024-08-09 10:15:31,084 [Worker-248: Building] INFO  o.e.m.c.i.embedder.EclipseLogger - Using 'UTF-8' encoding to copy filtered properties files.
2024-08-09 10:15:31,084 [Worker-248: Building] INFO  o.e.m.c.i.embedder.EclipseLogger - Copying 1 resource
2024-08-09 10:15:31,100 [Worker-248: Building] INFO  o.e.m.c.i.embedder.EclipseLogger - Copying 0 resource
2024-08-09 10:15:31,100 [Worker-248: Building] INFO  o.e.m.c.i.embedder.EclipseLogger - Using 'UTF-8' encoding to copy filtered resources.
2024-08-09 10:15:31,100 [Worker-248: Building] INFO  o.e.m.c.i.embedder.EclipseLogger - Using 'UTF-8' encoding to copy filtered properties files.
2024-08-09 10:15:31,100 [Worker-248: Building] INFO  o.e.m.c.i.embedder.EclipseLogger - skip non existing resourceDirectory D:\Sunbeam_Cdac\CDAC\FinalProject_J004\Project\Project\spring_boot_backend_security_jwt_template\src\test\resources
2024-08-09 10:15:49,139 [Worker-252: Building] INFO  o.e.m.c.i.embedder.EclipseLogger - Using 'UTF-8' encoding to copy filtered resources.
2024-08-09 10:15:49,139 [Worker-252: Building] INFO  o.e.m.c.i.embedder.EclipseLogger - Using 'UTF-8' encoding to copy filtered properties files.
2024-08-09 10:15:49,139 [Worker-252: Building] INFO  o.e.m.c.i.embedder.EclipseLogger - Copying 1 resource
2024-08-09 10:15:49,155 [Worker-252: Building] INFO  o.e.m.c.i.embedder.EclipseLogger - Copying 0 resource
2024-08-09 10:15:49,155 [Worker-252: Building] INFO  o.e.m.c.i.embedder.EclipseLogger - Using 'UTF-8' encoding to copy filtered resources.
2024-08-09 10:15:49,155 [Worker-252: Building] INFO  o.e.m.c.i.embedder.EclipseLogger - Using 'UTF-8' encoding to copy filtered properties files.
2024-08-09 10:15:49,155 [Worker-252: Building] INFO  o.e.m.c.i.embedder.EclipseLogger - skip non existing resourceDirectory D:\Sunbeam_Cdac\CDAC\FinalProject_J004\Project\Project\spring_boot_backend_security_jwt_template\src\test\resources
2024-08-09 10:17:12,879 [Worker-0: Loading available Gradle versions] INFO  o.e.b.c.i.u.g.PublishedGradleVersions - Gradle version information cache is up-to-date. Trying to read.
2024-08-09 10:17:22,496 [Worker-7: Updating Maven Project] INFO  o.e.m.c.i.p.ProjectConfigurationManager - Update started
2024-08-09 10:17:23,700 [Worker-7: Updating Maven Project] INFO  o.e.m.c.i.l.LifecycleMappingFactory - Using org.eclipse.m2e.jdt.JarLifecycleMapping lifecycle mapping for MavenProject: com.example:spring_boot_backend_security_jwt_template:0.0.1 @ D:\Sunbeam_Cdac\CDAC\FinalProject_J004\Project\Project\spring_boot_backend_security_jwt_template\pom.xml.
2024-08-09 10:17:25,138 [Worker-7: Updating Maven Project] INFO  o.e.m.j.i.AbstractJavaProjectConfigurator - Adding source folder /spring_boot_backend_security_jwt_template/src/main/java
2024-08-09 10:17:25,138 [Worker-7: Updating Maven Project] INFO  o.e.m.j.i.AbstractJavaProjectConfigurator - Adding resource folder /spring_boot_backend_security_jwt_template/src/main/resources
2024-08-09 10:17:25,138 [Worker-7: Updating Maven Project] INFO  o.e.m.j.i.AbstractJavaProjectConfigurator - Adding resource folder /spring_boot_backend_security_jwt_template/src/main/resources
2024-08-09 10:17:25,138 [Worker-7: Updating Maven Project] INFO  o.e.m.j.i.AbstractJavaProjectConfigurator - Adding source folder /spring_boot_backend_security_jwt_template/src/test/java
2024-08-09 10:17:25,670 [Worker-7: Updating Maven Project] INFO  o.e.m.c.i.p.ProjectConfigurationManager - Update completed: 3 sec
2024-08-09 10:17:29,390 [Worker-6: Building] INFO  o.e.m.c.i.embedder.EclipseLogger - Using 'UTF-8' encoding to copy filtered resources.
2024-08-09 10:17:29,390 [Worker-6: Building] INFO  o.e.m.c.i.embedder.EclipseLogger - Using 'UTF-8' encoding to copy filtered properties files.
2024-08-09 10:17:29,390 [Worker-6: Building] INFO  o.e.m.c.i.embedder.EclipseLogger - Copying 1 resource
2024-08-09 10:17:29,406 [Worker-6: Building] INFO  o.e.m.c.i.embedder.EclipseLogger - Copying 0 resource
2024-08-09 10:17:29,422 [Worker-6: Building] INFO  o.e.m.c.i.embedder.EclipseLogger - Using 'UTF-8' encoding to copy filtered resources.
2024-08-09 10:17:29,422 [Worker-6: Building] INFO  o.e.m.c.i.embedder.EclipseLogger - Using 'UTF-8' encoding to copy filtered properties files.
2024-08-09 10:17:29,422 [Worker-6: Building] INFO  o.e.m.c.i.embedder.EclipseLogger - skip non existing resourceDirectory D:\Sunbeam_Cdac\CDAC\FinalProject_J004\Project\Project\spring_boot_backend_security_jwt_template\src\test\resources
2024-08-09 10:18:49,537 [Worker-6: Building] INFO  o.e.m.c.i.l.LifecycleMappingFactory - Using org.eclipse.m2e.jdt.JarLifecycleMapping lifecycle mapping for MavenProject: com.example:spring_boot_backend_security_jwt_template:0.0.1 @ D:\Sunbeam_Cdac\CDAC\FinalProject_J004\Project\Project\spring_boot_backend_security_jwt_template\pom.xml.
2024-08-09 10:18:50,349 [Worker-6: Building] INFO  o.e.m.c.i.embedder.EclipseLogger - Using 'UTF-8' encoding to copy filtered resources.
2024-08-09 10:18:50,349 [Worker-6: Building] INFO  o.e.m.c.i.embedder.EclipseLogger - Using 'UTF-8' encoding to copy filtered properties files.
2024-08-09 10:18:50,349 [Worker-6: Building] INFO  o.e.m.c.i.embedder.EclipseLogger - Copying 0 resource
2024-08-09 10:18:50,349 [Worker-6: Building] INFO  o.e.m.c.i.embedder.EclipseLogger - Copying 0 resource
2024-08-09 10:18:50,349 [Worker-6: Building] INFO  o.e.m.c.i.embedder.EclipseLogger - Using 'UTF-8' encoding to copy filtered resources.
2024-08-09 10:18:50,349 [Worker-6: Building] INFO  o.e.m.c.i.embedder.EclipseLogger - Using 'UTF-8' encoding to copy filtered properties files.
2024-08-09 10:18:50,349 [Worker-6: Building] INFO  o.e.m.c.i.embedder.EclipseLogger - skip non existing resourceDirectory D:\Sunbeam_Cdac\CDAC\FinalProject_J004\Project\Project\spring_boot_backend_security_jwt_template\src\test\resources
2024-08-09 10:18:53,412 [Worker-12: Building] INFO  o.e.m.c.i.embedder.EclipseLogger - Using 'UTF-8' encoding to copy filtered resources.
2024-08-09 10:18:53,412 [Worker-12: Building] INFO  o.e.m.c.i.embedder.EclipseLogger - Using 'UTF-8' encoding to copy filtered properties files.
2024-08-09 10:18:53,412 [Worker-12: Building] INFO  o.e.m.c.i.embedder.EclipseLogger - Copying 1 resource
2024-08-09 10:18:53,427 [Worker-12: Building] INFO  o.e.m.c.i.embedder.EclipseLogger - Copying 0 resource
2024-08-09 10:18:53,427 [Worker-12: Building] INFO  o.e.m.c.i.embedder.EclipseLogger - Using 'UTF-8' encoding to copy filtered resources.
2024-08-09 10:18:53,427 [Worker-12: Building] INFO  o.e.m.c.i.embedder.EclipseLogger - Using 'UTF-8' encoding to copy filtered properties files.
2024-08-09 10:18:53,427 [Worker-12: Building] INFO  o.e.m.c.i.embedder.EclipseLogger - skip non existing resourceDirectory D:\Sunbeam_Cdac\CDAC\FinalProject_J004\Project\Project\spring_boot_backend_security_jwt_template\src\test\resources
2024-08-09 10:18:53,458 [Worker-11: Updating Maven Project] INFO  o.e.m.c.i.p.ProjectConfigurationManager - Update started
2024-08-09 10:18:53,927 [Worker-11: Updating Maven Project] INFO  o.e.m.c.i.l.LifecycleMappingFactory - Using org.eclipse.m2e.jdt.JarLifecycleMapping lifecycle mapping for MavenProject: com.example:spring_boot_backend_security_jwt_template:0.0.1 @ D:\Sunbeam_Cdac\CDAC\FinalProject_J004\Project\Project\spring_boot_backend_security_jwt_template\pom.xml.
2024-08-09 10:18:54,755 [Worker-11: Updating Maven Project] INFO  o.e.m.j.i.AbstractJavaProjectConfigurator - Adding source folder /spring_boot_backend_security_jwt_template/src/main/java
2024-08-09 10:18:54,755 [Worker-11: Updating Maven Project] INFO  o.e.m.j.i.AbstractJavaProjectConfigurator - Adding resource folder /spring_boot_backend_security_jwt_template/src/main/resources
2024-08-09 10:18:54,755 [Worker-11: Updating Maven Project] INFO  o.e.m.j.i.AbstractJavaProjectConfigurator - Adding resource folder /spring_boot_backend_security_jwt_template/src/main/resources
2024-08-09 10:18:54,755 [Worker-11: Updating Maven Project] INFO  o.e.m.j.i.AbstractJavaProjectConfigurator - Adding source folder /spring_boot_backend_security_jwt_template/src/test/java
2024-08-09 10:18:54,927 [Worker-11: Updating Maven Project] INFO  o.e.m.c.i.p.ProjectConfigurationManager - Update completed: 1 sec
2024-08-09 10:18:56,365 [Worker-8: Building] INFO  o.e.m.c.i.embedder.EclipseLogger - Using 'UTF-8' encoding to copy filtered resources.
2024-08-09 10:18:56,365 [Worker-8: Building] INFO  o.e.m.c.i.embedder.EclipseLogger - Using 'UTF-8' encoding to copy filtered properties files.
2024-08-09 10:18:56,365 [Worker-8: Building] INFO  o.e.m.c.i.embedder.EclipseLogger - Copying 1 resource
2024-08-09 10:18:56,396 [Worker-8: Building] INFO  o.e.m.c.i.embedder.EclipseLogger - Copying 0 resource
2024-08-09 10:18:56,396 [Worker-8: Building] INFO  o.e.m.c.i.embedder.EclipseLogger - Using 'UTF-8' encoding to copy filtered resources.
2024-08-09 10:18:56,396 [Worker-8: Building] INFO  o.e.m.c.i.embedder.EclipseLogger - Using 'UTF-8' encoding to copy filtered properties files.
2024-08-09 10:18:56,396 [Worker-8: Building] INFO  o.e.m.c.i.embedder.EclipseLogger - skip non existing resourceDirectory D:\Sunbeam_Cdac\CDAC\FinalProject_J004\Project\Project\spring_boot_backend_security_jwt_template\src\test\resources
2024-08-09 10:19:32,679 [Worker-4: Building] INFO  o.e.m.c.i.embedder.EclipseLogger - Using 'UTF-8' encoding to copy filtered resources.
2024-08-09 10:19:32,679 [Worker-4: Building] INFO  o.e.m.c.i.embedder.EclipseLogger - Using 'UTF-8' encoding to copy filtered properties files.
2024-08-09 10:19:32,679 [Worker-4: Building] INFO  o.e.m.c.i.embedder.EclipseLogger - Copying 1 resource
2024-08-09 10:19:32,695 [Worker-4: Building] INFO  o.e.m.c.i.embedder.EclipseLogger - Copying 0 resource
2024-08-09 10:19:32,695 [Worker-4: Building] INFO  o.e.m.c.i.embedder.EclipseLogger - Using 'UTF-8' encoding to copy filtered resources.
2024-08-09 10:19:32,695 [Worker-4: Building] INFO  o.e.m.c.i.embedder.EclipseLogger - Using 'UTF-8' encoding to copy filtered properties files.
2024-08-09 10:19:32,695 [Worker-4: Building] INFO  o.e.m.c.i.embedder.EclipseLogger - skip non existing resourceDirectory D:\Sunbeam_Cdac\CDAC\FinalProject_J004\Project\Project\spring_boot_backend_security_jwt_template\src\test\resources
2024-08-09 10:19:40,967 [Worker-1: Building] INFO  o.e.m.c.i.embedder.EclipseLogger - Using 'UTF-8' encoding to copy filtered resources.
2024-08-09 10:19:40,967 [Worker-1: Building] INFO  o.e.m.c.i.embedder.EclipseLogger - Using 'UTF-8' encoding to copy filtered properties files.
2024-08-09 10:19:40,967 [Worker-1: Building] INFO  o.e.m.c.i.embedder.EclipseLogger - Copying 1 resource
2024-08-09 10:19:40,982 [Worker-1: Building] INFO  o.e.m.c.i.embedder.EclipseLogger - Copying 0 resource
2024-08-09 10:19:40,982 [Worker-1: Building] INFO  o.e.m.c.i.embedder.EclipseLogger - Using 'UTF-8' encoding to copy filtered resources.
2024-08-09 10:19:40,982 [Worker-1: Building] INFO  o.e.m.c.i.embedder.EclipseLogger - Using 'UTF-8' encoding to copy filtered properties files.
2024-08-09 10:19:40,982 [Worker-1: Building] INFO  o.e.m.c.i.embedder.EclipseLogger - skip non existing resourceDirectory D:\Sunbeam_Cdac\CDAC\FinalProject_J004\Project\Project\spring_boot_backend_security_jwt_template\src\test\resources
2024-08-09 10:19:54,914 [Worker-9: Building] INFO  o.e.m.c.i.embedder.EclipseLogger - Using 'UTF-8' encoding to copy filtered resources.
2024-08-09 10:19:54,914 [Worker-9: Building] INFO  o.e.m.c.i.embedder.EclipseLogger - Using 'UTF-8' encoding to copy filtered properties files.
2024-08-09 10:19:54,914 [Worker-9: Building] INFO  o.e.m.c.i.embedder.EclipseLogger - Copying 1 resource
2024-08-09 10:19:54,930 [Worker-9: Building] INFO  o.e.m.c.i.embedder.EclipseLogger - Copying 0 resource
2024-08-09 10:19:54,930 [Worker-9: Building] INFO  o.e.m.c.i.embedder.EclipseLogger - Using 'UTF-8' encoding to copy filtered resources.
2024-08-09 10:19:54,930 [Worker-9: Building] INFO  o.e.m.c.i.embedder.EclipseLogger - Using 'UTF-8' encoding to copy filtered properties files.
2024-08-09 10:19:54,930 [Worker-9: Building] INFO  o.e.m.c.i.embedder.EclipseLogger - skip non existing resourceDirectory D:\Sunbeam_Cdac\CDAC\FinalProject_J004\Project\Project\spring_boot_backend_security_jwt_template\src\test\resources
2024-08-09 10:20:07,707 [Worker-1: Building] INFO  o.e.m.c.i.embedder.EclipseLogger - Using 'UTF-8' encoding to copy filtered resources.
2024-08-09 10:20:07,707 [Worker-1: Building] INFO  o.e.m.c.i.embedder.EclipseLogger - Using 'UTF-8' encoding to copy filtered properties files.
2024-08-09 10:20:07,707 [Worker-1: Building] INFO  o.e.m.c.i.embedder.EclipseLogger - Copying 1 resource
2024-08-09 10:20:07,723 [Worker-1: Building] INFO  o.e.m.c.i.embedder.EclipseLogger - Copying 0 resource
2024-08-09 10:20:07,723 [Worker-1: Building] INFO  o.e.m.c.i.embedder.EclipseLogger - Using 'UTF-8' encoding to copy filtered resources.
2024-08-09 10:20:07,723 [Worker-1: Building] INFO  o.e.m.c.i.embedder.EclipseLogger - Using 'UTF-8' encoding to copy filtered properties files.
2024-08-09 10:20:07,723 [Worker-1: Building] INFO  o.e.m.c.i.embedder.EclipseLogger - skip non existing resourceDirectory D:\Sunbeam_Cdac\CDAC\FinalProject_J004\Project\Project\spring_boot_backend_security_jwt_template\src\test\resources
2024-08-09 10:20:16,064 [Worker-3: Updating Maven Project] INFO  o.e.m.c.i.p.ProjectConfigurationManager - Update started
2024-08-09 10:20:16,548 [Worker-3: Updating Maven Project] INFO  o.e.m.c.i.l.LifecycleMappingFactory - Using org.eclipse.m2e.jdt.JarLifecycleMapping lifecycle mapping for MavenProject: com.example:spring_boot_backend_security_jwt_template:0.0.1 @ D:\Sunbeam_Cdac\CDAC\FinalProject_J004\Project\Project\spring_boot_backend_security_jwt_template\pom.xml.
2024-08-09 10:20:17,298 [Worker-3: Updating Maven Project] INFO  o.e.m.j.i.AbstractJavaProjectConfigurator - Adding source folder /spring_boot_backend_security_jwt_template/src/main/java
2024-08-09 10:20:17,298 [Worker-3: Updating Maven Project] INFO  o.e.m.j.i.AbstractJavaProjectConfigurator - Adding resource folder /spring_boot_backend_security_jwt_template/src/main/resources
2024-08-09 10:20:17,298 [Worker-3: Updating Maven Project] INFO  o.e.m.j.i.AbstractJavaProjectConfigurator - Adding resource folder /spring_boot_backend_security_jwt_template/src/main/resources
2024-08-09 10:20:17,298 [Worker-3: Updating Maven Project] INFO  o.e.m.j.i.AbstractJavaProjectConfigurator - Adding source folder /spring_boot_backend_security_jwt_template/src/test/java
2024-08-09 10:20:17,454 [Worker-3: Updating Maven Project] INFO  o.e.m.c.i.p.ProjectConfigurationManager - Update completed: 1 sec
2024-08-09 10:20:18,707 [Worker-12: Building] INFO  o.e.m.c.i.embedder.EclipseLogger - Using 'UTF-8' encoding to copy filtered resources.
2024-08-09 10:20:18,707 [Worker-12: Building] INFO  o.e.m.c.i.embedder.EclipseLogger - Using 'UTF-8' encoding to copy filtered properties files.
2024-08-09 10:20:18,707 [Worker-12: Building] INFO  o.e.m.c.i.embedder.EclipseLogger - Copying 1 resource
2024-08-09 10:20:18,723 [Worker-12: Building] INFO  o.e.m.c.i.embedder.EclipseLogger - Copying 0 resource
2024-08-09 10:20:18,738 [Worker-12: Building] INFO  o.e.m.c.i.embedder.EclipseLogger - Using 'UTF-8' encoding to copy filtered resources.
2024-08-09 10:20:18,738 [Worker-12: Building] INFO  o.e.m.c.i.embedder.EclipseLogger - Using 'UTF-8' encoding to copy filtered properties files.
2024-08-09 10:20:18,738 [Worker-12: Building] INFO  o.e.m.c.i.embedder.EclipseLogger - skip non existing resourceDirectory D:\Sunbeam_Cdac\CDAC\FinalProject_J004\Project\Project\spring_boot_backend_security_jwt_template\src\test\resources
2024-08-09 12:07:46,663 [Worker-39: Updating Maven Project] INFO  o.e.m.c.i.p.ProjectConfigurationManager - Update started
2024-08-09 12:07:46,663 [Worker-39: Updating Maven Project] INFO  o.e.m.c.i.p.ProjectConfigurationManager - Update completed: 0 sec
